# N3 census sheet | 289 flagged items not in the 100-sample | rules R1-R3 in the flag column | same two-part y/n test and mechanics as the sample,,,,,,,,,,
reading_order,item_id,duration_class,flags,swap_from,swap_to,clause_replaced_from,clause_replaced_to,swapped_caption_to_judge,y_or_n,notes
1,N3|1008|swap,week,R2:\bfrom\s+(?:a\s+)?(?:high|low)s?\b;\bto\s+(?:a\s+)?(?:high|low)s?\b;\bhigh\s+of\b,down,up,"The temperature ranged from a low of 1.1°C to a high of 26.1°C, with noticeable fluctuations and a general trend of cooler temperatures towards the end of the week.","The temperature ranged from a low of 1.1°C to a high of 26.1°C, with noticeable fluctuations and a general trend of hotter temperatures towards the end of the week.","Weather time series location: The weather was reported for Mohave County, Arizona. Time range: The past week from October 7 to October 13, 2021. The weather is Clear, Cloudy, Humid, Windy. The temperature ranged from a low of 1.1°C to a high of 26.1°C, with noticeable fluctuations and a general trend of hotter temperatures towards the end of the week. 
 Precipitation was minimal, with only a few instances of light rain totaling 1.1 mm, indicating predominantly dry conditions. 
 Relative humidity varied significantly, peaking at 82% and dropping to as low as 15%, showing a trend of higher humidity in the early part of the week and lower values towards the end. 
 Visibility remained consistently high, mostly around 16.09 km, with occasional drops to lower values due to localized weather conditions. 
 Wind direction fluctuated, with some strong gusts recorded, particularly towards the end of the week. 
 Wind velocity varied, with notable gusts reaching up to 16.25 km/h, indicating periods of breezy conditions. 
 The sky cover ranged from clear to partly cloudy, with a few instances of scattered clouds, particularly noted on October 8 and 9.",y,
2,N3|1010|swap,28_days,R2:\bfrom\s+(?:a\s+)?(?:high|low)s?\b;\bto\s+(?:a\s+)?(?:high|low)s?\b;\bhigh\s+of\b,up,down,"The temperature ranged from a low of -21.18°C to a high of 10.24°C, with noticeable fluctuations and a general trend of cold conditions, particularly in the first half of the period, followed by a slight warming trend towards the end.","The temperature ranged from a low of -21.18°C to a high of 10.24°C, with noticeable fluctuations and a general trend of cold conditions, particularly in the first half of the period, followed by a slight cooling trend towards the end.","Weather time series location: The weather data is for La Salle, Illinois. Time range: The past 28 days from January 22, 2020, to February 18, 2020. The weather is Cold, Cloudy, Rainy, Humid. The temperature ranged from a low of -21.18°C to a high of 10.24°C, with noticeable fluctuations and a general trend of cold conditions, particularly in the first half of the period, followed by a slight cooling trend towards the end. 
 Precipitation was consistent, with frequent light rain or snow, averaging around 0.38 mm, indicating a generally wet period with occasional heavier precipitation events. 
 Relative humidity levels were high, averaging around 85%, with a trend of increased humidity during colder days, peaking at 99% on several occasions. 
 Visibility varied significantly, with lower values during precipitation events, dropping to as low as 0.74 km, while generally remaining good at around 16.09 km during clearer conditions. 
 Wind direction fluctuated, with notable shifts from calm to stronger winds, peaking at 7.69 km/h. 
 Wind velocity showed variability, with gusts reaching up to 9.31 km/h, indicating periods of calm and stronger winds. 
 The sky cover was predominantly overcast, with many days reporting full cloud cover (8/8), interspersed with clearer conditions.",y,
3,N3|1014|swap,week,"R2:\bindicat\w+\b;\bfrom\s+(?:a\s+)?(?:high|low)s?\b;\bto\s+(?:a\s+)?(?:high|low)s?\b | R3:dropping to as low as 34%, with a general trend of decreasing humidity as temper",up,down,"The temperature ranged from a low of 14.4°C to a high of 31.1°C, showing a noticeable warming trend during the week, particularly peaking mid-week, with some fluctuations indicating volatility.","The temperature ranged from a low of 14.4°C to a high of 31.1°C, showing a noticeable cooling trend during the week, particularly peaking mid-week, with some fluctuations indicating volatility.","Weather time series location: Bucks, Pennsylvania experienced a variety of weather conditions. Time range: The past week from August 9 to August 15, 2019. The weather is Clear, Warm, Humid. The temperature ranged from a low of 14.4°C to a high of 31.1°C, showing a noticeable cooling trend during the week, particularly peaking mid-week, with some fluctuations indicating volatility. 
 There was minimal precipitation, with most hours recording 0.0 mm, and only a few instances of light rain, indicating a generally dry week. 
 Relative humidity varied significantly, starting high at 79% and dropping to as low as 34%, with a general trend of decreasing humidity as temperatures rose, suggesting a shift towards drier conditions. 
 Visibility remained consistently high throughout the week, mostly around 16.09 km, with occasional drops due to weather conditions but generally clear. 
 Wind speeds varied slightly, with most readings around 1.14 m/s, peaking at 5.36 m/s, indicating generally light winds with some stronger gusts. 
 Wind velocities showed minor fluctuations, predominantly remaining around -0.24 m/s, with occasional increases indicating light breezes. 
 The sky cover ranged from clear to overcast, with periods of scattered clouds, indicating a mix of sunny and cloudy conditions throughout the week.",n,"b: surviving humidity line says ""decreasing humidity as temperatures rose"" — anchors old upward direction"
4,N3|1015|swap,six_months,R1:six_months_window | R2:\bindicat\w+\b;\btransition\w*\s+from\b;\bfrom\s+(?:a\s+)?(?:high|low)s?\b,down,up,"The temperature has shown a noticeable decline over the period, with average daily temperatures ranging from a high of around 17.18°C to lows dipping below 3°C, indicating a transition from mild to colder conditions.","The temperature has shown a noticeable rise over the period, with average daily temperatures ranging from a high of around 17.18°C to lows dipping below 3°C, indicating a transition from mild to warmer conditions.","Weather time series location: This weather summary pertains to Humboldt County, California. Time range: The past six months have seen a range of weather patterns from August 2018 to January 2019. The weather is Cloudy, Rainy, Cold, Humid. The temperature has shown a noticeable rise over the period, with average daily temperatures ranging from a high of around 17.18°C to lows dipping below 3°C, indicating a transition from mild to warmer conditions. 
 Precipitation levels have been relatively consistent, with most days experiencing light rain, but a few outliers with higher amounts, particularly notable spikes of 3.66mm and 1.62mm. 
 Relative humidity has generally remained high, averaging around 90%, with occasional dips, particularly during colder days, but also reaching 100% on several occasions, indicating very moist conditions. 
 Visibility has varied, with most days reporting good visibility, although some days experienced lower visibility due to weather conditions. 
 Wind direction has shown variability, with both positive and negative values indicating shifts in wind patterns throughout the period. 
 Wind velocity has fluctuated, with some days experiencing calm winds while others reported gusts, particularly during stormier conditions. 
 The sky cover has ranged from clear to overcast, with a predominance of broken clouds (6/8) and overcast conditions (8/8) observed frequently.",n,"b: time range ""August 2018 to January 2019"" (six months) anchors seasonal cooling, contradicting claimed rise/warmer"
5,N3|1017|swap,six_months,R1:six_months_window | R2:\bfrom\s+(?:a\s+)?(?:high|low)s?\b;\bto\s+(?:a\s+)?(?:high|low)s?\b;\bhigh\s+of\b,down,up,"The temperature ranged from a high of 29.26°C to a low of -8.68°C, with noticeable fluctuations and a general trend towards colder temperatures as the period progressed.","The temperature ranged from a high of 29.26°C to a low of -8.68°C, with noticeable fluctuations and a general trend towards warmer temperatures as the period progressed.","Weather time series location: The weather data is from Cuyahoga, Ohio. Time range: The past six months have shown a diverse range of weather conditions. The weather is {Clear, Cloudy, Rainy, Cold, Humid, Windy}. The temperature ranged from a high of 29.26°C to a low of -8.68°C, with noticeable fluctuations and a general trend towards warmer temperatures as the period progressed. 
 Precipitation was sporadic, with several days of no rain and occasional heavier rainfall events, indicating a generally dry period with some wet spells. 
 Relative humidity varied significantly, with values ranging from 49.5% to 91.69%, showing higher humidity levels during warmer days and lower levels during colder periods. 
 Visibility remained relatively stable, mostly around 15 km, with occasional drops due to weather conditions. 
 Wind direction showed shifts, with both calm and windy days throughout the period. 
 Wind velocity varied, with notable gusts and calm periods, contributing to the overall weather variability. 
 Sky cover ranged from clear to overcast, with a predominance of cloudy days, particularly in the latter months.",y,
6,N3|1020|swap,28_days,R2:\bfrom\s+(?:a\s+)?(?:high|low)s?\b;\bto\s+(?:a\s+)?(?:high|low)s?\b;\bhigh\s+of\b,down,up,"The temperature ranged from a low of -16.12°C to a high of 24.9°C, with noticeable fluctuations and a general trend of colder temperatures as the month progressed, particularly in the first half.","The temperature ranged from a low of -16.12°C to a high of 24.9°C, with noticeable fluctuations and a general trend of warmer temperatures as the month progressed, particularly in the first half.","Weather time series location: Otero County, Colorado experienced a variety of weather conditions. Time range: The past 28 days from October 27 to November 23, 2019. The weather is Cold, Cloudy, Windy. The temperature ranged from a low of -16.12°C to a high of 24.9°C, with noticeable fluctuations and a general trend of warmer temperatures as the month progressed, particularly in the first half. 
 Precipitation was minimal, with several days recording no rain, and the highest recorded precipitation being 0.9 mm, indicating generally dry conditions throughout the period. 
 Relative humidity varied significantly, with values ranging from 12.25% to 90.88%, showing a trend of higher humidity levels during the latter part of the period. 
 Visibility was mostly good, averaging around 16.09 km, with occasional drops due to lower humidity and potential fog. 
 Wind direction fluctuated, with notable shifts from negative to positive values, reflecting changing wind patterns throughout the month. 
 Wind velocity showed variability, with gusts reaching up to 8.31 m/s, indicating periods of windy conditions. 
 The sky cover varied, with a mix of clear and overcast conditions, predominantly overcast (8/8) during the latter part of the period.",y,
7,N3|1021|swap,28_days,R2:\bindicat\w+\b;\bfrom\s+(?:a\s+)?(?:high|low)s?\b;\bto\s+(?:a\s+)?(?:high|low)s?\b,up,down,"The temperature ranged from a low of -1.38°C to a high of 30.15°C, showing a noticeable warming trend towards the end of the period, with several peaks indicating volatility.","The temperature ranged from a low of -1.38°C to a high of 30.15°C, showing a noticeable cooling trend towards the end of the period, with several peaks indicating volatility.","Weather time series location: Cheshire, New Hampshire experienced a variety of weather conditions. Time range: The past 28 days from May 12, 2020, to June 8, 2020. The weather is Clear, Cloudy, Rainy, Windy, Humid. The temperature ranged from a low of -1.38°C to a high of 30.15°C, showing a noticeable cooling trend towards the end of the period, with several peaks indicating volatility. 
 Precipitation was generally low, with most values around 0.19 mm, but there were notable spikes with values reaching up to 1.0 mm on certain days, indicating sporadic rainy conditions. 
 Relative humidity fluctuated significantly, with values ranging from 16.5% to 100%, showing a trend towards higher humidity levels in the latter part of the period, particularly during rainy days. 
 Visibility remained mostly stable, averaging around 16.09 km, with occasional drops to lower values during periods of precipitation. 
 Wind direction showed variability, with both positive and negative values indicating shifts in wind patterns throughout the month. 
 Wind velocity varied, with some strong gusts observed, particularly towards the end of the period, indicating windy conditions. 
 Sky cover varied widely, with many days experiencing overcast conditions, particularly towards the middle of the period, while clearer days were noted at the beginning and end.",y,
8,N3|1024|swap,28_days,R2:\bfrom\s+(?:a\s+)?(?:high|low)s?\b;\bto\s+(?:a\s+)?(?:high|low)s?\b;\bhigh\s+of\b,up,down,"The temperature ranged from a low of 14.5°C to a high of 29.64°C, with noticeable fluctuations and a general warming trend towards the end of the period.","The temperature ranged from a low of 14.5°C to a high of 29.64°C, with noticeable fluctuations and a general cooling trend towards the end of the period.","Weather time series location: Santa Cruz, California experienced a variety of weather conditions. Time range: The past 28 days from August 6 to September 2, 2022. The weather is Clear, Warm, Dry. The temperature ranged from a low of 14.5°C to a high of 29.64°C, with noticeable fluctuations and a general cooling trend towards the end of the period. 
 There was no recorded precipitation throughout the 28 days, indicating a dry spell. 
 Relative humidity varied between 34.36% and 91.5%, showing a trend of higher humidity levels towards the end of the period. 
 Visibility remained consistently high, mostly around 15.52 km, with minor fluctuations. 
 Wind direction varied, with values ranging from -2.25 to 2.42 m/s, suggesting a mix of wind patterns. 
 Wind velocity showed significant variability, with values ranging from -7.73 to 2.42 m/s, indicating periods of stronger winds. 
 The sky cover varied from clear to scattered clouds, with the majority of days experiencing clear to few clouds.",y,
9,N3|1029|swap,week,R2:\bfrom\s+(?:a\s+)?(?:high|low)s?\b;\bto\s+(?:a\s+)?(?:high|low)s?\b;\bhigh\s+of\b,up,down,"The temperature ranged from a low of 11.97°C to a high of 31.1°C, with noticeable fluctuations and a general warming trend towards the end of the week.","The temperature ranged from a low of 11.97°C to a high of 31.1°C, with noticeable fluctuations and a general cooling trend towards the end of the week.","Weather time series location: Callaway County, Missouri. Time range: The past week from August 26 to September 1, 2023. The weather is Clear, Cloudy, Rainy, Humid, Windy. The temperature ranged from a low of 11.97°C to a high of 31.1°C, with noticeable fluctuations and a general cooling trend towards the end of the week. 
 Precipitation was minimal overall, with significant rainfall occurring on August 27 (1.65 mm) and August 28 (3.95 mm), followed by lighter amounts on August 30 (0.25 mm) and August 31 (1.17 mm). 
 Relative humidity varied from 42.0% to 94.71%, showing a trend of higher humidity during the early mornings and lower values in the afternoons, with a notable spike on August 31. 
 Visibility remained generally high, averaging around 16.09 km, with occasional drops to as low as 1.44 km during periods of precipitation. 
 Wind direction showed variability with gusts reaching up to 3.06 m/s, suggesting breezy conditions at times. 
 Wind velocity varied, with notable gusts reaching up to -5.36 m/s, indicating periods of stronger winds, particularly on August 30. 
 The sky cover ranged from clear to overcast, with significant cloud cover observed on August 30 and 31, indicating a mix of clear and cloudy conditions throughout the week.",y,
10,N3|1033|swap,week,R2:\bfrom\s+(?:a\s+)?(?:high|low)s?\b;\bto\s+(?:a\s+)?(?:high|low)s?\b;\bhigh\s+of\b,up,down,"The temperature ranged from a low of 2.0°C to a high of 22.0°C, showing a noticeable warming trend towards the end of the week with some volatility, particularly in the early days.","The temperature ranged from a low of 2.0°C to a high of 22.0°C, showing a noticeable cooling trend towards the end of the week with some volatility, particularly in the early days.","Weather time series location: Fulton County, Indiana. Time range: The past week from March 19 to March 25, 2022. The weather is {Clear, Cloudy, Humid, Cold, Windy}. The temperature ranged from a low of 2.0°C to a high of 22.0°C, showing a noticeable cooling trend towards the end of the week with some volatility, particularly in the early days. 
 Precipitation was consistent at approximately 0.3 mm per hour, with no significant variations or outliers observed. 
 Relative humidity fluctuated significantly, starting high at around 100% and dropping to as low as 22.67%, indicating a trend towards drier conditions as the week progressed. 
 Visibility generally remained high, averaging around 16.09 km, with occasional dips below 5 km during specific hours. 
 Wind speed showed some variability, with peaks reaching up to 9.0 m/s, particularly during the latter part of the week. 
 Wind velocity varied, with some negative values indicating shifts in wind direction, but generally remained mild throughout the week. 
 The sky cover predominantly ranged from overcast to scattered clouds, with a few clear periods noted.",y,
11,N3|1037|swap,week,R2:\bfrom\s+(?:a\s+)?(?:high|low)s?\b;\bto\s+(?:a\s+)?(?:high|low)s?\b;\bhigh\s+of\b,up,down,"The temperature ranged from a low of 20.63°C to a high of 33.43°C, with a noticeable upward trend during the week, particularly peaking mid-week.","The temperature ranged from a low of 20.63°C to a high of 33.43°C, with a noticeable downward trend during the week, particularly peaking mid-week.","Weather time series location: Coweta County, Georgia. Time range: The past week from July 14 to July 20, 2023. The weather is Clear, Hot, Humid. The temperature ranged from a low of 20.63°C to a high of 33.43°C, with a noticeable downward trend during the week, particularly peaking mid-week. 
 There was no recorded precipitation throughout the week, indicating dry conditions. 
 Relative humidity values fluctuated between 43.0% and 97.0%, showing a general decrease during the warmer parts of the day and higher values during the cooler nights. 
 Visibility remained consistently high, mostly around 16.09 km, with occasional drops to lower values. 
 Wind direction showed variability with occasional stronger gusts, particularly mid-week. 
 Wind velocity varied, with some negative values indicating gusts, but generally remained low throughout the week. 
 Sky cover was predominantly clear to partly cloudy, with most observations indicating clear skies or few clouds.",y,
12,N3|1043|swap,28_days,R2:\bfrom\s+(?:a\s+)?(?:high|low)s?\b;\bto\s+(?:a\s+)?(?:high|low)s?\b;\bhigh\s+of\b,up,down,"The temperature ranged from a low of 14.33°C to a high of 33.83°C, with noticeable fluctuations and a general warming trend towards the end of the period.","The temperature ranged from a low of 14.33°C to a high of 33.83°C, with noticeable fluctuations and a general cooling trend towards the end of the period.","Weather time series location: The weather data pertains to Ouachita County, Arkansas. Time range: The past 28 days from May 14, 2023, to June 10, 2023. The weather is Clear, Cloudy, Rainy, Humid, Hot. The temperature ranged from a low of 14.33°C to a high of 33.83°C, with noticeable fluctuations and a general cooling trend towards the end of the period. 
 Precipitation was predominantly consistent at 4.66 mm, with a significant outlier of 16.7 mm observed, indicating sporadic rainfall events. 
 Relative humidity levels varied significantly, with a high of 100% and a low of 35.73%, showing a trend of higher humidity during cooler periods and lower during warmer days. 
 Visibility ranged from 5.5 km to 15.69 km, with occasional lower visibility due to weather conditions. 
 Wind direction was predominantly negative, with sporadic positive values indicating shifts in wind patterns. 
 Wind velocity showed a consistent negative trend, with occasional positive spikes, indicating variable wind conditions. 
 Sky cover varied from clear to overcast, with a mix of few to scattered clouds throughout the period.",y,
13,N3|1046|swap,28_days,R2:\bfrom\s+(?:a\s+)?(?:high|low)s?\b;\bto\s+(?:a\s+)?(?:high|low)s?\b;\bhigh\s+of\b,down,up,"The temperature ranged from a low of approximately 4.19°C to a high of around 31.32°C, with noticeable fluctuations and a general cooling trend towards the end of the period.","The temperature ranged from a low of approximately 4.19°C to a high of around 31.32°C, with noticeable fluctuations and a general warming trend towards the end of the period.","Weather time series location: Dallas County, Texas. Time range: The past 28 days from October 19 to November 15, 2023. The weather is Clear, Cloudy, Rainy, Windy, Humid, Cold. The temperature ranged from a low of approximately 4.19°C to a high of around 31.32°C, with noticeable fluctuations and a general warming trend towards the end of the period. 
 Precipitation was minimal for most of the period, with significant rainfall events occurring on specific days, particularly with peaks of 8.48mm and 8.95mm. 
 Relative humidity varied significantly, with values ranging from 18.17% to 100%, showing a trend of higher humidity during the cooler periods and lower humidity during warmer days. 
 Visibility remained consistently high, mostly around 16 km, with occasional drops due to weather conditions. 
 Wind direction fluctuated, with notable shifts, including both positive and negative values, suggesting changing wind patterns throughout the period. 
 Wind velocity showed variability, with some strong gusts reaching up to -10.19 m/s, indicating periods of windy conditions. 
 The sky cover varied from clear to overcast, with a mix of clear and cloudy days, indicating a generally variable sky condition.",y,
14,N3|1049|swap,28_days,R2:\bindicat\w+\b;\bfrom\s+(?:a\s+)?(?:high|low)s?\b;\bto\s+(?:a\s+)?(?:high|low)s?\b,down,up,"The temperature has shown a noticeable decline over the period, with a range from a high of 23.32°C to a low of -7.82°C, indicating a transition into colder conditions.","The temperature has shown a noticeable rise over the period, with a range from a high of 23.32°C to a low of -7.82°C, indicating a transition into warmer conditions.","Weather time series location: The weather data is for Thayer, Nebraska. Time range: The past 28 days have been from November 6, 2023, to December 3, 2023. The weather is Cold, Cloudy, Humid, Windy. The temperature has shown a noticeable rise over the period, with a range from a high of 23.32°C to a low of -7.82°C, indicating a transition into warmer conditions. 
 Precipitation has been relatively consistent, with most values around 0.69 mm, but there were some outliers with higher amounts, peaking at 1.5 mm. 
 Relative humidity has varied significantly, with values ranging from 19.33% to 100%, showing a trend towards higher humidity levels during colder days. 
 Visibility has generally remained high, mostly around 16.09 km, with occasional drops due to weather conditions. 
 Wind direction has shown variability, with both positive and negative values indicating shifts in wind patterns throughout the month. 
 Wind velocity has fluctuated, with some periods of calm and others with stronger winds, particularly negative values indicating wind direction changes. 
 The sky cover has varied, with periods of clear skies and others with significant cloud cover, particularly towards the end of the period.",y,
15,N3|1054|swap,week,R2:\bfrom\s+(?:a\s+)?(?:high|low)s?\b;\bto\s+(?:a\s+)?(?:high|low)s?\b;\bhigh\s+of\b,up,down,"The temperature ranged from a low of 11.1°C to a high of 29.4°C, with noticeable fluctuations and a general warming trend towards the end of the week.","The temperature ranged from a low of 11.1°C to a high of 29.4°C, with noticeable fluctuations and a general cooling trend towards the end of the week.","Weather time series location: The weather was reported for Williamson, Texas. Time range: The past week from May 9 to May 15, 2019. The weather is Clear, Cloudy, Rainy, Humid, Warm. The temperature ranged from a low of 11.1°C to a high of 29.4°C, with noticeable fluctuations and a general cooling trend towards the end of the week. 
 There were sporadic light rain events, with a total precipitation of 5.4 mm, including a significant outlier of 2.97 mm on May 11. 
 Relative humidity varied significantly, starting high at 97% and dropping to a low of 37%, with a general trend of decreasing humidity over the week. 
 Visibility remained mostly clear, averaging around 16.09 km, with occasional reductions due to weather conditions. 
 Wind speeds showed variability, with values ranging from -4.1 m/s to 2.91 m/s, indicating periods of calm and gusty conditions. 
 Wind velocities were predominantly negative, indicating a consistent southward flow, with some positive gusts reaching up to 3.52 m/s. 
 The sky cover varied from clear to overcast, with significant periods of cloudiness, particularly on May 11 and 12.",y,
16,N3|105|swap,week,R2:\bfrom\s+(?:a\s+)?(?:high|low)s?\b;\bto\s+(?:a\s+)?(?:high|low)s?\b;\bhigh\s+of\b,up,down,"The temperature ranged from a low of 3.9°C to a high of 20.0°C, with noticeable fluctuations and a general upward trend towards the end of the week.","The temperature ranged from a low of 3.9°C to a high of 20.0°C, with noticeable fluctuations and a general downward trend towards the end of the week.","Weather time series location: The weather was reported for Tulare, California. Time range: The past week from December 29, 2022, to January 4, 2023. The weather is Cloudy, Rainy, Humid, Windy. The temperature ranged from a low of 3.9°C to a high of 20.0°C, with noticeable fluctuations and a general downward trend towards the end of the week. 
 Precipitation was consistent, with several hours recording values around 0.69 mm, but there were outliers with higher amounts, peaking at 2.4 mm. 
 Relative humidity varied significantly, starting high at 97% and dropping to a low of 47%, indicating a trend towards drier conditions as the week progressed. 
 Visibility remained generally good, mostly around 16.09 km, with occasional drops to lower values due to weather conditions. 
 Wind direction fluctuated, with notable shifts, including both negative and positive values, suggesting changing wind patterns throughout the week. 
 Wind velocity showed variability, with some hours experiencing gusts up to 5.83 m/s, indicating periods of stronger winds. 
 The sky cover was predominantly overcast, with many hours reporting a sky fraction of 8/8, indicating cloudy conditions.",y,
17,N3|1060|swap,28_days,R2:\bfrom\s+(?:a\s+)?(?:high|low)s?\b;\bto\s+(?:a\s+)?(?:high|low)s?\b;\bhigh\s+of\b,up,down,"The temperature ranged from a low of approximately 11.68°C to a high of around 32.65°C, with noticeable fluctuations and a general warming trend towards the end of the period.","The temperature ranged from a low of approximately 11.68°C to a high of around 32.65°C, with noticeable fluctuations and a general cooling trend towards the end of the period.","Weather time series location: Marshall, Iowa experienced a variety of weather conditions during this period. Time range: The past 28 days from June 25, 2022, to July 22, 2022. The weather is Clear, Cloudy, Rainy, Humid, Warm. The temperature ranged from a low of approximately 11.68°C to a high of around 32.65°C, with noticeable fluctuations and a general cooling trend towards the end of the period. 
 Precipitation was minimal for most of the period, with significant rainfall occurring on a few days, particularly one day with 8.51 mm, indicating sporadic rainy events. 
 Relative humidity levels varied significantly, generally ranging from 32% to 96%, with higher humidity observed during the early mornings and lower levels in the afternoons, suggesting a diurnal pattern. 
 Visibility remained consistently high, mostly around 16.09 km, with occasional reductions due to weather conditions. 
 Wind direction also fluctuated, with values ranging from -7.99 to 8.34 m/s, indicating a mix of calm and breezy conditions. 
 Wind velocity showed variability, with both positive and negative values indicating changing wind directions, peaking at 8.34 m/s. 
 The sky cover varied, with periods of clear skies (0/8) and overcast conditions (8/8), reflecting a mix of sunny and cloudy days.",y,
18,N3|1065|swap,28_days,R2:\bfrom\s+(?:a\s+)?(?:high|low)s?\b;\bto\s+(?:a\s+)?(?:high|low)s?\b;\bhigh\s+of\b,up,down,"The temperature ranged from a low of 8.66°C to a high of 35.22°C, with noticeable fluctuations and a general trend of warming, particularly in the first half of the period.","The temperature ranged from a low of 8.66°C to a high of 35.22°C, with noticeable fluctuations and a general trend of cooling, particularly in the first half of the period.","Weather time series location: Chester, Pennsylvania. Time range: The past 28 days from September 22, 2019, to October 19, 2019. The weather is Clear, Cloudy, Humid, Windy. The temperature ranged from a low of 8.66°C to a high of 35.22°C, with noticeable fluctuations and a general trend of cooling, particularly in the first half of the period. 
 Precipitation was minimal, with significant rainfall occurring only on a few occasions, notably 4.17mm and 3.93mm on specific days, indicating predominantly dry conditions. 
 Relative humidity varied significantly, peaking at 93.75% and dropping to 32.8%, showing a trend of higher humidity in the early days and lower values towards the end of the period. 
 Visibility remained consistently high, mostly around 15.68 km, with occasional drops due to weather conditions. 
 Wind direction fluctuated, with both positive and negative values indicating changes in wind patterns throughout the period. 
 Wind velocity showed variability, with some periods of strong winds, particularly with negative values indicating gusty conditions. 
 The sky cover varied from clear to overcast, with several days experiencing scattered to broken clouds, particularly in the latter part of the period.",y,
19,N3|1068|swap,28_days,R2:\bfrom\s+(?:a\s+)?(?:high|low)s?\b;\bto\s+(?:a\s+)?(?:high|low)s?\b;\bhigh\s+of\b,down,up,"The temperature ranged from a low of 5.20°C to a high of 27.36°C, with noticeable fluctuations and a general trend of decreasing temperatures towards the end of the period.","The temperature ranged from a low of 5.20°C to a high of 27.36°C, with noticeable fluctuations and a general trend of increasing temperatures towards the end of the period.","Weather time series location: The weather data is from La Salle, Illinois. Time range: The past 28 days from September 6, 2020, to October 3, 2020. The weather is Clear, Cloudy, Rainy, Humid, Windy. The temperature ranged from a low of 5.20°C to a high of 27.36°C, with noticeable fluctuations and a general trend of increasing temperatures towards the end of the period. 
 Precipitation was relatively consistent, with several peaks, particularly notable on specific days, indicating sporadic rainy conditions. 
 Relative humidity varied significantly, with values ranging from 31.42% to 97.67%, showing a trend of higher humidity levels during the earlier part of the period. 
 Visibility generally remained high, with occasional drops, particularly during periods of precipitation. 
 Wind direction showed variability, with both positive and negative values indicating shifts in wind patterns throughout the month. 
 Wind velocity varied, with some periods of calm winds and others with stronger gusts, particularly towards the end of the period. 
 The sky cover ranged from clear to overcast, with a predominance of overcast conditions in the latter part of the period.",y,
20,N3|1071|swap,week,R2:\bfrom\s+(?:a\s+)?(?:high|low)s?\b;\bto\s+(?:a\s+)?(?:high|low)s?\b;\bhigh\s+of\b,up,down,"The temperature ranged from a low of 0.3°C to a high of 24.0°C, with noticeable fluctuations and a general trend of warming towards the end of the week.","The temperature ranged from a low of 0.3°C to a high of 24.0°C, with noticeable fluctuations and a general trend of cooling towards the end of the week.","Weather time series location: Harrison, Texas experienced varied weather conditions. Time range: The past week from February 27 to March 5, 2021. The weather is Rainy, Humid, Windy, Cloudy. The temperature ranged from a low of 0.3°C to a high of 24.0°C, with noticeable fluctuations and a general trend of cooling towards the end of the week. 
 There were consistent periods of precipitation, with a significant spike of 12.1 mm on one occasion, indicating a rainy pattern throughout the week. 
 Relative humidity values showed a decline from high levels around 94% to lower levels near 25%, indicating a transition from humid to drier conditions. 
 Visibility generally remained stable, mostly around 16.09 km, with occasional drops to lower values during rain. 
 Wind direction showed variability, with some periods of calm winds and others with stronger gusts. 
 Wind velocity varied, with some gusts reaching up to 7.0 m/s, indicating breezy conditions at times. 
 The sky cover fluctuated, with periods of overcast skies and scattered clouds, particularly noted during rainy periods.",y,
21,N3|1075|swap,28_days,R2:\bindicat\w+\b;\bfrom\s+(?:a\s+)?(?:high|low)s?\b;\bto\s+(?:a\s+)?(?:high|low)s?\b,up,down,"The temperature ranged from a low of 19.3°C to a high of 38.45°C, with noticeable volatility and a general upward trend towards the end of the period, indicating hot weather.","The temperature ranged from a low of 19.3°C to a high of 38.45°C, with noticeable volatility and a general downward trend towards the end of the period, indicating hot weather.","Weather time series location: Lafayette, Arkansas experienced a variety of weather conditions. Time range: The past 28 days from June 2 to June 29, 2022. The weather is Clear, Hot, Humid. The temperature ranged from a low of 19.3°C to a high of 38.45°C, with noticeable volatility and a general downward trend towards the end of the period, indicating hot weather. 
 Precipitation was minimal overall, with sporadic events, including a peak of 4.06 mm, suggesting predominantly dry conditions with occasional rain. 
 Relative humidity varied significantly, with values ranging from 37.25% to 92.14%, showing a trend of higher humidity during the early part of the month and lower values towards the end. 
 Visibility remained generally high, mostly around 16.09 km, with occasional drops to lower values, indicating mostly clear conditions. 
 Wind direction fluctuated, with values ranging from -4.18 to 3.67 m/s, suggesting variable wind patterns. 
 Wind velocity varied, with notable gusts reaching up to 5.67 m/s, indicating periods of breezy conditions. 
 The sky cover ranged from clear to overcast, with a significant number of observations indicating clear to scattered clouds.",n,"a: leftover "", indicating hot weather"" inside swapped clause contradicts the new downward trend — claim incoherent"
22,N3|1076|swap,six_months,R1:six_months_window | R2:\bfrom\s+(?:a\s+)?(?:high|low)s?\b;\bto\s+(?:a\s+)?(?:high|low)s?\b;\bhigh\s+of\b,down,up,"The temperature ranged from a high of approximately 24.61°C to a low of -8.12°C, showing a significant downward trend as the months progressed, with notable volatility and outliers, particularly in the colder months.","The temperature ranged from a high of approximately 24.61°C to a low of -8.12°C, showing a significant upward trend as the months progressed, with notable volatility and outliers, particularly in the warmer months.","Weather time series location: The weather data is from Pulaski, Kentucky. Time range: The past six months from July 2020 to January 2021. The weather is Clear, Cloudy, Rainy, Cold, Humid, Windy. The temperature ranged from a high of approximately 24.61°C to a low of -8.12°C, showing a significant upward trend as the months progressed, with notable volatility and outliers, particularly in the warmer months. 
 Precipitation was generally consistent, with frequent light to moderate rain, peaking at 4.27 mm on certain days, indicating a pattern of regular rainfall throughout the period. 
 Relative humidity varied widely, with values ranging from 36.25% to 97.66%, showing a trend of higher humidity in the warmer months and lower in the colder months, with several days of extreme humidity. 
 Visibility remained mostly high, averaging around 15 km, with occasional drops due to weather conditions. 
 Wind direction fluctuated, with notable shifts indicating changing weather patterns. 
 Wind velocity varied, with some days experiencing strong winds, particularly in the latter part of the period. 
 Sky cover varied from clear to overcast, with a mix of clear and cloudy days, indicating a generally variable sky condition.",n,"b: time range ""July 2020 to January 2021"" (six months) anchors seasonal cooling, contradicting claimed upward trend (clause also keeps ""particularly in the warmer months"")"
23,N3|1093|swap,week,R2:\bfrom\s+(?:a\s+)?(?:high|low)s?\b;\bto\s+(?:a\s+)?(?:high|low)s?\b;\bhigh\s+of\b,up,down,"The temperature ranged from a low of -2.2°C to a high of 25.0°C, showing a noticeable warming trend towards the end of the week with significant fluctuations, particularly in the early days.","The temperature ranged from a low of -2.2°C to a high of 25.0°C, showing a noticeable cooling trend towards the end of the week with significant fluctuations, particularly in the early days.","Weather time series location: Wood County, West Virginia. Time range: The past week from March 19 to March 25, 2021. The weather is Clear, Cloudy, Warm, Humid. The temperature ranged from a low of -2.2°C to a high of 25.0°C, showing a noticeable cooling trend towards the end of the week with significant fluctuations, particularly in the early days. 
 There was minimal precipitation throughout the week, with a total of 5.8 mm recorded, primarily occurring at the end of the period. 
 Relative humidity values varied from 12% to 90%, indicating a trend of increasing humidity towards the end of the week, with significant volatility observed. 
 Visibility remained consistently high at around 16.09 km, with a slight drop to 12.88 km on one occasion. 
 Wind direction varied significantly, with values ranging from -6.24 to 3.99 m/s, indicating a mix of wind patterns throughout the week. 
 Wind velocity ranged from -8.92 to 5.61 m/s, with notable gusts occurring intermittently. 
 The sky cover fluctuated from clear to overcast, with several days experiencing clear skies and some cloud cover towards the end of the week.",y,
24,N3|1108|swap,28_days,R2:\bfrom\s+(?:a\s+)?(?:high|low)s?\b;\bto\s+(?:a\s+)?(?:high|low)s?\b;\bhigh\s+of\b,up,down,"The temperature ranged from a low of 14.76°C to a high of 34.68°C, with noticeable fluctuations and a general trend of warmer temperatures towards the end of the period.","The temperature ranged from a low of 14.76°C to a high of 34.68°C, with noticeable fluctuations and a general trend of colder temperatures towards the end of the period.","Weather time series location: The weather data is for Panola, Texas. Time range: The past 28 days from August 12, 2021, to September 8, 2021. The weather is Clear, Cloudy, Rainy, Humid, Hot. The temperature ranged from a low of 14.76°C to a high of 34.68°C, with noticeable fluctuations and a general trend of colder temperatures towards the end of the period. 
 Precipitation was predominantly low, with a few notable spikes, including a significant value of 3.22 mm, indicating sporadic rainfall events. 
 Relative humidity varied significantly, with values ranging from 29.0% to 97.08%, showing a trend towards higher humidity levels, particularly during the latter part of the period. 
 Visibility remained mostly stable, averaging around 16.09 km, with occasional drops to lower values, particularly during periods of precipitation. 
 Wind direction showed variability, with values ranging from -3.55 m/s to 2.47 m/s, suggesting changing wind patterns. 
 Wind velocity ranged from -4.17 m/s to 2.89 m/s, indicating variable wind conditions throughout the period. 
 The sky cover varied from clear to overcast conditions, with a mix of clear, few, scattered, and broken clouds observed throughout the period.",y,
25,N3|1109|swap,28_days,R2:\bfrom\s+(?:a\s+)?(?:high|low)s?\b;\bto\s+(?:a\s+)?(?:high|low)s?\b;\bhigh\s+of\b,up,down,"The temperature ranged from a low of -6.33°C to a high of 21.42°C, with noticeable fluctuations and a general warming trend towards the end of the period.","The temperature ranged from a low of -6.33°C to a high of 21.42°C, with noticeable fluctuations and a general cooling trend towards the end of the period.","Weather time series location: The weather data pertains to Eddy County, New Mexico. Time range: The past 28 days have been observed from December 4, 2018, to December 31, 2018. The weather is Clear, Cloudy, Rainy, Windy, Humid, Cold. The temperature ranged from a low of -6.33°C to a high of 21.42°C, with noticeable fluctuations and a general cooling trend towards the end of the period. 
 Precipitation was relatively consistent, with a few peaks, notably a significant spike of 1.85 mm on one occasion, indicating sporadic rainfall. 
 Relative humidity showed high values, often reaching 100%, particularly during the early part of the month, with a gradual decrease towards the end, suggesting a shift to drier conditions. 
 Visibility remained generally high, averaging around 16.09 km, with occasional reductions due to weather conditions. 
 Wind direction fluctuated, with some significant shifts, including a peak of 11.59 m/s, suggesting windy conditions at times. 
 Wind velocity varied, with notable gusts reaching up to -11.27 m/s, indicating periods of strong winds. 
 The sky cover varied from clear to overcast, with periods of significant cloud cover, particularly towards the end of the month.",y,
26,N3|1114|swap,week,R2:\bindicat\w+\b;-?\d+(?:\.\d+)?\s*°C.*?-?\d+(?:\.\d+)?\s*°C,up,down,"The temperature showed a noticeable trend of fluctuating between cold and mild conditions, with a minimum of -6.93°C and a maximum of 21.83°C, indicating significant volatility and a general warming trend during the day.","The temperature showed a noticeable trend of fluctuating between cold and mild conditions, with a minimum of -6.93°C and a maximum of 21.83°C, indicating significant volatility and a general cooling trend during the day.","Weather time series location: The weather was reported for Harrison, Texas. Time range: The past seven days from November 10 to November 16, 2019. The weather is Clear, Cold, Humid. The temperature showed a noticeable trend of fluctuating between cold and mild conditions, with a minimum of -6.93°C and a maximum of 21.83°C, indicating significant volatility and a general cooling trend during the day. 
 Precipitation levels were consistently low, with most hours reporting around 0.39 mm, indicating dry conditions overall with occasional slight increases. 
 Relative humidity ranged from 27.67% to 96.67%, showing a clear trend of higher humidity during the night and early morning, with a noticeable drop during the day. 
 Visibility remained high for most of the week, averaging around 16.09 km, with occasional drops during specific hours. 
 Wind direction showed minor fluctuations, with values mostly around -0.06 to 4.79 m/s, indicating generally calm to moderate winds. 
 Wind velocity varied, with some significant negative values indicating gusty conditions, particularly during the early part of the week. 
 The sky cover was predominantly clear, with some periods of scattered clouds, particularly noted on November 12 and 13.",y,
27,N3|1123|swap,week,R2:\bfrom\s+(?:a\s+)?(?:high|low)s?\b;\bto\s+(?:a\s+)?(?:high|low)s?\b;\bhigh\s+of\b,up,down,"The temperature ranged from a low of 12.8°C to a high of 28.9°C, with noticeable fluctuations and a general warming trend observed during the week.","The temperature ranged from a low of 12.8°C to a high of 28.9°C, with noticeable fluctuations and a general cooling trend observed during the week.","Weather time series location: Oxford, Maine experienced varied weather conditions. Time range: The past week from August 12 to August 18, 2023. The weather is Clear, Cloudy, Humid. The temperature ranged from a low of 12.8°C to a high of 28.9°C, with noticeable fluctuations and a general cooling trend observed during the week. 
 Precipitation was minimal, with only a few instances of light rain, totaling less than 3.0 mm throughout the week. 
 Relative humidity levels varied significantly, peaking at 100% and generally remaining high, indicating a humid atmosphere, especially during the early mornings and late evenings. 
 Visibility was predominantly good, averaging around 16.09 km, with occasional reductions due to weather conditions. 
 Wind direction fluctuated, with both positive and negative values indicating variable wind patterns throughout the week. 
 Wind velocity varied, with some hours experiencing calm conditions and others showing gusts up to 3.55 m/s. 
 The sky cover ranged from clear to overcast, with several days experiencing scattered to broken clouds.",y,
28,N3|1127|swap,28_days,R2:\bfrom\s+(?:a\s+)?(?:high|low)s?\b;\bto\s+(?:a\s+)?(?:high|low)s?\b;\bhigh\s+of\b,down,up,"The temperature ranged from a low of -0.4°C to a high of 28.74°C, with noticeable fluctuations and a general trend of cooler temperatures towards the end of the period.","The temperature ranged from a low of -0.4°C to a high of 28.74°C, with noticeable fluctuations and a general trend of hotter temperatures towards the end of the period.","Weather time series location: The weather data is from Osage County, Oklahoma. Time range: The past 28 days from October 19, 2021, to November 15, 2021. The weather is Clear, Cloudy, Rainy, Humid, Cold. The temperature ranged from a low of -0.4°C to a high of 28.74°C, with noticeable fluctuations and a general trend of hotter temperatures towards the end of the period. 
 Precipitation was consistent, with most readings around 1.27 mm, but there were notable spikes, including a peak of 4.08 mm. 
 Relative humidity varied significantly, with values ranging from 25.92% to 96.83%, indicating periods of both dry and humid conditions, particularly higher humidity towards the end of the period. 
 Visibility generally remained high, mostly around 16.09 km, with occasional reductions to as low as 5.33 km. 
 Wind direction varied, with values ranging from -4.57 m/s to 5.18 m/s, suggesting shifts in wind patterns throughout the period. 
 Wind velocity showed variability, with values ranging from -6.17 m/s to 6.04 m/s, indicating periods of calm and stronger winds. 
 The sky cover ranged from clear conditions (0) to overcast (8), with a mix of clear and cloudy days throughout the month.",y,
29,N3|1133|swap,28_days,R2:\bfrom\s+(?:a\s+)?(?:high|low)s?\b;\bto\s+(?:a\s+)?(?:high|low)s?\b;\bhigh\s+of\b,down,up,"The temperature ranged from a low of -0.83°C to a high of 32.5°C, with noticeable fluctuations and a general trend of cooling towards the end of the period.","The temperature ranged from a low of -0.83°C to a high of 32.5°C, with noticeable fluctuations and a general trend of warming towards the end of the period.","Weather time series location: CASS, IOWA experienced varied weather conditions throughout the period. Time range: The past 28 days from September 21, 2023, to October 18, 2023. The weather is Clear, Cloudy, Rainy, Windy, Humid, Cold. The temperature ranged from a low of -0.83°C to a high of 32.5°C, with noticeable fluctuations and a general trend of warming towards the end of the period. 
 Precipitation was predominantly consistent, with most readings around 1.91 mm, but there were notable spikes of 6.1 mm and 6.6 mm on specific days. 
 Relative humidity levels varied significantly, peaking at 100% on several occasions, particularly during early mornings, while showing a downward trend towards the end of the period. 
 Visibility generally remained high, averaging around 16 km, with occasional drops due to weather conditions. 
 Wind direction fluctuated, with some strong gusts recorded, particularly towards the end of the period. 
 Wind velocity showed variability, with notable increases during certain periods, reaching up to 7.81 m/s. 
 Sky cover varied from clear to overcast, with several days experiencing significant cloud cover.",y,
30,N3|1141|swap,28_days,R2:\bindicat\w+\b;\bfrom\s+(?:a\s+)?(?:high|low)s?\b;\bto\s+(?:a\s+)?(?:high|low)s?\b,down,up,"The temperature has shown a significant downward trend, with values ranging from a high of 11.55°C to a low of -21.68°C, indicating a cold period with notable volatility and several outliers.","The temperature has shown a significant upward trend, with values ranging from a high of 11.55°C to a low of -21.68°C, indicating a cold period with notable volatility and several outliers.","Weather time series location: The weather data is for Penobscot County, Maine. Time range: The past 28 days have been from December 4, 2018, to December 31, 2018. The weather is Cold, Cloudy, Rainy, Windy, Humid. The temperature has shown a significant upward trend, with values ranging from a high of 11.55°C to a low of -21.68°C, indicating a cold period with notable volatility and several outliers. 
 Precipitation has been minimal, with most days recording no rainfall, but notable peaks of 4.25mm and 4.28mm on specific days, suggesting sporadic light rain events. 
 Relative humidity has varied, generally remaining high, with values fluctuating between 35.5% and 96.58%, indicating a humid atmosphere, particularly during colder periods. 
 Visibility has mostly been good, with values around 16.09 km, but some instances of reduced visibility down to 1.01 km during specific weather events. 
 Wind direction has also varied, with values ranging from -3.93 m/s to 7.64 m/s, contributing to the overall windy conditions experienced. 
 Wind velocity has shown variability, with values ranging from -5.94 m/s to 7.64 m/s, indicating periods of calm and windy conditions. 
 The sky cover has predominantly been overcast or cloudy, with frequent occurrences of clear skies, indicating a mix of weather conditions throughout the month.",y,
31,N3|1144|swap,28_days,R2:\bindicat\w+\b;\bfrom\s+(?:a\s+)?(?:high|low)s?\b;\bto\s+(?:a\s+)?(?:high|low)s?\b,down,up,"The temperature ranged from a low of -13.9°C to a high of 5.44°C, with a noticeable downward trend overall, particularly in the latter half of the period, indicating cold conditions.","The temperature ranged from a low of -13.9°C to a high of 5.44°C, with a noticeable upward trend overall, particularly in the latter half of the period, indicating cold conditions.","Weather time series location: The weather data is for Yates County, New York. Time range: The past 28 days from January 10, 2021, to February 6, 2021. The weather is Cold, Humid, Cloudy. The temperature ranged from a low of -13.9°C to a high of 5.44°C, with a noticeable upward trend overall, particularly in the latter half of the period, indicating cold conditions. 
 Precipitation was minimal, with most observations showing no rain, and only a few instances of light precipitation, indicating predominantly dry weather. 
 Relative humidity varied between 37.5% and 91.33%, showing a general trend of higher humidity levels, especially during colder periods, suggesting a humid atmosphere. 
 Visibility generally remained high, with occasional drops, particularly during periods of lower temperatures and higher humidity. 
 Wind direction showed variability, with both positive and negative values, suggesting changing wind patterns. 
 Wind velocity varied, with some notable peaks, indicating fluctuating wind conditions throughout the period. 
 Sky cover was predominantly overcast, with many instances of full cloud cover, indicating a lack of clear skies.",y,
32,N3|1150|swap,week,R2:\bfrom\s+(?:a\s+)?(?:high|low)s?\b;\bto\s+(?:a\s+)?(?:high|low)s?\b;\bhigh\s+of\b,up,down,"The temperature ranged from a low of -2.8°C to a high of 15.6°C, showing a general warming trend towards the end of the week, with noticeable fluctuations and a few outliers in the lower range.","The temperature ranged from a low of -2.8°C to a high of 15.6°C, showing a general cooling trend towards the end of the week, with noticeable fluctuations and a few outliers in the lower range.","Weather time series location: Aroostook County, Maine experienced varied weather conditions. Time range: The past week from April 24 to April 30, 2022. The weather is Clear, Cloudy, Rainy, Windy, Humid. The temperature ranged from a low of -2.8°C to a high of 15.6°C, showing a general cooling trend towards the end of the week, with noticeable fluctuations and a few outliers in the lower range. 
 Precipitation was minimal for most of the week, with a few days experiencing light rain, particularly towards the end of the week, where totals reached up to 2.5 mm. 
 Relative humidity fluctuated significantly, starting at 54% and dropping to as low as 30%, then rising again towards the end of the week, indicating a humid atmosphere, especially during rainy periods. 
 Visibility remained generally high, around 16.09 km, with some reductions during periods of precipitation. 
 Wind direction showed variability, with some hours experiencing significant shifts, particularly with gusts reaching up to 3.35 m/s. 
 Wind velocity varied, with some gusts reaching up to -10.3 m/s, indicating strong winds at times, particularly during the latter part of the week. 
 The sky cover was predominantly clear at the beginning of the week, transitioning to overcast conditions with significant cloud cover towards the end.",y,
33,N3|1152|swap,28_days,R2:\bfrom\s+(?:a\s+)?(?:high|low)s?\b;\bto\s+(?:a\s+)?(?:high|low)s?\b;\bhigh\s+of\b,down,up,"The temperature ranged from a low of -13.32°C to a high of 21.55°C, with noticeable fluctuations and a general trend of colder temperatures as the period progressed, particularly towards the end.","The temperature ranged from a low of -13.32°C to a high of 21.55°C, with noticeable fluctuations and a general trend of warmer temperatures as the period progressed, particularly towards the end.","Weather time series location: Itasca County, Minnesota. Time range: The past 28 days from October 19 to November 15, 2020. The weather is Cold, Cloudy, Rainy, Windy, Humid. The temperature ranged from a low of -13.32°C to a high of 21.55°C, with noticeable fluctuations and a general trend of warmer temperatures as the period progressed, particularly towards the end. 
 Precipitation was sporadic, with several days recording light rain, while some days experienced no precipitation at all; the highest recorded precipitation was 2.92 mm. 
 Relative humidity varied significantly, peaking at 98.11% and dropping to a low of 22.5%, indicating a generally humid atmosphere with occasional dry spells. 
 Visibility remained mostly good, averaging around 16.09 km, with occasional drops due to weather conditions. 
 Wind direction showed variability, with some periods experiencing significant shifts in wind patterns. 
 Wind velocity varied, with notable gusts reaching up to 9.08 m/s, indicating periods of windy conditions. 
 The sky cover fluctuated between clear and overcast conditions, with several days experiencing complete overcast skies.",y,
34,N3|115|swap,28_days,R2:\bfrom\s+(?:a\s+)?(?:high|low)s?\b;\bto\s+(?:a\s+)?(?:high|low)s?\b;\bhigh\s+of\b,up,down,"The temperature ranged from a low of -0.43°C to a high of 19.27°C, with noticeable fluctuations and a general upward trend towards the end of the period.","The temperature ranged from a low of -0.43°C to a high of 19.27°C, with noticeable fluctuations and a general downward trend towards the end of the period.","Weather time series location: The weather data is for Tulare, California. Time range: The past 28 days from December 12, 2022, to January 8, 2023. The weather is Clear, Cloudy, Rainy, Humid, Cold. The temperature ranged from a low of -0.43°C to a high of 19.27°C, with noticeable fluctuations and a general downward trend towards the end of the period. 
 Precipitation was consistent, with most days recording around 0.86 mm, but there were notable spikes on certain days, indicating occasional rain events. 
 Relative humidity varied significantly, with values ranging from 49.0% to 100%, showing a trend of higher humidity levels, particularly towards the end of the period. 
 Visibility generally remained high, averaging around 16.09 km, with occasional drops due to weather conditions. 
 Wind direction showed variability, with both positive and negative values indicating shifts in wind patterns. 
 Wind velocity varied, with notable gusts recorded, particularly towards the end of the period. 
 The sky cover ranged from clear to overcast, with several days experiencing significant cloud cover.",y,
35,N3|1161|swap,week,R2:\bindicat\w+\b;\bfrom\s+(?:a\s+)?(?:high|low)s?\b;\bto\s+(?:a\s+)?(?:high|low)s?\b | R3:decreasing humidity as temperatures,up,down,"The temperature ranged from a low of 1.2°C to a high of 26.6°C, showing a noticeable warming trend towards the end of the week, with daily fluctuations indicating a periodic pattern.","The temperature ranged from a low of 1.2°C to a high of 26.6°C, showing a noticeable cooling trend towards the end of the week, with daily fluctuations indicating a periodic pattern.","Weather time series location: The weather was reported for Christian, Kentucky. Time range: The past week from April 14 to April 20, 2019. The weather is Clear, Cloudy, Rainy, Humid, Windy. The temperature ranged from a low of 1.2°C to a high of 26.6°C, showing a noticeable cooling trend towards the end of the week, with daily fluctuations indicating a periodic pattern. 
 Precipitation was variable, with significant rainfall on certain days, particularly on April 14 and April 19, where totals reached up to 5.3 mm, indicating a generally rainy pattern. 
 Relative humidity levels were high, often reaching 100% during the early hours, with a gradual decrease throughout the day, showing a trend of decreasing humidity as temperatures rose. 
 Visibility remained mostly stable, averaging around 16.09 km, with some reductions noted during periods of precipitation. 
 Wind direction showed variability, with some strong gusts recorded, particularly from the northwest. 
 Wind velocity varied, with notable gusts reaching up to 9.65 m/s, particularly during the early part of the week. 
 Sky cover fluctuated throughout the week, with a mix of clear to overcast conditions, predominantly cloudy on several days.",y,
36,N3|1177|swap,week,R2:\bfrom\s+(?:a\s+)?(?:high|low)s?\b;\bto\s+(?:a\s+)?(?:high|low)s?\b;\bhigh\s+of\b,up,down,"The temperature ranged from a low of 21.7°C to a high of 33.9°C, with noticeable fluctuations and a general warming trend towards the middle of the week.","The temperature ranged from a low of 21.7°C to a high of 33.9°C, with noticeable fluctuations and a general cooling trend towards the middle of the week.","Weather time series location: St. Johns, Florida experienced a variety of weather conditions. Time range: The past week from June 6 to June 12, 2019. The weather is Clear, Cloudy, Rainy, Humid, Windy. The temperature ranged from a low of 21.7°C to a high of 33.9°C, with noticeable fluctuations and a general cooling trend towards the middle of the week. 
 There were sporadic precipitation events, with a total of 16.63 mm recorded, including a significant outlier of 4.83 mm on June 12. 
 Relative humidity varied significantly, peaking at 100% and generally remaining high, with a notable decrease during the warmer parts of the day. 
 Visibility was predominantly good, averaging around 16.09 km, with occasional drops to as low as 3.22 km during periods of precipitation. 
 Wind direction showed variability, with some strong gusts recorded, particularly on June 12. 
 Wind velocity varied, with notable gusts reaching up to 6.57 m/s, indicating periods of breezy conditions. 
 Sky cover ranged from clear to overcast, with the majority of the week experiencing scattered clouds.",y,
37,N3|1181|swap,28_days,R2:\bfrom\s+(?:a\s+)?(?:high|low)s?\b;\bto\s+(?:a\s+)?(?:high|low)s?\b;\bhigh\s+of\b,up,down,"The temperature ranged from a low of 14.54°C to a high of 31.44°C, with noticeable fluctuations and a general warming trend observed towards the end of the period.","The temperature ranged from a low of 14.54°C to a high of 31.44°C, with noticeable fluctuations and a general cooling trend observed towards the end of the period.","Weather time series location: Allen, Indiana. Time range: The past 28 days from July 18, 2023, to August 14, 2023. The weather is Clear, Cloudy, Rainy, Humid, Warm. The temperature ranged from a low of 14.54°C to a high of 31.44°C, with noticeable fluctuations and a general cooling trend observed towards the end of the period. 
 Precipitation was minimal overall, with significant events occurring on July 20 (10.81 mm) and August 9 (4.68 mm), indicating sporadic rainfall. 
 Relative humidity varied significantly, peaking at 96.29% and dropping to 41.6%, with a tendency for higher humidity levels during the early mornings and late evenings. 
 Visibility was generally good, with occasional reductions due to weather conditions, particularly during periods of precipitation. 
 Wind direction varied, with speeds ranging from -6.65 m/s to 5.33 m/s, indicating a mix of calm and breezy conditions. 
 Wind velocity ranged from -6.65 m/s to 6.29 m/s, with notable variability and occasional strong gusts. 
 Sky cover fluctuated throughout the period, with a mix of clear to overcast conditions, predominantly featuring scattered to broken clouds.",y,
38,N3|1199|swap,28_days,R2:\bfrom\s+(?:a\s+)?(?:high|low)s?\b;\bto\s+(?:a\s+)?(?:high|low)s?\b;\bhigh\s+of\b,up,down,"The temperature ranged from a low of -10.42°C to a high of 16.8°C, showing a general warming trend towards the end of the period, with noticeable fluctuations and some cold outliers.","The temperature ranged from a low of -10.42°C to a high of 16.8°C, showing a general cooling trend towards the end of the period, with noticeable fluctuations and some cold outliers.","Weather time series location: Oxford, Maine experienced a variety of weather conditions over the past month. Time range: The past 28 days from March 23, 2022, to April 19, 2022. The weather is Clear, Cloudy, Rainy, Windy, Humid, Cold. The temperature ranged from a low of -10.42°C to a high of 16.8°C, showing a general cooling trend towards the end of the period, with noticeable fluctuations and some cold outliers. 
 Precipitation was minimal for most of the period, with significant events occurring on a few days, including a peak of 6.43 mm, indicating sporadic rainy days. 
 Relative humidity varied significantly, with values ranging from 18.75% to 97.17%, showing a trend of higher humidity during precipitation events and lower values during clearer days. 
 Visibility remained mostly high, averaging around 16.09 km, with occasional drops due to weather conditions. 
 Wind direction fluctuated throughout the period, with both positive and negative values indicating variable wind patterns. 
 Wind velocity varied, with notable gusts and calm periods, indicating a mix of breezy and still conditions. 
 Sky cover ranged from clear to overcast, with a mix of clear and cloudy days, reflecting changing weather patterns.",y,
39,N3|1200|swap,week,R2:\bfrom\s+(?:a\s+)?(?:high|low)s?\b;\bto\s+(?:a\s+)?(?:high|low)s?\b;\bhigh\s+of\b,up,down,"The temperature ranged from a low of -2.8°C to a high of 21.7°C, with noticeable fluctuations and a general warming trend towards the end of the week.","The temperature ranged from a low of -2.8°C to a high of 21.7°C, with noticeable fluctuations and a general cooling trend towards the end of the week.","Weather time series location: Clark, Arkansas experienced variable weather conditions. Time range: The past week from December 4 to December 10, 2023. The weather is Clear, Cloudy, Rainy, Windy, Humid. The temperature ranged from a low of -2.8°C to a high of 21.7°C, with noticeable fluctuations and a general cooling trend towards the end of the week. 
 Precipitation was consistent, with frequent light rain recorded, peaking at 3.03 mm on one occasion, indicating a generally wet week. 
 Relative humidity levels varied significantly, starting at 100% and dropping to as low as 24%, with a trend towards drier conditions as the week progressed. 
 Visibility remained mostly clear, with occasional reductions due to weather conditions, particularly during periods of rain. 
 Wind direction showed variability, with shifts in speed and direction throughout the week, contributing to the overall weather dynamics. 
 Wind velocities varied, with notable gusts reaching up to 5.7 m/s, indicating breezy conditions at times. 
 The sky cover fluctuated from clear to overcast, with periods of scattered clouds and some overcast conditions noted.",y,
40,N3|1233|swap,week,R2:\bfrom\s+(?:a\s+)?(?:high|low)s?\b;\bto\s+(?:a\s+)?(?:high|low)s?\b;\bhigh\s+of\b,up,down,"The temperature ranged from a low of 8.9°C to a high of 27.2°C, with noticeable fluctuations and a general warming trend towards the end of the week.","The temperature ranged from a low of 8.9°C to a high of 27.2°C, with noticeable fluctuations and a general cooling trend towards the end of the week.","Weather time series location: Scotland County, North Carolina experienced varied weather conditions. Time range: The past week from October 8 to October 14, 2022. The weather is Clear, Cloudy, Warm, Humid. The temperature ranged from a low of 8.9°C to a high of 27.2°C, with noticeable fluctuations and a general cooling trend towards the end of the week. 
 There was minimal precipitation, with most hours recording 0.0 mm, except for a few instances of light rain totaling 0.3 mm and 0.5 mm. 
 Relative humidity values ranged from 29.0% to 93.0%, showing a trend of decreasing humidity during the warmer parts of the day and higher values in the early morning and late evening. 
 Visibility remained consistently high, mostly around 16.09 km, with occasional drops to lower values during specific hours. 
 Wind direction showed variability, with values ranging from -4.75 m/s to 2.91 m/s, suggesting shifting wind patterns throughout the week. 
 Wind velocity varied, with values ranging from -5.52 m/s to 4.79 m/s, indicating periods of calm and stronger winds. 
 The sky cover fluctuated, with periods of clear skies (0/8) and scattered clouds (up to 8/8), indicating a mix of sunny and overcast conditions.",y,
41,N3|123|swap,28_days,R2:\bfrom\s+(?:a\s+)?(?:high|low)s?\b;\bto\s+(?:a\s+)?(?:high|low)s?\b;\bhigh\s+of\b,up,down,"The temperature ranged from a low of 2.1°C to a high of 23.45°C, with noticeable fluctuations and a general trend of warming towards the end of the period.","The temperature ranged from a low of 2.1°C to a high of 23.45°C, with noticeable fluctuations and a general trend of cooling towards the end of the period.","Weather time series location: Merced, California. Time range: The past 28 days from March 8, 2020, to April 4, 2020. The weather is Clear, Cloudy, Humid, Windy. The temperature ranged from a low of 2.1°C to a high of 23.45°C, with noticeable fluctuations and a general trend of cooling towards the end of the period. 
 Precipitation was minimal, with several days recording no rain, but notable spikes occurred with a maximum of 3.07 mm on March 13. 
 Relative humidity varied significantly, peaking at 95.88% and dropping to 25.25%, indicating a trend of decreasing humidity over the period. 
 Visibility remained high for most of the period, generally around 16.09 km, with occasional drops to lower values during specific times. 
 Wind direction also fluctuated, with both positive and negative values indicating shifts in wind patterns throughout the period. 
 Wind velocity showed variability, with some strong gusts recorded, particularly negative values indicating wind direction changes. 
 Sky cover varied, with a mix of clear to overcast conditions, predominantly featuring clear skies early in the period and more cloud cover towards the end.",y,
42,N3|1243|swap,28_days,R2:\bfrom\s+(?:a\s+)?(?:high|low)s?\b;\bto\s+(?:a\s+)?(?:high|low)s?\b;\bhigh\s+of\b,up,down,"The temperature ranged from a low of 12.7°C to a high of 35.78°C, with noticeable fluctuations and a general warming trend observed towards the end of the period.","The temperature ranged from a low of 12.7°C to a high of 35.78°C, with noticeable fluctuations and a general cooling trend observed towards the end of the period.","Weather time series location: UNION, NEW MEXICO experienced varied weather conditions. Time range: The past 28 days from August 12 to September 8, 2023. The weather is Clear, Cloudy, Hot, Windy. The temperature ranged from a low of 12.7°C to a high of 35.78°C, with noticeable fluctuations and a general cooling trend observed towards the end of the period. 
 Precipitation was minimal, with only a few instances recorded, the highest being 1.82 mm, indicating predominantly dry conditions. 
 Relative humidity varied significantly, with values ranging from 11.8% to 99.1%, showing a trend of higher humidity during the early mornings and lower during the afternoons. 
 Visibility remained consistently high, mostly around 16 km, with occasional drops due to weather conditions. 
 Wind direction varied, with some strong gusts recorded, particularly in the latter part of the period. 
 Wind velocity showed variability, with notable gusts reaching up to 8.77 m/s, indicating periods of windy conditions. 
 The sky cover fluctuated, with a mix of clear to overcast conditions, predominantly clear or few clouds observed.",y,
43,N3|1252|swap,28_days,R2:\bfrom\s+(?:a\s+)?(?:high|low)s?\b;\bto\s+(?:a\s+)?(?:high|low)s?\b;\bhigh\s+of\b,up,down,"The temperature ranged from a low of -26.17°C to a high of 3.0°C, showing a general warming trend towards the end of the period, with noticeable fluctuations and several days of extreme cold.","The temperature ranged from a low of -26.17°C to a high of 3.0°C, showing a general cooling trend towards the end of the period, with noticeable fluctuations and several days of extreme cold.","Weather time series location: The weather data is from Griggs County, North Dakota. Time range: The past 28 days have been from February 27, 2019, to March 26, 2019. The weather is Cold, Clear, Cloudy. The temperature ranged from a low of -26.17°C to a high of 3.0°C, showing a general cooling trend towards the end of the period, with noticeable fluctuations and several days of extreme cold. 
 There was no recorded precipitation throughout the 28 days, indicating a dry spell. 
 Relative humidity values varied between 60.08% and 100%, with a significant increase towards the end of the period, suggesting a trend towards more humid conditions. 
 Visibility was generally good, with most values around 16.09 km, but there were instances of reduced visibility down to 0.0 km. 
 Wind direction varied, with speeds ranging from -5.25 to 11.67 m/s, showing a mix of calm and breezy conditions. 
 Wind velocity ranged from -16.18 to 7.69 m/s, indicating variable wind conditions with occasional strong gusts. 
 The sky cover was predominantly overcast, with many observations indicating 8/8 coverage, but there were also periods of clear skies.",y,
44,N3|1258|swap,28_days,R2:\bindicat\w+\b;-?\d+(?:\.\d+)?\s*°C.*?-?\d+(?:\.\d+)?\s*°C,down,up,"The temperature fluctuated significantly, with a noticeable downward trend, reaching lows of -13.78°C and highs around 11.65°C, indicating a cold period overall.","The temperature fluctuated significantly, with a noticeable upward trend, reaching lows of -13.78°C and highs around 11.65°C, indicating a cold period overall.","Weather time series location: Saratoga, New York experienced a range of weather conditions. Time range: The past 28 days from November 6 to December 3, 2019. The weather is Cold, Rainy, Cloudy, Windy, Humid. The temperature fluctuated significantly, with a noticeable upward trend, reaching lows of -13.78°C and highs around 11.65°C, indicating a cold period overall. 
 Precipitation was sporadic, with several days of no rain, but notable peaks of up to 1.57 mm, suggesting occasional rainy spells. 
 Relative humidity varied widely, generally remaining high, with peaks around 96.93% and lows near 36.25%, indicating a humid atmosphere during certain periods. 
 Visibility was mostly good, with occasional drops to as low as 1.61 km, particularly during precipitation events. 
 Wind direction varied, with both positive and negative values, suggesting changing wind patterns throughout the period. 
 Wind velocity showed variability, with some strong gusts reaching up to 5.25 m/s, indicating windy conditions at times. 
 The sky cover ranged from clear to overcast, with significant periods of cloudiness, particularly towards the end of the month.",y,
45,N3|1266|swap,week,R2:\bfrom\s+(?:a\s+)?(?:high|low)s?\b;\bto\s+(?:a\s+)?(?:high|low)s?\b;\bhigh\s+of\b,down,up,"The temperature ranged from a low of -27.2°C to a high of -5.0°C, showing a general trend of cold temperatures with some fluctuations, particularly a noticeable drop towards the end of the week.","The temperature ranged from a low of -27.2°C to a high of -5.0°C, showing a general trend of cold temperatures with some fluctuations, particularly a noticeable climb towards the end of the week.","Weather time series location: Yukon-Koyukuk Census Area, Alaska experienced predominantly cold weather conditions. Time range: The past week from March 16 to March 22, 2021. The weather is Cold, Cloudy, Humid. The temperature ranged from a low of -27.2°C to a high of -5.0°C, showing a general trend of cold temperatures with some fluctuations, particularly a noticeable climb towards the end of the week. 
 Precipitation was minimal, with a significant event of 7.6 mm occurring on March 16, followed by sporadic light precipitation of 0.3 mm on two other occasions. 
 Relative humidity varied between 31.0% and 84.2%, with a general trend of decreasing humidity as the week progressed, particularly noticeable towards the end of the week. 
 Visibility was generally good, mostly around 16.09 km, with occasional reductions due to weather conditions, particularly on March 16 and March 22. 
 Wind direction showed a predominance of negative values, indicating winds primarily from the east, with some variability throughout the week. 
 Wind velocity ranged from -10.14 m/s to 2.6 m/s, indicating variable wind conditions with some stronger gusts. 
 The sky cover was predominantly overcast (8/8) with some periods of clear skies (0/8) and scattered clouds (2/8 to 5/8) observed intermittently.",y,
46,N3|1269|swap,28_days,R2:\bfrom\s+(?:a\s+)?(?:high|low)s?\b;\bto\s+(?:a\s+)?(?:high|low)s?\b;\bhigh\s+of\b,up,down,"The temperature ranged from a low of 9.25°C to a high of 34.0°C, with noticeable fluctuations and a general warming trend towards the end of the period.","The temperature ranged from a low of 9.25°C to a high of 34.0°C, with noticeable fluctuations and a general cooling trend towards the end of the period.","Weather time series location: Boundary County, Idaho experienced a varied weather pattern. Time range: The past 28 days from August 4 to August 31, 2020. The weather is Clear, Warm, Humid. The temperature ranged from a low of 9.25°C to a high of 34.0°C, with noticeable fluctuations and a general cooling trend towards the end of the period. 
 Precipitation was consistent, with most measurements around 0.32 mm, indicating dry conditions overall, with a few outliers reaching up to 0.37 mm. 
 Relative humidity varied significantly, with values ranging from 17.33% to 91.58%, showing a trend of higher humidity during cooler periods and lower humidity during warmer days. 
 Visibility remained stable, mostly around 16.09 km, with minor fluctuations. 
 Wind direction showed variability, with some strong gusts recorded, particularly towards the end of the period. 
 Wind velocity varied, with some notable gusts reaching up to 4.51 m/s, indicating periods of breezy conditions. 
 The sky cover ranged from clear to partly cloudy, with a few instances of scattered clouds, indicating predominantly clear conditions.",y,
47,N3|1272|swap,week,R2:\bfrom\s+(?:a\s+)?(?:high|low)s?\b;\bto\s+(?:a\s+)?(?:high|low)s?\b;\bhigh\s+of\b,up,down,"The temperature ranged from a low of 5.0°C to a high of 26.1°C, showing a noticeable warming trend towards the end of the week with some fluctuations.","The temperature ranged from a low of 5.0°C to a high of 26.1°C, showing a noticeable cooling trend towards the end of the week with some fluctuations.","Weather time series location: Shelby County, Indiana. Time range: The past week from April 28 to May 4, 2019. The weather is Clear, Cloudy, Humid, Windy, Warm. The temperature ranged from a low of 5.0°C to a high of 26.1°C, showing a noticeable cooling trend towards the end of the week with some fluctuations. 
 There was minimal precipitation early in the week, with a peak of 2.3 mm on May 3, followed by a return to dry conditions. 
 Relative humidity started high at around 89% and gradually decreased, with some spikes towards the end of the week, indicating a generally humid atmosphere. 
 Visibility remained mostly clear, with occasional reductions due to weather conditions, particularly on May 3. 
 Wind direction showed variability, with some strong gusts recorded, particularly in the latter half of the week. 
 Wind velocity varied, with notable gusts reaching up to 9.68 m/s, particularly in the latter part of the week. 
 The sky cover fluctuated between clear and overcast, with a mix of clear skies and scattered clouds throughout the week.",y,
48,N3|1273|swap,28_days,R2:\bfrom\s+(?:a\s+)?(?:high|low)s?\b;\bto\s+(?:a\s+)?(?:high|low)s?\b;\bhigh\s+of\b,up,down,"The temperature ranged from a low of -3.35°C to a high of 5.54°C, with a noticeable trend of gradual warming towards the end of the period, particularly in the last week.","The temperature ranged from a low of -3.35°C to a high of 5.54°C, with a noticeable trend of gradual cooling towards the end of the period, particularly in the last week.","Weather time series location: The weather was reported for the Aleutians West Census Area in Alaska. Time range: The past 28 days have been from December 1 to December 28, 2020. The weather is Cloudy, Rainy, Windy, Humid, Cold. The temperature ranged from a low of -3.35°C to a high of 5.54°C, with a noticeable trend of gradual cooling towards the end of the period, particularly in the last week. 
 Precipitation was sporadic, with several days of no rainfall and notable peaks, including a significant event with 2.5 mm of rain, indicating a generally dry period with occasional wet spells. 
 Relative humidity fluctuated between 60% and 96%, showing a trend of higher humidity levels, particularly during precipitation events, with a general increase towards the end of the month. 
 Visibility remained relatively stable, mostly around 10.79 km, with occasional drops during precipitation events. 
 Wind direction showed variability, with significant shifts indicating changing weather patterns, particularly during storm events. 
 Wind velocities varied, with notable gusts reaching up to 13.97 m/s, indicating periods of strong winds, especially in the latter half of the month. 
 The sky cover varied from clear to overcast, with a predominance of overcast conditions, particularly during precipitation events.",y,
49,N3|1274|swap,week,R2:\bfrom\s+(?:a\s+)?(?:high|low)s?\b;\bto\s+(?:a\s+)?(?:high|low)s?\b;\bhigh\s+of\b | R3:decreasing humidity as temperatures,up,down,"The temperature ranged from a low of 16.1°C to a high of 32.8°C, showing a noticeable upward trend during the week, particularly peaking mid-week with a consistent warm period.","The temperature ranged from a low of 16.1°C to a high of 32.8°C, showing a noticeable downward trend during the week, particularly peaking mid-week with a consistent warm period.","Weather time series location: Union, New Mexico. Time range: The past week from August 8 to August 14, 2022. The weather is Clear, Warm, Windy. The temperature ranged from a low of 16.1°C to a high of 32.8°C, showing a noticeable downward trend during the week, particularly peaking mid-week with a consistent warm period. 
 There was minimal precipitation, with a significant outlier of 9.43 mm recorded on August 10, while most hours reported no precipitation at all. 
 Relative humidity fluctuated between 23.0% and 93.0%, with a general trend of decreasing humidity as temperatures increased, particularly towards the end of the week. 
 Visibility remained consistently high, mostly around 16.09 km, with occasional drops to 11.8 km and 8.25 km. 
 Wind direction showed variability, with notable shifts and peaks, particularly reaching up to 5.37 m/s. 
 Wind velocity varied, with some hours experiencing gusts up to 8.67 m/s, indicating periods of windy conditions. 
 The sky cover ranged from clear to partly cloudy, with most observations indicating clear skies (0/8) and a few instances of scattered clouds (4/8).",n,"b: surviving humidity line says ""decreasing humidity as temperatures increased, particularly towards the end of the week"" — anchors old upward direction"
50,N3|127|swap,28_days,R2:\bfrom\s+(?:a\s+)?(?:high|low)s?\b;\bto\s+(?:a\s+)?(?:high|low)s?\b;\bhigh\s+of\b,up,down,"The temperature ranged from a low of 5.58°C to a high of 31.80°C, with noticeable fluctuations and a general warming trend observed towards the end of the period.","The temperature ranged from a low of 5.58°C to a high of 31.80°C, with noticeable fluctuations and a general cooling trend observed towards the end of the period.","Weather time series location: The weather data is from Tulare, California. Time range: The past 28 days from September 27, 2021, to October 24, 2021. The weather is Clear, Hot, Dry. The temperature ranged from a low of 5.58°C to a high of 31.80°C, with noticeable fluctuations and a general cooling trend observed towards the end of the period. 
 Precipitation was consistently low, with most readings around 0.57 mm, indicating dry conditions throughout the month. 
 Relative humidity varied significantly, peaking at 92.33% and dropping to 12.25%, showing a trend towards drier air as the month progressed. 
 Visibility remained generally high, averaging around 16.09 km, with occasional drops due to weather conditions. 
 Wind direction fluctuated, with values ranging from -3.14 m/s to 4.72 m/s, suggesting changing wind patterns. 
 Wind velocity showed variability, with some instances of strong winds reaching up to -5.75 m/s, indicating periods of gusty conditions. 
 The sky cover varied from clear conditions to overcast, with a notable increase in cloud cover towards the end of the period.",y,
51,N3|1280|swap,28_days,R2:\bfrom\s+(?:a\s+)?(?:high|low)s?\b;\bto\s+(?:a\s+)?(?:high|low)s?\b;\bhigh\s+of\b,up,down,"The temperature ranged from a low of -8.33°C to a high of 28.58°C, with noticeable fluctuations and a general warming trend towards the end of the period.","The temperature ranged from a low of -8.33°C to a high of 28.58°C, with noticeable fluctuations and a general cooling trend towards the end of the period.","Weather time series location: CASS, IOWA. Time range: The past 28 days from March 24, 2022, to April 20, 2022. The weather is Clear, Cloudy, Rainy, Windy, Humid, Cold. The temperature ranged from a low of -8.33°C to a high of 28.58°C, with noticeable fluctuations and a general cooling trend towards the end of the period. 
 Precipitation was predominantly consistent at 0.82 mm, with occasional spikes reaching up to 4.4 mm, indicating sporadic rain events. 
 Relative humidity varied significantly, peaking at 101.17% and dropping to a low of 20.25%, showing a trend of higher humidity during cooler periods and lower during warmer days. 
 Visibility remained generally high, averaging around 16.09 km, with occasional drops to as low as 2.19 km during specific weather conditions. 
 Wind direction varied, with values ranging from -8.2 m/s to 12.19 m/s, indicating changing wind patterns throughout the period. 
 Wind velocity ranged from -10.42 m/s to 14.15 m/s, with notable variability and periods of stronger winds. 
 Sky cover varied, with a mix of clear to overcast conditions, predominantly featuring overcast skies (8/8) and scattered clouds (4/8).",y,
52,N3|128|swap,week,R2:\bfrom\s+(?:a\s+)?(?:high|low)s?\b;\bto\s+(?:a\s+)?(?:high|low)s?\b;\bhigh\s+of\b,up,down,"The temperature ranged from a low of 1.7°C to a high of 15.0°C, showing a noticeable upward trend towards the end of the week, with some fluctuations and a few outliers around 1.7°C and 15.0°C.","The temperature ranged from a low of 1.7°C to a high of 15.0°C, showing a noticeable downward trend towards the end of the week, with some fluctuations and a few outliers around 1.7°C and 15.0°C.","Weather time series location: The weather was reported for Mariposa, California. Time range: The past week from December 24 to December 30, 2022. The weather is Cloudy, Rainy, Humid, Windy. The temperature ranged from a low of 1.7°C to a high of 15.0°C, showing a noticeable downward trend towards the end of the week, with some fluctuations and a few outliers around 1.7°C and 15.0°C. 
 There were sporadic instances of precipitation, with a total accumulation of 6.0 mm, primarily occurring on December 28, indicating a generally dry week with a few rainy periods. 
 Relative humidity values were consistently high, averaging around 95%, with peaks at 100% during the early part of the week and a gradual decline towards the end, suggesting a humid atmosphere. 
 Visibility varied significantly, with lower values (down to 0.0) during periods of fog and higher values (up to 16.09) later in the week, indicating improved conditions as the week progressed. 
 Wind direction showed considerable variability, with values ranging from -6.5 to 2.68, suggesting a mix of wind directions throughout the week. 
 Wind velocity ranged from -6.11 to 6.77, indicating variable wind conditions with occasional strong gusts. 
 The sky cover was predominantly overcast, with several periods of clear skies, particularly towards the end of the week, indicating a transition from cloudy to clearer conditions.",y,
53,N3|1296|swap,28_days,R2:\bfrom\s+(?:a\s+)?(?:high|low)s?\b;\bto\s+(?:a\s+)?(?:high|low)s?\b;\bhigh\s+of\b,up,down,"The temperature ranged from a low of 8.08°C to a high of 28.68°C, with noticeable fluctuations and a general warming trend towards the end of the period.","The temperature ranged from a low of 8.08°C to a high of 28.68°C, with noticeable fluctuations and a general cooling trend towards the end of the period.","Weather time series location: Cameron, Texas experienced varied weather conditions during this period. Time range: The past 28 days from December 28, 2019, to January 24, 2020. The weather is Clear, Cloudy, Humid, Windy. The temperature ranged from a low of 8.08°C to a high of 28.68°C, with noticeable fluctuations and a general cooling trend towards the end of the period. 
 Precipitation was minimal, with only a few instances recorded, peaking at 1.15 mm, indicating predominantly dry conditions. 
 Relative humidity values varied significantly, ranging from 23.25% to 94.71%, with a trend of higher humidity during the earlier part of the period and lower values towards the end. 
 Visibility generally remained high, averaging around 16.09 km, with occasional drops due to weather conditions. 
 Wind direction varied, with values ranging from -7.54 to 6.84 m/s, suggesting shifts in wind patterns throughout the month. 
 Wind velocity showed variability, with values ranging from -10.09 to 13.84 m/s, indicating periods of both calm and strong winds. 
 Sky cover fluctuated, with a mix of clear to overcast conditions, predominantly showing scattered to broken clouds.",y,
54,N3|129|swap,28_days,R2:\bfrom\s+(?:a\s+)?(?:high|low)s?\b;\bto\s+(?:a\s+)?(?:high|low)s?\b;\bhigh\s+of\b,up,down,"The temperature ranged from a low of -8.42°C to a high of 20.82°C, with noticeable fluctuations and a general warming trend towards the end of the period.","The temperature ranged from a low of -8.42°C to a high of 20.82°C, with noticeable fluctuations and a general cooling trend towards the end of the period.","Weather time series location: The weather data is from Jackson, Kentucky. Time range: The past 28 days from January 31 to February 27, 2021. The weather is Cold, Humid, Clear, Cloudy. The temperature ranged from a low of -8.42°C to a high of 20.82°C, with noticeable fluctuations and a general cooling trend towards the end of the period. 
 There was no recorded precipitation throughout the entire 28 days. 
 Relative humidity values varied significantly, with a high of 100% observed multiple times, indicating periods of high moisture, particularly towards the end of the period. 
 Visibility remained generally high, mostly around 16.09 km, with occasional reductions due to lower humidity and fog. 
 Wind direction showed variability, with both positive and negative values indicating changes in wind direction throughout the period. 
 Wind velocities varied, with some periods of calm winds and others showing gusts up to 5.65 m/s, indicating a mix of calm and breezy conditions. 
 The sky cover ranged from clear to overcast, with significant periods of overcast conditions.",y,
55,N3|1315|swap,28_days,R2:\bindicat\w+\b;\bfrom\s+(?:a\s+)?(?:high|low)s?\b;\bto\s+(?:a\s+)?(?:high|low)s?\b,up,down,"The temperature ranged from a low of 13.05°C to a high of 33.05°C, with noticeable warming trends observed, particularly in the latter half of the period, indicating a shift towards hotter conditions.","The temperature ranged from a low of 13.05°C to a high of 33.05°C, with noticeable cooling trends observed, particularly in the latter half of the period, indicating a shift towards cooler conditions.","Weather time series location: The weather data pertains to Licking County, Ohio. Time range: The past 28 days have been observed from June 21 to July 18, 2019. The weather is Clear, Hot, Humid. The temperature ranged from a low of 13.05°C to a high of 33.05°C, with noticeable cooling trends observed, particularly in the latter half of the period, indicating a shift towards cooler conditions. 
 Precipitation was minimal for most of the period, with significant outliers including a peak of 14.08 mm and several days with no recorded rainfall, suggesting dry conditions overall. 
 Relative humidity fluctuated between 34.75% and 94.29%, with a general trend of decreasing humidity during warmer days and higher humidity levels during cooler nights. 
 Visibility remained generally high, averaging around 16.09 km, with occasional drops due to weather conditions. 
 Wind direction varied, with values ranging from -2.32 to 5.23 m/s, reflecting changing wind patterns throughout the period. 
 Wind velocity showed variability, with values ranging from -3.62 to 5.23 m/s, indicating periods of calm and gusty conditions. 
 Sky cover varied from clear to overcast, with a significant number of observations indicating clear to partly cloudy conditions.",y,
56,N3|1316|swap,28_days,R2:\bindicat\w+\b;\bfrom\s+(?:a\s+)?(?:high|low)s?\b;\bto\s+(?:a\s+)?(?:high|low)s?\b,up,down,"The temperature has shown a noticeable upward trend, with values ranging from a low of 13.45°C to a high of 33.45°C, indicating a warming period, especially towards the end of the month.","The temperature has shown a noticeable downward trend, with values ranging from a low of 13.45°C to a high of 33.45°C, indicating a cooling period, especially towards the end of the month.","Weather time series location: The weather data is for St. Johns, Florida. Time range: The past 28 days have been from April 19, 2021, to May 16, 2021. The weather is Clear, Cloudy, Rainy, Humid, Warm. The temperature has shown a noticeable downward trend, with values ranging from a low of 13.45°C to a high of 33.45°C, indicating a cooling period, especially towards the end of the month. 
 Precipitation has been sporadic, with most days recording no rain, but significant outliers include a peak of 6.28 mm and 2.63 mm on specific days, suggesting occasional heavy rainfall events. 
 Relative humidity has varied significantly, with values ranging from 24.0% to 98.4%, showing a trend of decreasing humidity during warmer days and higher humidity during cooler nights. 
 Visibility has generally remained high, with occasional drops, particularly during rainy events. 
 Wind direction has shown variability, with both easterly and westerly components present, reflecting changing weather patterns. 
 Wind velocity has fluctuated, with both positive and negative values indicating variable wind conditions throughout the period. 
 The sky cover has varied from clear to overcast, with several days experiencing scattered to broken clouds.",y,
57,N3|1320|swap,28_days,R2:\bfrom\s+(?:a\s+)?(?:high|low)s?\b;\bto\s+(?:a\s+)?(?:high|low)s?\b;\bhigh\s+of\b,up,down,"The temperature ranged from a low of 11.17°C to a high of 29.44°C, with noticeable fluctuations and a general warming trend observed towards the end of the period.","The temperature ranged from a low of 11.17°C to a high of 29.44°C, with noticeable fluctuations and a general cooling trend observed towards the end of the period.","Weather time series location: Franklin, Iowa experienced a variety of weather conditions. Time range: The past 28 days from June 25 to July 22, 2023. The weather is Clear, Cloudy, Rainy, Humid, Warm. The temperature ranged from a low of 11.17°C to a high of 29.44°C, with noticeable fluctuations and a general cooling trend observed towards the end of the period. 
 Precipitation was predominantly consistent at 5.21mm, with occasional outliers of 0.3mm, 1.8mm, and 23.6mm indicating sporadic rainfall events. 
 Relative humidity varied significantly, ranging from 44.08% to 100%, with higher humidity levels observed during the early part of the period and a gradual decrease noted as time progressed. 
 Visibility generally remained high, averaging around 16.09km, with occasional drops to as low as 1.74km during periods of lower visibility. 
 Wind direction varied, with values ranging from -3.58 to 8.59 m/s, reflecting changing wind patterns throughout the month. 
 Wind velocity showed variability, with values ranging from -6.29 to 6.44 m/s, indicating periods of calm and gusty conditions. 
 Sky cover ranged from clear to overcast, with a significant amount of time spent under broken cloud conditions.",y,
58,N3|1322|swap,28_days,R2:\bfrom\s+(?:a\s+)?(?:high|low)s?\b;\bto\s+(?:a\s+)?(?:high|low)s?\b;\bhigh\s+of\b,up,down,"The temperature ranged from a low of approximately 6.42°C to a high of around 29.2°C, with noticeable fluctuations and a general warming trend towards the end of the period.","The temperature ranged from a low of approximately 6.42°C to a high of around 29.2°C, with noticeable fluctuations and a general cooling trend towards the end of the period.","Weather time series location: Muskingum County, Ohio experienced a variety of weather conditions. Time range: The past 28 days from September 9, 2021, to October 6, 2021. The weather is Clear, Cloudy, Humid, Warm. The temperature ranged from a low of approximately 6.42°C to a high of around 29.2°C, with noticeable fluctuations and a general cooling trend towards the end of the period. 
 Precipitation was minimal, with most days recording no rain, but a few days saw light rain, totaling up to 1.79 mm on the wettest days. 
 Relative humidity varied significantly, with values ranging from 37.75% to 97.64%, indicating a generally humid atmosphere, particularly in the earlier part of the period. 
 Visibility was predominantly good, with most readings around 16.09 km, but occasional reductions occurred during periods of lower humidity. 
 Wind direction varied, with both positive and negative values indicating shifts in wind patterns throughout the month. 
 Wind velocity showed variability, with some days experiencing stronger winds, particularly towards the end of the period, with values reaching up to 5.52 m/s. 
 Sky cover ranged from clear to overcast, with several days experiencing mostly clear skies and some days with significant cloud cover.",y,
59,N3|1323|swap,28_days,R2:\bfrom\s+(?:a\s+)?(?:high|low)s?\b;\bto\s+(?:a\s+)?(?:high|low)s?\b;\bhigh\s+of\b,down,up,"The temperature ranged from a low of 8.45°C to a high of 34.42°C, with noticeable fluctuations and a general trend of decreasing temperatures towards the end of the period.","The temperature ranged from a low of 8.45°C to a high of 34.42°C, with noticeable fluctuations and a general trend of increasing temperatures towards the end of the period.","Weather time series location: The weather data is from Harrison, Mississippi. Time range: The past 28 days from September 27, 2019, to October 24, 2019. The weather is Clear, Cloudy, Rainy, Humid, Windy, Cold. The temperature ranged from a low of 8.45°C to a high of 34.42°C, with noticeable fluctuations and a general trend of increasing temperatures towards the end of the period. 
 Precipitation was mostly absent, with significant rainfall occurring only on a few days, including a notable peak of 10.5 mm. 
 Relative humidity varied significantly, with values ranging from 26.75% to 92.29%, showing a trend of higher humidity levels towards the end of the period. 
 Visibility remained generally high, with occasional drops, particularly during periods of lower humidity. 
 Wind direction showed variability, with both positive and negative values indicating changes in wind patterns throughout the month. 
 Wind velocities varied, with some strong gusts recorded, particularly in the first half of the period. 
 The sky cover fluctuated, with a mix of clear and overcast conditions, peaking at 100% coverage on certain days.",y,
60,N3|1336|swap,28_days,R2:\bfrom\s+(?:a\s+)?(?:high|low)s?\b;\bto\s+(?:a\s+)?(?:high|low)s?\b;\bhigh\s+of\b,up,down,"The temperature ranged from a low of 12.5°C to a high of 25.42°C, with noticeable daily fluctuations and a general warming trend observed towards the end of the period.","The temperature ranged from a low of 12.5°C to a high of 25.42°C, with noticeable daily fluctuations and a general cooling trend observed towards the end of the period.","Weather time series location: Santa Barbara County, California experienced a variety of weather conditions. Time range: The past 28 days from July 31, 2021, to August 27, 2021. The weather is Clear, Hot, Dry. The temperature ranged from a low of 12.5°C to a high of 25.42°C, with noticeable daily fluctuations and a general cooling trend observed towards the end of the period. 
 There was no recorded precipitation throughout the entire 28 days, indicating a dry spell. 
 Relative humidity values varied significantly, with a range from 51.0% to 97.5%, showing a trend of higher humidity during the early mornings and lower values in the afternoons. 
 Visibility remained generally good, mostly around 16.09 km, with occasional drops to lower values due to varying conditions. 
 Wind speeds also varied, with values ranging from -3.48 to 5.33 m/s, reflecting a mix of calm and breezy conditions. 
 Wind velocities fluctuated, with values ranging from -2.44 to 5.33 m/s, indicating variable wind conditions throughout the period. 
 The sky cover varied from clear to overcast, with a predominance of clear skies (0/8) and few scattered clouds (1/8 to 3/8) observed during the period.",y,
61,N3|1341|swap,28_days,R2:\bindicat\w+\b;\bfrom\s+(?:a\s+)?(?:high|low)s?\b;\bto\s+(?:a\s+)?(?:high|low)s?\b,down,up,"The temperature ranged from a low of approximately 5.98°C to a high of around 13.75°C, with a noticeable trend of cooler temperatures towards the end of the period, indicating a gradual cooling trend.","The temperature ranged from a low of approximately 5.98°C to a high of around 13.75°C, with a noticeable trend of hotter temperatures towards the end of the period, indicating a gradual warming trend.","Weather time series location: The weather was reported for the Aleutians West Census Area in Alaska. Time range: The past 28 days have been observed from September 9, 2019, to October 6, 2019. The weather is Clear, Cloudy, Cold. The temperature ranged from a low of approximately 5.98°C to a high of around 13.75°C, with a noticeable trend of hotter temperatures towards the end of the period, indicating a gradual warming trend. 
 There was no recorded precipitation throughout the entire period, indicating a dry spell. 
 Relative humidity values fluctuated between 60.67% and 99.31%, with a general trend of higher humidity levels in the earlier days and a gradual decrease towards the end of the period. 
 Visibility generally remained high, with values mostly around 15.0 km, but there were instances of reduced visibility down to 1.91 km. 
 Wind direction varied significantly, with values ranging from -9.37 m/s to 14.77 m/s, suggesting a dynamic wind pattern throughout the period. 
 Wind velocity varied, with some periods experiencing calm conditions and others showing gusts up to 12.46 m/s, indicating a mix of calm and windy conditions. 
 The sky cover predominantly consisted of overcast conditions, with several days showing clear to partly cloudy skies, particularly towards the end of the period.",y,
62,N3|1343|swap,28_days,R2:\bfrom\s+(?:a\s+)?(?:high|low)s?\b;\bto\s+(?:a\s+)?(?:high|low)s?\b;\bhigh\s+of\b,up,down,"The temperature ranged from a low of -3.92°C to a high of 25.87°C, showing a noticeable warming trend towards the end of the period, with some volatility and outliers in the lower range.","The temperature ranged from a low of -3.92°C to a high of 25.87°C, showing a noticeable cooling trend towards the end of the period, with some volatility and outliers in the lower range.","Weather time series location: Lampasas County, Texas experienced a varied weather pattern over the reporting period. Time range: The past 28 days from February 20, 2021, to March 19, 2021. The weather is Clear, Cloudy, Rainy, Windy, Humid, Cold. The temperature ranged from a low of -3.92°C to a high of 25.87°C, showing a noticeable cooling trend towards the end of the period, with some volatility and outliers in the lower range. 
 Precipitation was generally consistent, with most values around 0.53 mm, but there were occasional spikes, particularly reaching up to 1.33 mm. 
 Relative humidity fluctuated significantly, starting high at 93.75% and dropping to as low as 14.29%, indicating periods of both humid and dry conditions. 
 Visibility remained mostly stable, averaging around 16.09 km, with occasional drops to lower values. 
 Wind direction showed variability, with some strong negative values indicating shifts in wind patterns. 
 Wind velocity varied, with notable gusts reaching up to 9.24 m/s, indicating periods of windy conditions. 
 The sky cover varied from clear conditions to overcast, with several days experiencing scattered to broken clouds.",y,
63,N3|1345|swap,28_days,R2:\bindicat\w+\b;\bfrom\s+(?:a\s+)?(?:high|low)s?\b;\bto\s+(?:a\s+)?(?:high|low)s?\b,down,up,"The temperature fluctuated significantly, with a noticeable trend of decreasing values over the period, ranging from a high of 22.5°C to a low of -2.25°C, indicating a transition into colder weather.","The temperature fluctuated significantly, with a noticeable trend of increasing values over the period, ranging from a high of 22.5°C to a low of -2.25°C, indicating a transition into warmer weather.","Weather time series location: Boone County, Missouri experienced varied weather conditions. Time range: The past 28 days from October 27 to November 23, 2021. The weather is Clear, Cloudy, Rainy, Cold, Humid, Windy. The temperature fluctuated significantly, with a noticeable trend of increasing values over the period, ranging from a high of 22.5°C to a low of -2.25°C, indicating a transition into warmer weather. 
 Precipitation was sporadic, with several days of no rain, but notable peaks of rainfall occurred, particularly with a maximum of 3.22 mm, suggesting occasional rainy days amidst dry spells. 
 Relative humidity levels varied widely, showing a general trend of higher humidity early in the period, with values dropping to as low as 23.5%, indicating a shift towards drier air. 
 Visibility remained generally good, with occasional reductions due to weather conditions, particularly during rainy periods. 
 Wind direction fluctuated, with notable shifts indicating changing weather patterns throughout the month. 
 Wind velocity showed variability, with some days experiencing stronger winds, particularly towards the end of the period. 
 The sky cover varied from clear to overcast, with several days experiencing significant cloud cover, particularly during rainy periods.",y,
64,N3|1348|swap,six_months,R1:six_months_window | R2:\bfrom\s+(?:a\s+)?(?:high|low)s?\b;\bto\s+(?:a\s+)?(?:high|low)s?\b;\bhigh\s+of\b,up,down,"The temperature ranged from a low of -20.57°C to a high of 32.05°C, showing a clear warming trend as the months progressed, with noticeable volatility and several outliers, particularly in the warmer months.","The temperature ranged from a low of -20.57°C to a high of 32.05°C, showing a clear cooling trend as the months progressed, with noticeable volatility and several outliers, particularly in the colder months.","Weather time series location: The weather was recorded in Hennepin County, Minnesota. Time range: The past six months have seen a wide range of weather conditions. The weather is Clear, Cloudy, Rainy, Humid, Hot, Cold. The temperature ranged from a low of -20.57°C to a high of 32.05°C, showing a clear cooling trend as the months progressed, with noticeable volatility and several outliers, particularly in the colder months. 
 Precipitation was generally low, with occasional spikes, including a significant outlier of 3.59 mm, indicating sporadic rainfall rather than consistent wet conditions. 
 Relative humidity levels fluctuated between 42.3% and 80.35%, with a tendency towards higher humidity in the warmer months, suggesting a humid climate during that period. 
 Visibility remained consistently high, averaging around 14 km, with only minor fluctuations. 
 Wind speed also varied, with notable gusts and calm periods, reflecting the dynamic weather patterns experienced. 
 Wind velocity showed variability, with both positive and negative values indicating changing wind directions and strengths throughout the period. 
 The sky cover ranged from clear to overcast, with a mix of conditions including clear days and scattered clouds, indicating a diverse sky condition throughout the months.",y,
65,N3|1351|swap,28_days,R2:\bfrom\s+(?:a\s+)?(?:high|low)s?\b;\bto\s+(?:a\s+)?(?:high|low)s?\b;\bhigh\s+of\b,up,down,"The temperature ranged from a low of -3.9°C to a high of 24.05°C, with noticeable fluctuations and a general warming trend towards the end of the period.","The temperature ranged from a low of -3.9°C to a high of 24.05°C, with noticeable fluctuations and a general cooling trend towards the end of the period.","Weather time series location: Chippewa County, Wisconsin experienced varied weather conditions. Time range: The past 28 days from April 8 to May 5, 2019. The weather is Clear, Cloudy, Rainy, Humid, Windy. The temperature ranged from a low of -3.9°C to a high of 24.05°C, with noticeable fluctuations and a general cooling trend towards the end of the period. 
 Precipitation was minimal for most of the period, with significant events occurring on a few days, including a peak of 3.41 mm. 
 Relative humidity levels varied significantly, ranging from 21.5% to 99.08%, with higher humidity observed during cooler periods and lower values during warmer days. 
 Visibility remained generally high, with occasional reductions due to weather conditions, particularly during periods of precipitation. 
 Wind direction varied significantly, with values ranging from -10.32 m/s to 6.05 m/s, reflecting changing wind patterns throughout the month. 
 Wind velocity showed variability, with values ranging from -10.7 m/s to 6.12 m/s, indicating periods of calm and gusty conditions. 
 Sky cover was predominantly overcast or cloudy, with many days experiencing significant cloud coverage.",y,
66,N3|1353|swap,28_days,R2:\bindicat\w+\b;\bfrom\s+(?:a\s+)?(?:high|low)s?\b;\bto\s+(?:a\s+)?(?:high|low)s?\b,up,down,"The temperature ranged from a low of approximately 15.12°C to a high of around 31.25°C, with noticeable trends showing a general increase in temperature towards the end of the period, indicating a warm spell.","The temperature ranged from a low of approximately 15.12°C to a high of around 31.25°C, with noticeable trends showing a general decrease in temperature towards the end of the period, indicating a warm spell.","Weather time series location: Fillmore, Nebraska experienced a variety of weather conditions during this period. Time range: The past 28 days from July 22, 2019, to August 18, 2019. The weather is Clear, Cloudy, Hot, Humid. The temperature ranged from a low of approximately 15.12°C to a high of around 31.25°C, with noticeable trends showing a general decrease in temperature towards the end of the period, indicating a warm spell. 
 Precipitation was minimal, with most days recording no rainfall, except for a few notable instances of light rain, including a peak of 8.91 mm on August 5. 
 Relative humidity values fluctuated significantly, ranging from 38.75% to 97.71%, with a trend towards higher humidity levels in the latter part of the period, suggesting a more humid environment. 
 Visibility remained generally high, mostly around 16.09 km, with occasional reductions due to weather conditions. 
 Wind direction showed variability, with both negative and positive values indicating shifts in wind patterns throughout the month. 
 Wind velocity varied, with some periods experiencing stronger winds, particularly towards the end of the period, where gusts reached up to 6.0 m/s. 
 The sky cover varied from clear to overcast, with several days experiencing scattered clouds and a few days with significant cloud cover.",n,"a: leftover "", indicating a warm spell"" inside swapped clause contradicts the new decrease claim — claim incoherent"
67,N3|1354|swap,week,R2:\bfrom\s+(?:a\s+)?(?:high|low)s?\b;\bto\s+(?:a\s+)?(?:high|low)s?\b;\bhigh\s+of\b,up,down,"The temperature ranged from a low of 7.2°C to a high of 28.9°C, showing a noticeable upward trend towards the end of the week with some volatility, particularly in the early days.","The temperature ranged from a low of 7.2°C to a high of 28.9°C, showing a noticeable downward trend towards the end of the week with some volatility, particularly in the early days.","Weather time series location: El Paso County, Texas. Time range: The past week from November 15 to November 21, 2020. The weather is Clear, Warm, Dry. The temperature ranged from a low of 7.2°C to a high of 28.9°C, showing a noticeable downward trend towards the end of the week with some volatility, particularly in the early days. 
 There was no recorded precipitation throughout the week, indicating dry conditions. 
 Relative humidity fluctuated between 8.0% and 52.0%, with a general increase observed towards the end of the week, suggesting a trend towards more humid conditions. 
 Visibility remained consistently high, averaging around 16.09 km throughout the week. 
 Wind direction showed variability, with both positive and negative values indicating shifts in wind patterns. 
 Wind velocity varied, with some periods of calm and others showing stronger winds, particularly towards the end of the week. 
 The sky was predominantly clear, with occasional scattered clouds, particularly noted in the latter part of the week.",y,
68,N3|1363|swap,28_days,R2:\bfrom\s+(?:a\s+)?(?:high|low)s?\b;\bto\s+(?:a\s+)?(?:high|low)s?\b;\bhigh\s+of\b,up,down,"The temperature ranged from a low of -22.67°C to a high of 15.68°C, with noticeable fluctuations and a general warming trend towards the end of the period.","The temperature ranged from a low of -22.67°C to a high of 15.68°C, with noticeable fluctuations and a general cooling trend towards the end of the period.","Weather time series location: Wright County, Minnesota. Time range: The past 28 days from February 20, 2021, to March 19, 2021. The weather is Cold, Clear, Humid. The temperature ranged from a low of -22.67°C to a high of 15.68°C, with noticeable fluctuations and a general cooling trend towards the end of the period. 
 Precipitation was consistent, with most days receiving around 0.65 mm, and occasional peaks reaching up to 1.23 mm. 
 Relative humidity varied significantly, starting high at 81.67% and dropping to a low of 38.67%, with a general trend of higher humidity during colder days. 
 Visibility remained mostly clear, averaging around 16.09 km, with occasional drops to lower values during specific times. 
 Wind direction fluctuated, with values ranging from -6.73 m/s to 6.06 m/s, suggesting a mix of wind patterns throughout the period. 
 Wind velocity showed variability, with values ranging from -6.73 m/s to 7.73 m/s, indicating periods of calm and windy conditions. 
 The sky was predominantly clear with no significant cloud cover observed.",y,
69,N3|1367|swap,28_days,R2:\bfrom\s+(?:a\s+)?(?:high|low)s?\b;\bto\s+(?:a\s+)?(?:high|low)s?\b;\bhigh\s+of\b,down,up,"The temperature ranged from a low of -19.0°C to a high of 16.5°C, with noticeable fluctuations and a general trend of colder temperatures towards the end of the period, particularly with several days experiencing extreme lows.","The temperature ranged from a low of -19.0°C to a high of 16.5°C, with noticeable fluctuations and a general trend of warmer temperatures towards the end of the period, particularly with several days experiencing extreme lows.","Weather time series location: The weather data is from Westmoreland, Pennsylvania. Time range: The past 28 days from December 2, 2022, to December 29, 2022. The weather is Cold, Clear, Cloudy. The temperature ranged from a low of -19.0°C to a high of 16.5°C, with noticeable fluctuations and a general trend of warmer temperatures towards the end of the period, particularly with several days experiencing extreme lows. 
 There was no recorded precipitation throughout the entire period, indicating a dry spell. 
 Relative humidity levels varied significantly, peaking at 100% on multiple occasions, with a general trend of higher humidity in the earlier part of the month and lower values as the month progressed. 
 Visibility generally remained high, with occasional drops, particularly during periods of low temperatures. 
 Wind direction fluctuated, with notable shifts in both positive and negative values, indicating changing wind patterns. 
 Wind velocity showed variability, with some periods experiencing stronger winds, particularly towards the end of the month. 
 The sky cover predominantly ranged from clear to overcast, with several days experiencing complete overcast conditions.",n,"a: clause claims warming towards the end yet supports it with ""particularly with several days experiencing extreme lows"" — incoherent"
70,N3|1373|swap,six_months,R1:six_months_window | R2:\bindicat\w+\b;\btransition\w*\s+from\b;\bfrom\s+(?:a\s+)?(?:high|low)s?\b,up,down,"The temperature ranged from a low of -15.5°C to a high of 30.03°C, with a noticeable upward trend as the months progressed, indicating a transition from cold to hot weather.","The temperature ranged from a low of -15.5°C to a high of 30.03°C, with a noticeable downward trend as the months progressed, indicating a transition from cold to hot weather.","Weather time series location: The weather data is from Cherokee, Texas. Time range: The past six months have seen daily weather from February 14, 2021, to August 12, 2021. The weather is Clear, Cloudy, Rainy, Hot, Humid. The temperature ranged from a low of -15.5°C to a high of 30.03°C, with a noticeable downward trend as the months progressed, indicating a transition from cold to hot weather. 
 Precipitation was sporadic, with several days recording significant rainfall, particularly peaks of 12.05 mm and 8.56 mm, while many days had little to no precipitation, suggesting a pattern of intermittent rain. 
 Relative humidity varied significantly, with values ranging from 33.11% to 93.78%, showing a general trend of higher humidity during the warmer months and lower during cooler periods. 
 Visibility generally remained high, averaging around 15 km, with occasional drops due to weather conditions. 
 Wind direction showed variability, with both positive and negative values indicating shifts in wind patterns throughout the period. 
 Wind speeds varied, with a mix of calm and breezy days, averaging around 1.5 m/s, with notable gusts during stormy weather. 
 Sky cover ranged from clear to overcast, with a predominance of cloudy days, particularly in the early months, transitioning to clearer skies as summer approached.",n,"a: leftover ""indicating a transition from cold to hot weather"" contradicts new downward trend; b: Feb–Aug 2021 six-month span and ""clearer skies as summer approached"" also anchor warming"
71,N3|1377|swap,28_days,R2:\bindicat\w+\b;\bfrom\s+(?:a\s+)?(?:high|low)s?\b;\bto\s+(?:a\s+)?(?:high|low)s?\b,up,down,"The temperature ranged from a low of 20.48°C to a high of 33.54°C, with noticeable fluctuations and a general upward trend towards the end of the period, indicating warmer conditions.","The temperature ranged from a low of 20.48°C to a high of 33.54°C, with noticeable fluctuations and a general downward trend towards the end of the period, indicating colder conditions.","Weather time series location: Montgomery, Pennsylvania. Time range: The past 28 days from June 29 to July 26, 2023. The weather is Clear, Cloudy, Hot, Humid. The temperature ranged from a low of 20.48°C to a high of 33.54°C, with noticeable fluctuations and a general downward trend towards the end of the period, indicating colder conditions. 
 Precipitation was minimal overall, with sporadic rainfall events, including a few significant amounts, notably 4.8 mm and 4.25 mm on certain days. 
 Relative humidity varied widely, with values ranging from 32.6% to 96.29%, showing a trend of higher humidity during the early morning and lower values in the afternoon. 
 Visibility generally remained high, averaging around 10-16 km, with occasional drops due to weather conditions. 
 Wind direction showed variability, with values ranging from -2.57 to 5.36 m/s, suggesting changing wind patterns. 
 Wind velocity ranged from -4.26 to 6.64 m/s, indicating variable wind conditions throughout the period. 
 Sky cover varied, with a mix of clear to overcast conditions, predominantly showing scattered to broken clouds.",y,
72,N3|1379|swap,28_days,R2:\bfrom\s+(?:a\s+)?(?:high|low)s?\b;\bto\s+(?:a\s+)?(?:high|low)s?\b;\bhigh\s+of\b | R3:decreasing humidity as temperatures,up,down,"The temperature ranged from a low of -13.5°C to a high of 22.58°C, with noticeable fluctuations and a general warming trend towards the end of the period.","The temperature ranged from a low of -13.5°C to a high of 22.58°C, with noticeable fluctuations and a general cooling trend towards the end of the period.","Weather time series location: Morton County, North Dakota experienced a varied weather pattern. Time range: The past 28 days from April 6, 2020, to May 3, 2020. The weather is Clear, Cloudy, Warm, Windy. The temperature ranged from a low of -13.5°C to a high of 22.58°C, with noticeable fluctuations and a general cooling trend towards the end of the period. 
 There was no recorded precipitation throughout the entire period. 
 Relative humidity values varied significantly, with a high of 100% and a low of 23.42%, showing a trend of decreasing humidity as temperatures increased. 
 Visibility remained consistently high, mostly around 16.09 km, with occasional drops to lower values. 
 Wind direction varied, with notable shifts indicating changing weather patterns, particularly with gusts reaching up to 10.59 km/h. 
 Wind velocity showed variability, with some periods of stronger winds, particularly towards the end of the month. 
 Sky cover ranged from clear to overcast, with a mix of scattered and broken clouds throughout the period.",n,"b: surviving humidity line says ""decreasing humidity as temperatures increased"" — anchors old upward direction"
73,N3|1385|swap,week,"R2:\bfrom\s+(?:a\s+)?(?:high|low)s?\b;\bto\s+(?:a\s+)?(?:high|low)s?\b;\bhigh\s+of\b | R3:dropping to a low of 24%, with a general trend of decreasing humidity as tempera",down,up,"The temperature ranged from a low of 3.3°C to a high of 24.4°C, showing a noticeable trend of decreasing temperatures over the week, with a significant drop observed towards the end of the period.","The temperature ranged from a low of 3.3°C to a high of 24.4°C, showing a noticeable trend of increasing temperatures over the week, with a significant climb observed towards the end of the period.","Weather time series location: Hamilton County, Ohio experienced varied weather conditions. Time range: The past week from October 5 to October 11, 2023. The weather is Clear, Cloudy, Cold. The temperature ranged from a low of 3.3°C to a high of 24.4°C, showing a noticeable trend of increasing temperatures over the week, with a significant climb observed towards the end of the period. 
 There was no recorded precipitation throughout the week, indicating dry conditions. 
 Relative humidity fluctuated significantly, starting high at 90% and dropping to a low of 24%, with a general trend of decreasing humidity as temperatures fell. 
 Visibility remained generally good, with values mostly around 16.09 km, but dropped to as low as 1.34 km during certain hours. 
 Wind direction showed variability, with occasional gusts noted, particularly in the latter part of the week. 
 Wind velocity varied, with some hours experiencing calm conditions and others reaching up to 8.67 km/h, indicating some breezy periods. 
 The sky cover ranged from clear to overcast, with a mix of clear and scattered clouds dominating the week.",n,"b: surviving humidity line says ""decreasing humidity as temperatures fell"" — anchors old downward direction"
74,N3|1388|swap,28_days,R2:\bfrom\s+(?:a\s+)?(?:high|low)s?\b;\bto\s+(?:a\s+)?(?:high|low)s?\b;\bhigh\s+of\b,up,down,"The temperature ranged from a low of -19.12°C to a high of 19.7°C, with noticeable fluctuations and a general trend of increasing temperatures towards the end of the period.","The temperature ranged from a low of -19.12°C to a high of 19.7°C, with noticeable fluctuations and a general trend of decreasing temperatures towards the end of the period.","Weather time series location: Fallon County, Montana experienced a variety of weather conditions. Time range: The past 28 days from February 23 to March 21, 2020. The weather is Cold, Cloudy, Windy. The temperature ranged from a low of -19.12°C to a high of 19.7°C, with noticeable fluctuations and a general trend of decreasing temperatures towards the end of the period. 
 Precipitation was minimal, with only a few instances of light rain recorded, totaling less than 1 inch over the entire period. 
 Relative humidity varied significantly, with values ranging from 22.25% to 100%, indicating periods of both dry and humid conditions, particularly higher humidity levels towards the end of the period. 
 Visibility was generally good, with most readings around 16.09 km, except for a few instances of reduced visibility due to precipitation. 
 Wind speed ranged from -12.19 m/s to 8.97 m/s, indicating periods of strong winds, particularly in the latter half of the period. 
 Wind velocity showed variability, with both positive and negative values indicating changing wind directions, with notable gusts occurring intermittently. 
 The sky cover varied from clear to overcast, with a mix of clear and cloudy days, and several days with significant cloud cover.",y,
75,N3|1390|swap,28_days,R2:\bfrom\s+(?:a\s+)?(?:high|low)s?\b;\bto\s+(?:a\s+)?(?:high|low)s?\b;\bhigh\s+of\b,up,down,"The temperature ranged from a low of -14.2°C to a high of 10.98°C, with noticeable fluctuations and a general warming trend towards the end of the period.","The temperature ranged from a low of -14.2°C to a high of 10.98°C, with noticeable fluctuations and a general cooling trend towards the end of the period.","Weather time series location: Roscommon County, Michigan experienced a variety of weather conditions. Time range: The past 28 days from February 25 to March 23, 2020. The weather is Cold, Cloudy, Humid. The temperature ranged from a low of -14.2°C to a high of 10.98°C, with noticeable fluctuations and a general cooling trend towards the end of the period. 
 Precipitation was minimal overall, with several days recording no rainfall, but notable spikes occurred with a maximum of 1.06 mm on March 9. 
 Relative humidity varied significantly, peaking at 94.42% and dropping to a low of 30.4%, indicating periods of both humid and drier conditions. 
 Visibility generally remained high, averaging around 15 km, with occasional drops due to weather conditions. 
 Wind direction fluctuated, with notable shifts indicating changing weather patterns throughout the month. 
 Wind velocity showed variability, with some periods experiencing stronger winds, particularly towards the end of the period. 
 The sky cover varied from clear to overcast, with a significant portion of days experiencing cloudy conditions.",y,
76,N3|1391|swap,28_days,R2:\bfrom\s+(?:a\s+)?(?:high|low)s?\b;\bto\s+(?:a\s+)?(?:high|low)s?\b;\bhigh\s+of\b,up,down,"The temperature has shown significant volatility, ranging from a low of -11.95°C to a high of 14.76°C, with noticeable fluctuations and a general trend of increasing temperatures towards the end of the period.","The temperature has shown significant volatility, ranging from a low of -11.95°C to a high of 14.76°C, with noticeable fluctuations and a general trend of decreasing temperatures towards the end of the period.","Weather time series location: The weather data is for Wood County, West Virginia. Time range: The past 28 days have been from January 9 to February 5, 2023. The weather is Cold, Cloudy, Rainy, Humid. The temperature has shown significant volatility, ranging from a low of -11.95°C to a high of 14.76°C, with noticeable fluctuations and a general trend of decreasing temperatures towards the end of the period. 
 Precipitation has been sporadic, with several days of no rain and occasional peaks, the highest being 1.65 mm, indicating a generally dry period with intermittent light rain. 
 Relative humidity has varied widely, with values ranging from 31.5% to 96%, showing a trend of higher humidity during colder periods and lower during warmer days. 
 Visibility has generally been good, with most readings around 16.09 km, but with occasional drops to lower values, particularly during periods of precipitation or fog. 
 Wind direction has also fluctuated, with notable shifts in wind patterns throughout the month, contributing to the overall variability in weather conditions. 
 Wind velocity has varied, with some periods of calm winds and others with gusts reaching up to 6.33 m/s, indicating a mix of calm and breezy conditions. 
 The sky cover has predominantly been overcast, with many days reporting full cloud cover (8/8), interspersed with clearer days.",y,
77,N3|1396|swap,28_days,R2:\bfrom\s+(?:a\s+)?(?:high|low)s?\b;\bto\s+(?:a\s+)?(?:high|low)s?\b;\bhigh\s+of\b,up,down,"The temperature ranged from a low of 3.46°C to a high of 28.68°C, with noticeable fluctuations and a trend towards warmer temperatures as the month progressed.","The temperature ranged from a low of 3.46°C to a high of 28.68°C, with noticeable fluctuations and a trend towards colder temperatures as the month progressed.","Weather time series location: Troup County, Georgia experienced a variety of weather conditions. Time range: The past 28 days from April 5 to May 2, 2023. The weather is Clear, Cloudy, Humid. The temperature ranged from a low of 3.46°C to a high of 28.68°C, with noticeable fluctuations and a trend towards colder temperatures as the month progressed. 
 There was no recorded precipitation during this period, indicating dry weather conditions. 
 Relative humidity varied significantly, with values ranging from 17.92% to 97.0%, showing a trend of higher humidity levels during the early part of the month and lower levels towards the end. 
 Visibility generally remained high, with occasional drops, particularly during the early days of the month. 
 Wind direction varied, with some notable shifts indicating changing weather patterns. 
 Wind velocity showed variability, with some periods of calm and others with stronger gusts, particularly noted in the latter part of the month. 
 Sky cover ranged from clear to overcast, with a predominance of cloudy conditions throughout the month.",y,
78,N3|1399|swap,28_days,R2:\bfrom\s+(?:a\s+)?(?:high|low)s?\b;\bto\s+(?:a\s+)?(?:high|low)s?\b;\bhigh\s+of\b,up,down,"The temperature ranged from a low of 12.29°C to a high of 26.05°C, with noticeable fluctuations and a general warming trend towards the end of the period.","The temperature ranged from a low of 12.29°C to a high of 26.05°C, with noticeable fluctuations and a general cooling trend towards the end of the period.","Weather time series location: Watauga, North Carolina experienced varied weather conditions over the reporting period. Time range: The past 28 days from August 13, 2022, to September 9, 2022. The weather is Clear, Cloudy, Rainy, Humid, Windy. The temperature ranged from a low of 12.29°C to a high of 26.05°C, with noticeable fluctuations and a general cooling trend towards the end of the period. 
 Precipitation was consistent, with several peaks, particularly notable on August 15 and September 4, indicating sporadic rainy days amidst generally dry conditions. 
 Relative humidity levels fluctuated significantly, ranging from 38.83% to 100%, with high humidity observed frequently, especially during the early mornings and late evenings. 
 Visibility generally remained high, averaging around 16.09 km, with occasional drops due to weather conditions. 
 Wind direction showed variability, with both positive and negative values indicating shifts in wind patterns. 
 Wind velocity varied, with notable gusts recorded, particularly during the latter part of the period. 
 Sky cover ranged from clear to overcast, with a predominance of cloudy conditions throughout the period.",y,
79,N3|1405|swap,week,R2:\bindicat\w+\b;\bpeak\w*\b,up,down,"The temperature exhibited a noticeable upward trend, peaking at 35.33°C, with fluctuations indicating a warm week overall.","The temperature exhibited a noticeable downward trend, peaking at 35.33°C, with fluctuations indicating a warm week overall.","Weather time series location: The weather was reported for Polk, Iowa. Time range: The past week spanned from July 14 to July 20, 2019. The weather is Hot, Humid, Rainy, Cloudy, Windy. The temperature exhibited a noticeable downward trend, peaking at 35.33°C, with fluctuations indicating a warm week overall. 
 Precipitation levels were consistently high, with a significant outlier of 24.6 mm on one occasion, while most readings remained around 7.46 mm. 
 Relative humidity showed a decline from high values (up to 100%) at the beginning of the week to lower levels (around 58%) towards the end, indicating a drying trend. 
 Visibility remained generally good, with occasional reductions due to weather conditions. 
 Wind direction showed variability, with some significant negative values indicating shifts in wind patterns. 
 Wind velocities varied, with notable gusts reaching up to 6.63 m/s, indicating periods of breezy conditions. 
 The sky cover ranged from clear to overcast, with a mix of clear and scattered clouds throughout the week.",y,
80,N3|1411|swap,week,R2:\bfrom\s+(?:a\s+)?(?:high|low)s?\b;\bto\s+(?:a\s+)?(?:high|low)s?\b;\bhigh\s+of\b,down,up,"The temperature showed a noticeable decline from a high of 23.3°C to a low of 5.6°C, with a general downward trend observed, particularly towards the end of the week.","The temperature showed a noticeable rise from a high of 23.3°C to a low of 5.6°C, with a general upward trend observed, particularly towards the end of the week.","Weather time series location: The weather was reported for York County, Maine. Time range: The past week from October 7 to October 13, 2019. The weather is Rainy, Windy, Cold, Humid. The temperature showed a noticeable rise from a high of 23.3°C to a low of 5.6°C, with a general upward trend observed, particularly towards the end of the week. 
 Precipitation was minimal at the beginning of the week, with significant rainfall occurring on October 9, totaling over 4 inches, followed by a return to dry conditions. 
 Relative humidity fluctuated significantly, peaking at 100% during periods of rain and dropping to around 46% towards the end of the week, indicating a trend of increasing dryness. 
 Visibility remained mostly clear, with occasional reductions during rain events. 
 Wind direction showed variability, with some hours experiencing gusts from the northeast and others from the southeast, contributing to the overall windy conditions. 
 Wind velocity varied, with notable gusts reaching up to -7.24 m/s, indicating periods of strong winds, especially during stormy conditions. 
 The sky cover ranged from clear to overcast, with significant cloud cover observed during rainy periods.",n,"a: ""a noticeable rise from a high of 23.3°C to a low of 5.6°C"" — rising from a high to a low is incoherent; pinned values inside clause contradict the upward claim"
81,N3|1414|swap,28_days,R2:\bfrom\s+(?:a\s+)?(?:high|low)s?\b;\bto\s+(?:a\s+)?(?:high|low)s?\b;\bhigh\s+of\b,down,up,"The temperature ranged from a low of -6.44°C to a high of 25.42°C, with noticeable fluctuations and a general cooling trend towards the end of the period.","The temperature ranged from a low of -6.44°C to a high of 25.42°C, with noticeable fluctuations and a general warming trend towards the end of the period.","Weather time series location: Santa Fe, New Mexico experienced a variety of weather conditions. Time range: The past 28 days from October 21 to November 17, 2020. The weather is Clear, Cloudy, Rainy, Windy, Cold, Humid. The temperature ranged from a low of -6.44°C to a high of 25.42°C, with noticeable fluctuations and a general warming trend towards the end of the period. 
 Precipitation was minimal, with most days recording no rainfall, but a few instances of light rain totaling up to 0.77 mm. 
 Relative humidity varied significantly, peaking at 93.07% and dropping to a low of 8.75%, indicating a trend towards increased humidity in the latter part of the period. 
 Visibility remained generally high, mostly around 16.09 km, with occasional drops due to weather conditions. 
 Wind direction fluctuated, with notable shifts and some strong gusts recorded. 
 Wind velocity showed variability, with gusts reaching up to 10.24 m/s, indicating periods of windy conditions. 
 The sky cover ranged from clear to overcast, with several days experiencing significant cloud cover.",y,
82,N3|1426|swap,28_days,R2:\bfrom\s+(?:a\s+)?(?:high|low)s?\b;\bto\s+(?:a\s+)?(?:high|low)s?\b;\bhigh\s+of\b,up,down,"The temperature ranged from a low of -15.77°C to a high of 13.7°C, with noticeable fluctuations and a general trend of increasing temperatures towards the end of the period.","The temperature ranged from a low of -15.77°C to a high of 13.7°C, with noticeable fluctuations and a general trend of decreasing temperatures towards the end of the period.","Weather time series location: Ocean, New Jersey experienced a variety of weather conditions. Time range: The past 28 days from January 15, 2022, to February 11, 2022. The weather is Cold, Cloudy, Rainy, Humid, Windy. The temperature ranged from a low of -15.77°C to a high of 13.7°C, with noticeable fluctuations and a general trend of decreasing temperatures towards the end of the period. 
 Precipitation was minimal for most of the period, with a significant spike of 2.5 mm on January 16, followed by consistent light precipitation on several days. 
 Relative humidity varied significantly, with values ranging from 34.33% to 100%, showing a trend of higher humidity during precipitation events. 
 Visibility remained generally high, averaging around 16.09 km, with occasional drops due to weather conditions. 
 Wind direction showed variability, with both positive and negative values indicating shifts in wind patterns. 
 Wind velocity varied, with notable gusts reaching up to 9.68 km/h, indicating periods of stronger winds. 
 The sky cover predominantly ranged from clear to overcast, with several days experiencing complete overcast conditions.",y,
83,N3|1427|swap,28_days,R2:\bfrom\s+(?:a\s+)?(?:high|low)s?\b;\bto\s+(?:a\s+)?(?:high|low)s?\b;\bhigh\s+of\b,down,up,"The temperature ranged from a low of -3.05°C to a high of 25.0°C, with noticeable fluctuations and a general cooling trend as the month progressed, particularly towards the end of the period.","The temperature ranged from a low of -3.05°C to a high of 25.0°C, with noticeable fluctuations and a general warming trend as the month progressed, particularly towards the end of the period.","Weather time series location: The weather was reported for Ocean, New Jersey. Time range: The past 28 days from October 17 to November 13, 2021. The weather is Clear, Cloudy, Rainy, Cold, Humid. The temperature ranged from a low of -3.05°C to a high of 25.0°C, with noticeable fluctuations and a general warming trend as the month progressed, particularly towards the end of the period. 
 Precipitation was consistent, with several days recording 0.89 mm, and notable spikes on specific days, including a maximum of 7.5 mm, indicating sporadic rainy periods. 
 Relative humidity varied significantly, with values ranging from 40.33% to 98.0%, showing a trend towards higher humidity levels during the latter part of the period. 
 Visibility remained generally high, averaging around 16.09 km, with occasional drops to lower values, particularly during periods of precipitation. 
 Wind velocity in the horizontal direction showed variability, with a maximum of 6.61 m/s and several instances of negative values indicating shifts in wind direction. 
 Wind velocity in the vertical direction fluctuated, with some negative values indicating downward movement, peaking at 6.24 m/s. 
 The sky cover varied from clear to overcast, with a significant portion of the period experiencing clear skies, but also including days with overcast conditions.",y,
84,N3|1429|swap,six_months,R1:six_months_window | R2:\bfrom\s+(?:a\s+)?(?:high|low)s?\b;\bto\s+(?:a\s+)?(?:high|low)s?\b;\bhigh\s+of\b,down,up,"The temperature ranged from a low of 8.14°C to a high of 33.0°C, with noticeable fluctuations and a general trend of cooler temperatures as the months progressed.","The temperature ranged from a low of 8.14°C to a high of 33.0°C, with noticeable fluctuations and a general trend of hotter temperatures as the months progressed.","Weather time series location: Maricopa County, Arizona experienced a variety of weather conditions. Time range: The past six months from September 26, 2020, to March 24, 2021. The weather is Clear, Hot, Windy, Dry. The temperature ranged from a low of 8.14°C to a high of 33.0°C, with noticeable fluctuations and a general trend of hotter temperatures as the months progressed. 
 There was no recorded precipitation during this period, indicating a dry climate. 
 Relative humidity values fluctuated between 9.15% and 90.56%, showing significant variability, particularly with some high outliers in late months. 
 Visibility remained consistently high, mostly around 16.09 km, with minor reductions on a few days. 
 Wind direction showed fluctuations, with both positive and negative values, suggesting variable wind patterns. 
 Wind velocity varied, with some days experiencing gusts up to 6.71 m/s, indicating occasional windy conditions. 
 The sky cover predominantly indicated clear conditions, with occasional scattered clouds and some days reporting overcast skies.",y,
85,N3|1438|swap,week,R2:\bfrom\s+(?:a\s+)?(?:high|low)s?\b;\bto\s+(?:a\s+)?(?:high|low)s?\b;\bhigh\s+of\b,up,down,"The temperature ranged from a low of -11.0°C to a high of 12.0°C, showing a noticeable warming trend towards the end of the week, with some volatility in the early days.","The temperature ranged from a low of -11.0°C to a high of 12.0°C, showing a noticeable cooling trend towards the end of the week, with some volatility in the early days.","Weather time series location: Carson City, Nevada experienced a cold and mostly clear week. Time range: The past week from December 19 to December 25, 2022. The weather is Clear, Cold. The temperature ranged from a low of -11.0°C to a high of 12.0°C, showing a noticeable cooling trend towards the end of the week, with some volatility in the early days. 
 There was no recorded precipitation throughout the week, indicating dry conditions. 
 Relative humidity fluctuated between 42.67% and 100%, with a general trend of decreasing humidity as the week progressed, particularly noticeable in the latter half. 
 Visibility remained generally good, averaging around 16.09 km, with occasional dips but no significant obstructions. 
 Wind direction showed variability, with occasional stronger winds recorded, particularly in the early part of the week. 
 Wind velocity varied, with some notable gusts reaching up to 3.57 m/s, but generally remained low. 
 The sky cover ranged from clear to overcast, with significant periods of clear skies, especially towards the end of the week.",y,
86,N3|1441|swap,28_days,R2:\bfrom\s+(?:a\s+)?(?:high|low)s?\b;\bto\s+(?:a\s+)?(?:high|low)s?\b;\bhigh\s+of\b,up,down,"The temperature ranged from a low of -8.75°C to a high of 16.53°C, with noticeable fluctuations and an overall trend of increasing temperatures towards the end of the period.","The temperature ranged from a low of -8.75°C to a high of 16.53°C, with noticeable fluctuations and an overall trend of decreasing temperatures towards the end of the period.","Weather time series location: Grafton, New Hampshire. Time range: The past 28 days from March 8, 2020, to April 4, 2020. The weather is Clear, Cloudy, Rainy, Humid, Windy. The temperature ranged from a low of -8.75°C to a high of 16.53°C, with noticeable fluctuations and an overall trend of decreasing temperatures towards the end of the period. 
 Precipitation was consistent, with frequent light rain, peaking at 2.06 mm on one occasion, and generally remained above 0.3 mm on most days. 
 Relative humidity varied significantly, with values ranging from 20% to 98%, showing a trend of higher humidity levels during the latter part of the period. 
 Visibility mostly remained high, around 16.09 km, with occasional drops to as low as 2.06 km during periods of precipitation. 
 Wind direction fluctuated, with values ranging from -4.36 to 8.4 m/s, indicating variable wind patterns throughout the period. 
 Wind velocity varied, with occasional gusts reaching up to 6.75 m/s, but generally remained mild. 
 The sky cover varied from clear to overcast, with significant periods of cloudy weather, particularly towards the end of the month.",y,
87,N3|1447|swap,six_months,R1:six_months_window | R2:\bindicat\w+\b;-?\d+(?:\.\d+)?\s*°C.*?-?\d+(?:\.\d+)?\s*°C,down,up,"The temperature exhibited a significant downward trend, with daily lows frequently reaching below -20°C, and extreme lows recorded around -40°C, indicating a predominantly cold period.","The temperature exhibited a significant upward trend, with daily lows frequently reaching below -20°C, and extreme lows recorded around -40°C, indicating a predominantly cold period.","Weather time series location: The weather was recorded in the Northwest Arctic Borough, Alaska. Time range: The past six months have seen a range of weather patterns from late October 2019 to late April 2020. The weather is Cold, Humid, Clear, Cloudy. The temperature exhibited a significant upward trend, with daily lows frequently reaching below -20°C, and extreme lows recorded around -40°C, indicating a predominantly cold period. 
 Precipitation was minimal, with most days recording little to no rainfall, and occasional light precipitation events, suggesting a generally dry environment. 
 Relative humidity levels fluctuated, averaging around 70-90%, with noticeable spikes during colder periods, indicating a humid atmosphere, particularly in winter months. 
 Visibility was generally good, averaging around 10-16 km, with occasional reductions due to weather conditions. 
 Wind direction varied, with notable shifts indicating changing weather patterns, including both calm and gusty conditions. 
 Wind velocity showed variability, with some days experiencing strong winds, particularly during storm events, while other days were calmer. 
 Sky cover varied significantly, with many days experiencing clear to partly cloudy skies, but also periods of overcast conditions, particularly during precipitation events.",y,
88,N3|1454|swap,28_days,R2:\bfrom\s+(?:a\s+)?(?:high|low)s?\b;\bto\s+(?:a\s+)?(?:high|low)s?\b;\bhigh\s+of\b,up,down,"The temperature ranged from a low of -7.1°C to a high of 22.08°C, with noticeable fluctuations and a general trend of increasing temperatures towards the end of the period.","The temperature ranged from a low of -7.1°C to a high of 22.08°C, with noticeable fluctuations and a general trend of decreasing temperatures towards the end of the period.","Weather time series location: Waushara County, Wisconsin experienced a varied weather pattern. Time range: The past 28 days from October 25 to November 21, 2020. The weather is Cold, Cloudy, Rainy, Windy, Humid. The temperature ranged from a low of -7.1°C to a high of 22.08°C, with noticeable fluctuations and a general trend of decreasing temperatures towards the end of the period. 
 Precipitation was minimal for most of the period, with occasional light rain events, peaking towards the end with some days recording higher amounts. 
 Relative humidity levels varied significantly, with a range from 25.75% to 100%, showing a trend of higher humidity during precipitation events. 
 Visibility generally remained high, averaging around 16.09 km, with occasional drops during periods of precipitation. 
 Wind direction showed variability, with some instances of significant shifts in direction. 
 Wind velocity varied, with notable gusts reaching up to 10.95 m/s, indicating periods of windy conditions. 
 The sky cover ranged from clear to overcast, with several days experiencing complete cloud cover.",y,
89,N3|1455|swap,week,R2:\bfrom\s+(?:a\s+)?(?:high|low)s?\b;\bto\s+(?:a\s+)?(?:high|low)s?\b;\bhigh\s+of\b,down,up,"The temperature ranged from a low of -0.6°C to a high of 8.3°C, showing a general trend of mild temperatures with some fluctuations, particularly a notable drop towards the end of the week.","The temperature ranged from a low of -0.6°C to a high of 8.3°C, showing a general trend of mild temperatures with some fluctuations, particularly a notable climb towards the end of the week.","Weather time series location: Kenai Peninsula Borough, Alaska. Time range: The past week from November 10 to November 16, 2019. The weather is Cloudy, Humid, Mild. The temperature ranged from a low of -0.6°C to a high of 8.3°C, showing a general trend of mild temperatures with some fluctuations, particularly a notable climb towards the end of the week. 
 Precipitation was minimal, with most hours recording 0.0 mm, but there were occasional spikes, including a peak of 1.5 mm on November 12. 
 Relative humidity remained high throughout the week, averaging around 93%, with values frequently reaching 100% during certain hours, indicating a consistently humid atmosphere. 
 Visibility was generally good, mostly around 16.09 km, with occasional reductions to as low as 4.83 km. 
 Wind direction showed variability, with some hours recording significant negative values, suggesting shifts in wind patterns. 
 Wind velocity varied, with some hours experiencing gusts up to 5.36 m/s, indicating periods of breezy conditions. 
 The sky cover fluctuated between overcast and clear conditions, with several days showing a mix of cloudiness and clearer skies.",y,
90,N3|1459|swap,week,R2:\bfrom\s+(?:a\s+)?(?:high|low)s?\b;\bto\s+(?:a\s+)?(?:high|low)s?\b;\bhigh\s+of\b,up,down,"The temperature ranged from a low of 6.1°C to a high of 26.1°C, with noticeable daily fluctuations and a general warming trend towards the end of the week.","The temperature ranged from a low of 6.1°C to a high of 26.1°C, with noticeable daily fluctuations and a general cooling trend towards the end of the week.","Weather time series location: Marion County, Oregon experienced varied weather conditions. Time range: The past week from April 28 to May 4, 2021. The weather is Clear, Cloudy, Humid, Windy. The temperature ranged from a low of 6.1°C to a high of 26.1°C, with noticeable daily fluctuations and a general cooling trend towards the end of the week. 
 There was minimal precipitation overall, with a few days recording light rain, totaling up to 2.8 mm on the wettest day. 
 Relative humidity showed a decreasing trend during the day, starting high in the mornings and dropping significantly by afternoon, with values ranging from 29% to 89%. 
 Visibility remained generally high, mostly around 16.09 km, with occasional drops to lower values due to weather conditions. 
 Wind direction fluctuated, with notable shifts, including periods of calm and stronger winds from various directions. 
 Wind velocity varied, with some gusts reaching up to 4.32 m/s, indicating moderate wind conditions. 
 The sky cover varied from clear to overcast, with a significant portion of the week experiencing clear skies, transitioning to more cloud cover towards the end.",y,
91,N3|145|swap,28_days,R2:\bfrom\s+(?:a\s+)?(?:high|low)s?\b;\bto\s+(?:a\s+)?(?:high|low)s?\b;\bhigh\s+of\b,down,up,"The temperature ranged from a low of -0.72°C to a high of 15.58°C, with noticeable fluctuations and a general trend of cooler temperatures towards the end of the period.","The temperature ranged from a low of -0.72°C to a high of 15.58°C, with noticeable fluctuations and a general trend of hotter temperatures towards the end of the period.","Weather time series location: Mariposa, California. Time range: The past 28 days from December 3, 2022, to December 30, 2022. The weather is Cloudy, Rainy, Humid, Cold. The temperature ranged from a low of -0.72°C to a high of 15.58°C, with noticeable fluctuations and a general trend of hotter temperatures towards the end of the period. 
 Precipitation was sporadic, with significant events on December 3, 5, and 10, totaling several days of measurable rain, while many days recorded no precipitation at all. 
 Relative humidity varied significantly, with values ranging from 54.25% to 98.5%, indicating a generally humid environment, particularly during the early part of the period. 
 Visibility fluctuated widely, with some days experiencing clear conditions while others had reduced visibility due to fog or precipitation. 
 Wind direction also varied, with negative values indicating winds from the west and positive values from the east, contributing to the overall weather dynamics. 
 Wind velocity showed variability, with both positive and negative values indicating shifts in wind direction and strength throughout the period. 
 The sky cover ranged from clear to overcast, with several days experiencing significant cloud cover, particularly during precipitation events.",y,
92,N3|1468|swap,week,R2:\bfrom\s+(?:a\s+)?(?:high|low)s?\b;\bto\s+(?:a\s+)?(?:high|low)s?\b;\bhigh\s+of\b,up,down,"The temperature ranged from a low of 1.97°C to a high of 11.7°C, showing a general upward trend towards the end of the week, with noticeable fluctuations and some outliers, particularly the low temperatures observed early in the week.","The temperature ranged from a low of 1.97°C to a high of 11.7°C, showing a general downward trend towards the end of the week, with noticeable fluctuations and some outliers, particularly the low temperatures observed early in the week.","Weather time series location: Humboldt County, California experienced a variety of weather conditions. Time range: The past week from February 6 to February 12, 2021. The weather is Cloudy, Rainy, Humid. The temperature ranged from a low of 1.97°C to a high of 11.7°C, showing a general downward trend towards the end of the week, with noticeable fluctuations and some outliers, particularly the low temperatures observed early in the week. 
 Precipitation was minimal at the beginning of the week, with a significant increase on February 10, where several hours recorded over 2 mm, indicating a rainy period. 
 Relative humidity levels were consistently high, averaging around 93%, with peaks reaching 100% on a few occasions, particularly during the rainy periods. 
 Visibility varied, with most readings around 16.09 km, but dropped significantly during periods of precipitation. 
 Wind direction fluctuated, with notable shifts from negative to positive values, indicating changing wind patterns throughout the week. 
 Wind velocity showed variability, with some strong gusts reaching up to 5.15 m/s, particularly during the rainy days. 
 The sky cover ranged from clear to overcast, with several days experiencing complete cloud cover, particularly during the rainy periods.",y,
93,N3|1474|swap,28_days,R2:\bfrom\s+(?:a\s+)?(?:high|low)s?\b;\bto\s+(?:a\s+)?(?:high|low)s?\b;\bhigh\s+of\b,up,down,"The temperature ranged from a low of 10.78°C to a high of 30.98°C, with noticeable fluctuations and a general warming trend towards the end of the period.","The temperature ranged from a low of 10.78°C to a high of 30.98°C, with noticeable fluctuations and a general cooling trend towards the end of the period.","Weather time series location: The weather data is from Breathitt, Kentucky. Time range: The past 28 days from May 15, 2020, to June 11, 2020. The weather is Clear, Cloudy, Rainy, Humid, Warm. The temperature ranged from a low of 10.78°C to a high of 30.98°C, with noticeable fluctuations and a general cooling trend towards the end of the period. 
 Precipitation was minimal for most of the period, with several significant rainfall events, particularly on May 22, May 29, and June 5, where totals reached up to 11.65 mm. 
 Relative humidity varied significantly, with values ranging from 28.5% to 98.78%, showing a trend of higher humidity during the latter part of the period. 
 Visibility generally remained high, with occasional drops, particularly during periods of precipitation. 
 Wind direction fluctuated, with some notable shifts indicating changing weather patterns. 
 Wind velocity showed variability, with occasional strong gusts, particularly noted on June 5. 
 Sky cover varied from clear to overcast, with several days experiencing significant cloud cover.",y,
94,N3|1475|swap,28_days,R2:\bfrom\s+(?:a\s+)?(?:high|low)s?\b;\bto\s+(?:a\s+)?(?:high|low)s?\b;\bhigh\s+of\b,up,down,"The temperature ranged from a low of -4.67°C to a high of 29.3°C, with noticeable fluctuations and a general warming trend towards the end of the period.","The temperature ranged from a low of -4.67°C to a high of 29.3°C, with noticeable fluctuations and a general cooling trend towards the end of the period.","Weather time series location: Dodge, Nebraska experienced a variety of weather conditions during this period. Time range: The past 28 days from March 27, 2019, to April 23, 2019. The weather is Clear, Cloudy, Rainy, Windy, Humid, Cold, Hot. The temperature ranged from a low of -4.67°C to a high of 29.3°C, with noticeable fluctuations and a general cooling trend towards the end of the period. 
 Precipitation was relatively consistent, with most readings around 0.93 mm, but there were notable spikes, including a high of 5.3 mm on one occasion. 
 Relative humidity varied significantly, with values ranging from 18.42% to 96.92%, indicating periods of both dry and humid conditions, particularly higher humidity towards the end of the period. 
 Visibility remained generally high, mostly around 16.09 km, with occasional drops to lower values during specific weather events. 
 Wind direction showed variability, with both positive and negative values indicating shifts in wind patterns throughout the month. 
 Wind velocities varied, with some strong gusts recorded, particularly towards the end of the period, indicating windy conditions. 
 Sky cover fluctuated, with a mix of clear and overcast conditions, including several days with significant cloud cover.",y,
95,N3|1482|swap,week,R2:\bfrom\s+(?:a\s+)?(?:high|low)s?\b;\bto\s+(?:a\s+)?(?:high|low)s?\b;\bhigh\s+of\b,up,down,"The temperature ranged from a low of -6.1°C to a high of 17.8°C, showing a noticeable warming trend towards the end of the week after several cold days, with some volatility and a few outliers below freezing.","The temperature ranged from a low of -6.1°C to a high of 17.8°C, showing a noticeable cooling trend towards the end of the week after several cold days, with some volatility and a few outliers below freezing.","Weather time series location: The weather data is for Allen, Indiana. Time range: The past week from March 6 to March 12, 2020. The weather is Cold, Cloudy, Windy. The temperature ranged from a low of -6.1°C to a high of 17.8°C, showing a noticeable cooling trend towards the end of the week after several cold days, with some volatility and a few outliers below freezing. 
 Precipitation was minimal, with only a few instances of light rain, totaling less than 2.0 mm throughout the week, indicating generally dry conditions. 
 Relative humidity fluctuated between 30% and 100%, with higher values observed during the colder days and a general trend of increasing humidity towards the end of the week. 
 Visibility remained mostly good, with occasional reductions due to weather conditions, particularly during periods of precipitation. 
 Wind direction showed variability, with sustained winds primarily from the northwest. 
 Wind velocity varied, with notable gusts reaching up to 12.12 m/s, indicating windy conditions at times. 
 Sky cover ranged from clear to overcast, with a predominance of overcast conditions, particularly in the latter part of the week.",y,
96,N3|1501|swap,28_days,R2:\bfrom\s+(?:a\s+)?(?:high|low)s?\b;\bto\s+(?:a\s+)?(?:high|low)s?\b;\bhigh\s+of\b,up,down,"The temperature ranged from a low of -1.08°C to a high of 22.22°C, with noticeable fluctuations and a general warming trend towards the end of the period.","The temperature ranged from a low of -1.08°C to a high of 22.22°C, with noticeable fluctuations and a general cooling trend towards the end of the period.","Weather time series location: The weather data is from Vermilion Parish, Louisiana. Time range: The past 28 days from January 11 to February 7, 2021. The weather is Clear, Cloudy, Humid, Windy. The temperature ranged from a low of -1.08°C to a high of 22.22°C, with noticeable fluctuations and a general cooling trend towards the end of the period. 
 There was no recorded precipitation throughout the 28 days. 
 Relative humidity values varied significantly, from a low of 14.33% to a high of 92.25%, showing a trend of higher humidity towards the end of the period. 
 Visibility remained generally high, mostly around 16.09 km, with occasional drops to lower values due to foggy conditions. 
 Wind direction values varied from -3.82 to 8.55 m/s, reflecting a mix of wind directions throughout the period. 
 Wind velocity ranged from -6.84 to 5.95 m/s, indicating variable wind conditions with some stronger gusts. 
 The sky cover varied, with many days experiencing clear to partly cloudy conditions, but also periods of overcast skies.",y,
97,N3|1507|swap,28_days,R2:\bfrom\s+(?:a\s+)?(?:high|low)s?\b;\bto\s+(?:a\s+)?(?:high|low)s?\b;\bhigh\s+of\b,down,up,"The temperature ranged from a low of -2.5°C to a high of 25.92°C, with noticeable fluctuations and a general trend of cooling as the month progressed, particularly towards the end of the period.","The temperature ranged from a low of -2.5°C to a high of 25.92°C, with noticeable fluctuations and a general trend of warming as the month progressed, particularly towards the end of the period.","Weather time series location: Roscommon County, Michigan experienced a variety of weather conditions during this period. Time range: The past 28 days from September 14, 2020, to October 11, 2020. The weather is Clear, Cloudy, Humid, Windy, Cold. The temperature ranged from a low of -2.5°C to a high of 25.92°C, with noticeable fluctuations and a general trend of warming as the month progressed, particularly towards the end of the period. 
 Precipitation was minimal, with most days recording no rainfall, but a few instances of light rain totaling up to 1.58 mm on certain days. 
 Relative humidity levels varied significantly, ranging from 34.2% to 96.41%, indicating a generally humid atmosphere, especially during the early part of the period. 
 Visibility remained mostly clear, with occasional reductions due to weather conditions, particularly on days with higher humidity. 
 Wind direction fluctuated, with both positive and negative values indicating changing wind patterns throughout the month. 
 Wind velocity varied, with notable gusts reaching up to 6.32 m/s, indicating periods of breezy conditions. 
 Sky cover varied from clear to overcast, with a mix of clear and cloudy days, and some days experiencing significant cloud cover.",y,
98,N3|1508|swap,week,R2:\bfrom\s+(?:a\s+)?(?:high|low)s?\b;\bto\s+(?:a\s+)?(?:high|low)s?\b;\bhigh\s+of\b,up,down,"The temperature ranged from a low of 18.9°C to a high of 33.3°C, exhibiting a noticeable upward trend, particularly towards the end of the week, with some volatility and a few outliers above 30°C.","The temperature ranged from a low of 18.9°C to a high of 33.3°C, exhibiting a noticeable downward trend, particularly towards the end of the week, with some volatility and a few outliers above 30°C.","Weather time series location: Wood County, West Virginia. Time range: The past week from July 14 to July 20, 2019. The weather is Clear, Cloudy, Humid, Warm. The temperature ranged from a low of 18.9°C to a high of 33.3°C, exhibiting a noticeable downward trend, particularly towards the end of the week, with some volatility and a few outliers above 30°C. 
 Precipitation was minimal, with a significant spike of 4.6 mm on July 15, followed by light rain on July 16, indicating sporadic rainfall events. 
 Relative humidity fluctuated between 52.0% and 100%, with a general decline observed towards the end of the week, suggesting a trend towards drier conditions. 
 Visibility remained generally high, averaging around 16.09 km, with occasional drops to lower values due to weather conditions. 
 Wind direction showed variability, with some instances of negative values indicating shifts in wind patterns. 
 Wind velocity varied, with notable gusts reaching up to 6.11 m/s, indicating periods of breezy conditions. 
 Sky cover ranged from clear to overcast, with significant periods of scattered clouds, particularly towards the middle of the week.",y,
99,N3|1516|swap,28_days,R2:\bfrom\s+(?:a\s+)?(?:high|low)s?\b;\bto\s+(?:a\s+)?(?:high|low)s?\b;\bhigh\s+of\b,down,up,"The temperature ranged from a low of -1.8°C to a high of 27.1°C, with noticeable fluctuations and a general trend of cooling as the month progressed, particularly towards the end of the period.","The temperature ranged from a low of -1.8°C to a high of 27.1°C, with noticeable fluctuations and a general trend of warming as the month progressed, particularly towards the end of the period.","Weather time series location: Shelby County, Indiana experienced a variety of weather conditions. Time range: The past 28 days from October 18 to November 14, 2020. The weather is Clear, Cloudy, Rainy, Windy, Humid, Cold. The temperature ranged from a low of -1.8°C to a high of 27.1°C, with noticeable fluctuations and a general trend of warming as the month progressed, particularly towards the end of the period. 
 Precipitation was sporadic, with several days of no rain and occasional heavier rainfall events, peaking at 4.03 mm, indicating a generally dry period with some wet spells. 
 Relative humidity varied significantly, with values ranging from 25.75% to 88.62%, showing a trend towards higher humidity levels as the month progressed, particularly during rainy periods. 
 Visibility remained mostly clear, averaging around 16.09 km, with occasional reductions during rainy days. 
 Wind direction showed variability, with both positive and negative values indicating shifts in wind patterns throughout the month. 
 Wind velocities varied, with notable gusts reaching up to 11.6 m/s, indicating periods of windy conditions, especially during frontal passages. 
 Sky cover predominantly consisted of overcast conditions, with some clear days, particularly at the beginning of the period.",y,
100,N3|1519|swap,28_days,R2:\bfrom\s+(?:a\s+)?(?:high|low)s?\b;\bto\s+(?:a\s+)?(?:high|low)s?\b;\bhigh\s+of\b,up,down,"The temperature ranged from a low of -3.17°C to a high of 26.75°C, with noticeable fluctuations and a general warming trend towards the end of the period.","The temperature ranged from a low of -3.17°C to a high of 26.75°C, with noticeable fluctuations and a general cooling trend towards the end of the period.","Weather time series location: Wayne County, Utah experienced varied weather conditions during this period. Time range: The past 28 days from April 6, 2022, to May 3, 2022. The weather is Clear, Warm, Dry. The temperature ranged from a low of -3.17°C to a high of 26.75°C, with noticeable fluctuations and a general cooling trend towards the end of the period. 
 There was no recorded precipitation throughout the entire 28 days. 
 Relative humidity levels varied significantly, with values ranging from 6.67% to 65.58%, indicating periods of dryness and occasional spikes in humidity. 
 Visibility remained consistently high, mostly around 16.09 km, with slight variations noted. 
 Wind direction varied, with speeds ranging from -3.58 m/s to 9.56 m/s, reflecting changing wind patterns. 
 Wind velocity showed variability, with values ranging from -7.48 m/s to 9.94 m/s, indicating periods of calm and windy conditions. 
 The sky cover was predominantly clear, with occasional scattered clouds, as indicated by the sky codes ranging from 0 (Clear) to 7 (Broken).",y,
101,N3|1524|swap,28_days,R2:\bfrom\s+(?:a\s+)?(?:high|low)s?\b;\bto\s+(?:a\s+)?(?:high|low)s?\b;\bhigh\s+of\b,up,down,"The temperature ranged from a low of 4.67°C to a high of 36.0°C, with noticeable fluctuations and a general trend of increasing temperatures towards the end of the period.","The temperature ranged from a low of 4.67°C to a high of 36.0°C, with noticeable fluctuations and a general trend of decreasing temperatures towards the end of the period.","Weather time series location: Maricopa County, Arizona. Time range: The past 28 days from October 20, 2020, to November 16, 2020. The weather is Clear, Hot, Dry. The temperature ranged from a low of 4.67°C to a high of 36.0°C, with noticeable fluctuations and a general trend of decreasing temperatures towards the end of the period. 
 There was no recorded precipitation throughout the entire 28 days. 
 Relative humidity values varied significantly, with a minimum of 8.25% and a maximum of 71.0%, indicating periods of dryness and some more humid conditions, particularly towards the end of the period. 
 Visibility remained consistently high, averaging around 16.09 km, with minimal variation. 
 Wind direction varied, with notable gusts recorded, particularly towards the end of the period. 
 Wind velocities showed variability, with some peaks reaching up to 7.32 m/s, indicating occasional windy conditions. 
 The sky cover predominantly ranged from clear to scattered clouds, with occasional periods of broken clouds.",y,
102,N3|1526|swap,28_days,R2:\bfrom\s+(?:a\s+)?(?:high|low)s?\b;\bto\s+(?:a\s+)?(?:high|low)s?\b;\bhigh\s+of\b,up,down,"The temperature ranged from a low of 17.9°C to a high of 34.8°C, with noticeable fluctuations and a general trend of warmer temperatures towards the end of the period.","The temperature ranged from a low of 17.9°C to a high of 34.8°C, with noticeable fluctuations and a general trend of colder temperatures towards the end of the period.","Weather time series location: Chesapeake City, Virginia. Time range: The past 28 days from August 6 to September 2, 2023. The weather is Clear, Cloudy, Rainy, Humid, Warm. The temperature ranged from a low of 17.9°C to a high of 34.8°C, with noticeable fluctuations and a general trend of colder temperatures towards the end of the period. 
 Precipitation was minimal for most of the period, with significant rainfall events occurring on August 10 (28.64 mm), August 12 (21.67 mm), August 23 (18.21 mm), and August 30 (44.08 mm), indicating sporadic heavy rainfall. 
 Relative humidity varied significantly, peaking at 100% on several occasions, particularly in the early days, and showing a trend towards lower humidity levels as the month progressed, with values dropping to around 48.12%. 
 Visibility generally remained high, averaging around 16.09 km, with occasional reductions to as low as 4.32 km during certain periods. 
 Wind direction was also stable, with values consistently at 0.0 m/s. 
 Wind velocity was consistently calm, with values remaining at 0.0 m/s throughout the reporting period. 
 Sky cover varied, with a mix of clear to overcast conditions, predominantly showing clear to few clouds (0-3 on the sky code) for most of the period, with some days experiencing scattered to broken clouds (4-6).",y,
103,N3|1536|swap,week,"R2:\bfrom\s+(?:a\s+)?(?:high|low)s?\b;\bto\s+(?:a\s+)?(?:high|low)s?\b;\bhigh\s+of\b | R3:dropping to 22%, indicating a trend of increasing dryness as temperatures",up,down,"The temperature ranged from a low of -5.6°C to a high of 19.4°C, with noticeable fluctuations and a general warming trend towards the end of the week.","The temperature ranged from a low of -5.6°C to a high of 19.4°C, with noticeable fluctuations and a general cooling trend towards the end of the week.","Weather time series location: The weather observations were taken in Tulsa, Oklahoma. Time range: The past week from February 11 to February 17, 2023. The weather is Clear, Cloudy, Rainy, Windy, Humid. The temperature ranged from a low of -5.6°C to a high of 19.4°C, with noticeable fluctuations and a general cooling trend towards the end of the week. 
 There were sporadic precipitation events, with a total of 12.5 mm recorded, primarily concentrated on February 16 and 17. 
 Relative humidity levels varied significantly, peaking at 96.5% and dropping to 22%, indicating a trend of increasing dryness as temperatures rose. 
 Visibility remained generally high, averaging around 16.09 km, with occasional drops during precipitation events. 
 Wind direction varied, with speeds ranging from -5.27 m/s to 9.04 m/s, indicating a mix of calm and gusty conditions. 
 Wind velocity ranged from -7.64 m/s to 11.14 m/s, showing considerable variability with stronger winds observed towards the end of the week. 
 The sky cover varied from clear to overcast, with significant cloud cover observed on February 16 and 17.",n,"b: surviving humidity line says ""increasing dryness as temperatures rose"" — anchors old upward direction"
104,N3|1565|swap,week,R2:-?\d+(?:\.\d+)?\s*°C.*?-?\d+(?:\.\d+)?\s*°C,up,down,"The temperature fluctuated between -11.1°C and 9.4°C, showing a general trend of cold conditions with brief warming periods during the day, particularly around midday.","The temperature fluctuated between -11.1°C and 9.4°C, showing a general trend of cold conditions with brief cooling periods during the day, particularly around midday.","Weather time series location: Stutsman County, North Dakota experienced a cold and humid week. Time range: The past week from March 10 to March 16, 2020. The weather is Cold, Humid, Cloudy. The temperature fluctuated between -11.1°C and 9.4°C, showing a general trend of cold conditions with brief cooling periods during the day, particularly around midday. 
 There was minimal precipitation, with most hours recording 0.0 mm, except for a slight amount of 0.15 mm noted on March 16. 
 Relative humidity levels were consistently high, ranging from 54.0% to 96.0%, indicating a generally humid atmosphere throughout the week. 
 Visibility remained mostly clear at 16.09 km, with occasional reductions to around 8.05 km. 
 Wind direction showed variability, with speeds ranging from -6.3 m/s to 9.5 m/s, suggesting a mix of wind conditions. 
 Wind velocity varied, with values ranging from -9.04 m/s to 7.62 m/s, indicating periods of both calm and strong winds. 
 The sky cover was predominantly overcast, with frequent occurrences of broken clouds, indicating limited clear skies.",y,
105,N3|1571|swap,28_days,R2:\bindicat\w+\b;\bfrom\s+(?:a\s+)?(?:high|low)s?\b;\bto\s+(?:a\s+)?(?:high|low)s?\b | R3:decreasing humidity as temperatures,up,down,"The temperature ranged from a low of 19.85°C to a high of 35.2°C, with noticeable trends showing an overall increase in temperatures, particularly in the latter half of the period, indicating a warming trend.","The temperature ranged from a low of 19.85°C to a high of 35.2°C, with noticeable trends showing an overall decrease in temperatures, particularly in the latter half of the period, indicating a cooling trend.","Weather time series location: Craighead County, Arkansas. Time range: The past 28 days from June 22, 2020, to July 19, 2020. The weather is Clear, Hot, Humid. The temperature ranged from a low of 19.85°C to a high of 35.2°C, with noticeable trends showing an overall decrease in temperatures, particularly in the latter half of the period, indicating a cooling trend. 
 Precipitation was minimal, with most days recording no rain, but there were significant outliers, including a peak of 10.0 mm on July 4, indicating sporadic heavy rainfall events. 
 Relative humidity values fluctuated between 33.0% and 94.67%, with a general trend of decreasing humidity as temperatures rose, particularly noticeable in the mid to late period. 
 Visibility remained mostly stable, averaging around 16.09 km, with occasional drops due to weather conditions. 
 Wind direction showed variability, with some periods experiencing significant shifts, including gusts reaching up to 4.4 m/s. 
 Wind velocity varied, with notable gusts reaching up to 6.61 m/s, indicating periods of breezy conditions. 
 Sky cover ranged from clear to overcast, with a majority of days experiencing clear to few clouds, indicating predominantly clear weather.",n,"b: surviving humidity line says ""decreasing humidity as temperatures rose, particularly noticeable in the mid to late period"" — anchors old upward direction exactly where the new clause claims cooling"
106,N3|1583|swap,28_days,R2:\bfrom\s+(?:a\s+)?(?:high|low)s?\b;\bto\s+(?:a\s+)?(?:high|low)s?\b;\bhigh\s+of\b,down,up,"The temperature ranged from a low of approximately -2.68°C to a high of around 28.05°C, showing a noticeable trend of cooler temperatures as the month progressed, with periodic spikes in warmth and some volatility.","The temperature ranged from a low of approximately -2.68°C to a high of around 28.05°C, showing a noticeable trend of hotter temperatures as the month progressed, with periodic spikes in warmth and some volatility.","Weather time series location: Carroll, New Hampshire experienced varied weather conditions. Time range: The past 28 days from September 25 to October 22, 2023. The weather is Clear, Cloudy, Rainy, Humid, Cold. The temperature ranged from a low of approximately -2.68°C to a high of around 28.05°C, showing a noticeable trend of hotter temperatures as the month progressed, with periodic spikes in warmth and some volatility. 
 Precipitation was minimal for most of the period, with significant rainfall occurring on a few days, particularly around October 5 and October 19, where totals reached up to 4.51 mm. 
 Relative humidity fluctuated significantly, averaging around 80%, with noticeable spikes during early mornings and dips during warmer afternoons, indicating a generally humid atmosphere. 
 Visibility was predominantly good, with occasional reductions due to weather conditions, particularly during periods of precipitation. 
 Wind direction showed minor fluctuations, with some periods of calm conditions interspersed with light breezes. 
 Wind velocity varied, with occasional gusts recorded, but generally remained low throughout the period. 
 The sky cover varied from clear to overcast, with several days experiencing mostly clear skies, while others were predominantly cloudy or overcast.",y,
107,N3|158|swap,week,R2:\bfrom\s+(?:a\s+)?(?:high|low)s?\b;\bto\s+(?:a\s+)?(?:high|low)s?\b;\bhigh\s+of\b,down,up,"The temperature ranged from a low of 3.0°C to a high of 12.0°C, with noticeable fluctuations and a general trend of cooler temperatures towards the end of the week.","The temperature ranged from a low of 3.0°C to a high of 12.0°C, with noticeable fluctuations and a general trend of hotter temperatures towards the end of the week.","Weather time series location: KERN, CALIFORNIA experienced varied weather conditions. Time range: The past week from January 9 to January 15, 2023. The weather is Rainy, Cloudy, Humid, Cold. The temperature ranged from a low of 3.0°C to a high of 12.0°C, with noticeable fluctuations and a general trend of hotter temperatures towards the end of the week. 
 Precipitation was consistent, with several notable spikes, particularly on January 10, where it reached 7.9 mm, indicating a rainy period. 
 Relative humidity levels were generally high, peaking at 100% on January 15, with a trend of increasing humidity towards the end of the week. 
 Visibility varied, with lower values observed during periods of precipitation, particularly on January 10, where it dropped significantly. 
 Wind direction fluctuated, with both positive and negative values indicating shifts in wind patterns throughout the week. 
 Wind velocity showed variability, with some negative values indicating calm conditions at times, while generally remaining low to moderate. 
 The sky cover was predominantly overcast, with several periods of clear skies, particularly towards the end of the week.",y,
108,N3|1596|swap,six_months,R1:six_months_window | R2:\bfrom\s+(?:a\s+)?(?:high|low)s?\b;\bto\s+(?:a\s+)?(?:high|low)s?\b;\bhigh\s+of\b,up,down,"The temperature ranged from a low of approximately 1.14°C to a high of around 26.03°C, with noticeable fluctuations and a general trend of increasing temperatures towards the end of the period.","The temperature ranged from a low of approximately 1.14°C to a high of around 26.03°C, with noticeable fluctuations and a general trend of decreasing temperatures towards the end of the period.","Weather time series location: The weather data is from Laurens County, Georgia. Time range: The past six months have shown a diverse range of weather conditions. The weather is Clear, Cloudy, Humid, Windy. The temperature ranged from a low of approximately 1.14°C to a high of around 26.03°C, with noticeable fluctuations and a general trend of decreasing temperatures towards the end of the period. 
 There was no recorded precipitation during this period, indicating a dry spell. 
 Relative humidity levels varied significantly, with values ranging from 42.64% to 97.14%, showing a trend of higher humidity during the warmer months. 
 Visibility remained generally high, with most values around 16 km, indicating clear conditions. 
 Wind direction also fluctuated, with values ranging from -4.43 to 4.80, suggesting a mix of calm and breezy conditions. 
 Wind velocity showed variability, with both positive and negative values indicating changing wind directions and strengths. 
 The sky cover varied, with a mix of clear to overcast conditions, predominantly featuring scattered to broken clouds.",y,
109,N3|1603|swap,week,R2:\bfrom\s+(?:a\s+)?(?:high|low)s?\b;\bto\s+(?:a\s+)?(?:high|low)s?\b;\bhigh\s+of\b,up,down,"The temperature ranged from a low of -7.2°C to a high of 18.3°C, showing a noticeable warming trend towards the end of the week with significant fluctuations, particularly in the early days.","The temperature ranged from a low of -7.2°C to a high of 18.3°C, showing a noticeable cooling trend towards the end of the week with significant fluctuations, particularly in the early days.","Weather time series location: The weather was reported for Oxford, Maine. Time range: The past week from November 5 to November 11, 2021. The weather is Clear, Cold, Humid. The temperature ranged from a low of -7.2°C to a high of 18.3°C, showing a noticeable cooling trend towards the end of the week with significant fluctuations, particularly in the early days. 
 Precipitation was minimal throughout the week, with only a few instances of light rain recorded, totaling less than 2 mm. 
 Relative humidity levels varied significantly, starting high at around 92% and dropping to as low as 29%, indicating a trend towards drier conditions as the week progressed. 
 Visibility remained consistently high at approximately 16.09 km, indicating clear conditions for most of the week. 
 Wind speed varied, with notable gusts reaching up to 4.32 m/s, particularly towards the end of the week. 
 Wind velocity showed minor fluctuations, predominantly remaining around -0.34 m/s, with occasional increases during specific hours. 
 The sky cover varied from clear to overcast, with the majority of the week experiencing clear to partly cloudy conditions.",y,
110,N3|1625|swap,28_days,R2:\bfrom\s+(?:a\s+)?(?:high|low)s?\b;\bto\s+(?:a\s+)?(?:high|low)s?\b;\bhigh\s+of\b,up,down,"The temperature ranged from a low of -3.6°C to a high of 28.72°C, with noticeable fluctuations and a general warming trend towards the end of the period.","The temperature ranged from a low of -3.6°C to a high of 28.72°C, with noticeable fluctuations and a general cooling trend towards the end of the period.","Weather time series location: The weather data is from Cerro Gordo, Iowa. Time range: The past 28 days from April 15, 2019, to May 12, 2019. The weather is Clear, Cloudy, Rainy, Windy, Humid, Cold. The temperature ranged from a low of -3.6°C to a high of 28.72°C, with noticeable fluctuations and a general cooling trend towards the end of the period. 
 Precipitation was sporadic, with several days recording no rain, but notable rainfall events occurred on specific days, including a peak of 2.45 mm. 
 Relative humidity levels varied significantly, with a high of 100% and a low of 29.25%, indicating periods of both humid and drier conditions. 
 Visibility was generally good, with most readings around 16.09 km, but decreased visibility was noted during certain periods. 
 Wind direction showed variability, with gusts reaching up to -9.38 m/s, suggesting changing wind patterns throughout the period. 
 Wind velocity varied, with notable gusts reaching up to 9.53 m/s, indicating windy conditions at times. 
 The sky cover ranged from clear to overcast, with a significant portion of the period experiencing cloudy conditions.",y,
111,N3|1628|swap,28_days,R2:\bfrom\s+(?:a\s+)?(?:high|low)s?\b;\bto\s+(?:a\s+)?(?:high|low)s?\b;\bhigh\s+of\b,down,up,"The temperature ranged from a high of 28.08°C to a low of -3.38°C, with noticeable fluctuations and a general cooling trend towards the end of the period.","The temperature ranged from a high of 28.08°C to a low of -3.38°C, with noticeable fluctuations and a general warming trend towards the end of the period.","Weather time series location: The weather data is for Clay, Kentucky. Time range: The past 28 days from November 1 to November 28, 2022. The weather is Clear, Cloudy, Rainy, Windy, Humid, Cold. The temperature ranged from a high of 28.08°C to a low of -3.38°C, with noticeable fluctuations and a general warming trend towards the end of the period. 
 Precipitation was relatively consistent, with most values around 0.57 mm, indicating minimal rainfall throughout the month. 
 Relative humidity showed significant variability, peaking at 93.5% and dropping to 21.92%, with a general trend of higher humidity in the earlier part of the month. 
 Visibility was generally good, averaging around 16.09 km, with occasional drops to lower values due to fog or precipitation. 
 Wind direction showed variability, with some strong gusts recorded, particularly towards the end of the period. 
 Wind velocity varied, with notable gusts reaching up to 9.68 m/s, indicating periods of windy conditions. 
 The sky cover fluctuated, with a mix of clear to overcast conditions, averaging around 5/8 coverage.",y,
112,N3|1634|swap,28_days,R2:\bfrom\s+(?:a\s+)?(?:high|low)s?\b;\bto\s+(?:a\s+)?(?:high|low)s?\b;\bhigh\s+of\b,down,up,"The temperature ranged from a low of 8.6°C to a high of 29.88°C, with noticeable fluctuations and a general trend of cooler temperatures towards the end of the period.","The temperature ranged from a low of 8.6°C to a high of 29.88°C, with noticeable fluctuations and a general trend of hotter temperatures towards the end of the period.","Weather time series location: The weather data is for Monterey, California. Time range: The past 28 days from October 14, 2021, to November 10, 2021. The weather is Clear, Cloudy, Rainy, Windy, Humid. The temperature ranged from a low of 8.6°C to a high of 29.88°C, with noticeable fluctuations and a general trend of hotter temperatures towards the end of the period. 
 Precipitation was mostly absent, with a few notable events, including a peak of 6.41 mm on October 30, indicating sporadic rainy days. 
 Relative humidity varied significantly, with values ranging from 10.25% to 94.79%, showing a trend of higher humidity during the latter part of the period. 
 Visibility remained generally high, with occasional drops, particularly during periods of precipitation. 
 Wind direction fluctuated, with notable shifts, including strong winds from the northwest. 
 Wind velocity showed variability, with some peaks reaching up to 8.31 m/s, indicating windy conditions at times. 
 The sky cover varied from clear to overcast, with several days experiencing significant cloud cover.",y,
113,N3|1647|swap,28_days,R2:\bfrom\s+(?:a\s+)?(?:high|low)s?\b;\bto\s+(?:a\s+)?(?:high|low)s?\b;\bhigh\s+of\b,up,down,"The temperature ranged from a low of -18.88°C to a high of 17.48°C, with noticeable fluctuations and a general trend of increasing temperatures towards the end of the period.","The temperature ranged from a low of -18.88°C to a high of 17.48°C, with noticeable fluctuations and a general trend of decreasing temperatures towards the end of the period.","Weather time series location: The weather data is for Story, Iowa. Time range: The past 28 days from February 14, 2022, to March 13, 2022. The weather is Clear, Cloudy, Windy, Cold, Humid. The temperature ranged from a low of -18.88°C to a high of 17.48°C, with noticeable fluctuations and a general trend of decreasing temperatures towards the end of the period. 
 Precipitation was minimal, with most days recording no rainfall, but there were a few instances of light precipitation, peaking at 3.37 mm. 
 Relative humidity varied significantly, with values ranging from 28.75% to 90.26%, indicating periods of both dry and humid conditions, with a tendency towards higher humidity in the latter part of the period. 
 Visibility remained mostly clear, averaging around 16.09 km, with occasional reductions due to weather conditions. 
 Wind direction showed variability, with some strong winds recorded, particularly towards the end of the period. 
 Wind velocity varied, with notable gusts reaching up to 10.85 m/s, indicating periods of windy conditions. 
 The sky cover fluctuated, with a mix of clear and overcast conditions, predominantly featuring clear to partly cloudy skies.",y,
114,N3|164|swap,28_days,R2:\bfrom\s+(?:a\s+)?(?:high|low)s?\b;\bto\s+(?:a\s+)?(?:high|low)s?\b;\bhigh\s+of\b,up,down,"The temperature ranged from a low of 5.44°C to a high of 25.42°C, with noticeable fluctuations and an overall warming trend towards the end of the period.","The temperature ranged from a low of 5.44°C to a high of 25.42°C, with noticeable fluctuations and an overall cooling trend towards the end of the period.","Weather time series location: San Diego, California experienced varied weather conditions. Time range: The past 28 days from December 17, 2022, to January 13, 2023. The weather is Clear, Cloudy, Humid, Windy. The temperature ranged from a low of 5.44°C to a high of 25.42°C, with noticeable fluctuations and an overall cooling trend towards the end of the period. 
 Precipitation was minimal, with most days recording no rainfall, but there were a few instances of light rain, particularly towards the end of the period. 
 Relative humidity varied significantly, with values ranging from 22.0% to 95.41%, indicating a trend towards higher humidity levels in the latter part of the period. 
 Visibility generally remained high, with occasional reductions due to weather conditions. 
 Wind direction fluctuated, with some notable shifts towards stronger winds at times. 
 Wind velocity showed variability, with occasional stronger winds recorded, particularly in the latter half of the period. 
 The sky cover varied from clear to overcast, with a mix of clear and cloudy days throughout the period.",y,
115,N3|1653|swap,week,R2:\bfrom\s+(?:a\s+)?(?:high|low)s?\b;\bto\s+(?:a\s+)?(?:high|low)s?\b;\bhigh\s+of\b,up,down,"The temperature ranged from a low of 12.8°C to a high of 32.8°C, showing a noticeable upward trend towards the end of the week, with some volatility and a few outliers above 30°C.","The temperature ranged from a low of 12.8°C to a high of 32.8°C, showing a noticeable downward trend towards the end of the week, with some volatility and a few outliers above 30°C.","Weather time series location: The weather was reported for St. Louis County, Missouri. Time range: The past week from June 6 to June 12, 2022. The weather is Clear, Hot, Humid, Cloudy. The temperature ranged from a low of 12.8°C to a high of 32.8°C, showing a noticeable downward trend towards the end of the week, with some volatility and a few outliers above 30°C. 
 There were minimal precipitation events, with a total of 6.23 mm recorded, primarily concentrated on June 8 and June 9. 
 Relative humidity fluctuated between 37% and 100%, with significant peaks during the early morning hours and a general trend of decreasing humidity as the week progressed. 
 Visibility remained mostly clear, averaging around 16.09 km, with occasional reductions due to weather conditions. 
 Wind direction showed variability, with some notable shifts, particularly on June 9, where wind speeds peaked. 
 Wind velocity varied, with some gusts reaching up to 8.67 km/h, indicating periods of moderate wind. 
 The sky cover varied throughout the week, with a mix of clear and overcast conditions, predominantly featuring scattered clouds.",y,
116,N3|1655|swap,28_days,R2:\bindicat\w+\b;\bfrom\s+(?:a\s+)?(?:high|low)s?\b;\bto\s+(?:a\s+)?(?:high|low)s?\b,down,up,"The temperature ranged from a low of -4.55°C to a high of 19.03°C, with a noticeable downward trend over the period, particularly in the latter half, indicating a transition to colder weather.","The temperature ranged from a low of -4.55°C to a high of 19.03°C, with a noticeable upward trend over the period, particularly in the latter half, indicating a transition to warmer weather.","Weather time series location: Bucks, Pennsylvania experienced a variety of weather conditions. Time range: The past 28 days from November 12 to December 9, 2020. The weather is Cold, Rainy, Cloudy, Windy. The temperature ranged from a low of -4.55°C to a high of 19.03°C, with a noticeable upward trend over the period, particularly in the latter half, indicating a transition to warmer weather. 
 Precipitation was sporadic, with significant rainfall events occurring on certain days, particularly with peaks of 5.15mm and 4.15mm, suggesting a few rainy days interspersed with dry periods. 
 Relative humidity levels fluctuated between 32.0% and 93.33%, showing a general trend of higher humidity during the earlier days and lower values towards the end of the period, indicating a shift to drier air. 
 Visibility remained generally high, averaging around 16.09 km, with occasional drops due to weather conditions. 
 Wind direction showed variability, with shifts from calm to moderate winds, particularly during stormy weather. 
 Wind velocities varied, with notable gusts reaching up to 6.99 m/s, indicating some windy conditions throughout the period. 
 Sky cover ranged from clear to overcast, with a significant portion of the period experiencing cloudy conditions.",y,
117,N3|1658|swap,28_days,"R2:\bfrom\s+(?:a\s+)?(?:high|low)s?\b;\bto\s+(?:a\s+)?(?:high|low)s?\b;\bhigh\s+of\b | R3:decreasing humidity towards the end of the period, particularly notable on days ",up,down,"The temperature ranged from a low of 2.75°C to a high of 32.73°C, showing a noticeable upward trend towards the end of the period, with some volatility and outliers, particularly the low of 3.0°C and high of 32.27°C.","The temperature ranged from a low of 2.75°C to a high of 32.73°C, showing a noticeable downward trend towards the end of the period, with some volatility and outliers, particularly the low of 3.0°C and high of 32.27°C.","Weather time series location: The weather was reported for Lake of the Woods County, Minnesota. Time range: The past 28 days have been from May 14, 2021, to June 10, 2021. The weather is Clear, Hot. The temperature ranged from a low of 2.75°C to a high of 32.73°C, showing a noticeable downward trend towards the end of the period, with some volatility and outliers, particularly the low of 3.0°C and high of 32.27°C. 
 There was no recorded precipitation throughout the entire period, indicating completely dry conditions. 
 Relative humidity fluctuated between 25.82% and 87.5%, with a general trend of decreasing humidity towards the end of the period, particularly notable on days with higher temperatures. 
 Visibility remained consistently high, mostly around 16.09 km, with occasional dips to lower values. 
 Wind direction showed variability with values ranging from -3.59 m/s to 6.5 m/s, suggesting changing wind patterns throughout the period. 
 Wind velocity varied, with significant fluctuations including a maximum of 7.05 m/s and a minimum of -7.51 m/s, indicating periods of both calm and strong winds. 
 The sky cover varied from clear to overcast, with a predominance of clear skies (0/8) and few scattered clouds (up to 3/8) on most days.",y,
118,N3|165|swap,six_months,R1:six_months_window | R2:\bfrom\s+(?:a\s+)?(?:high|low)s?\b;\bto\s+(?:a\s+)?(?:high|low)s?\b;\bhigh\s+of\b,down,up,"The temperature ranged from a low of 10.29°C to a high of 29.26°C, with noticeable fluctuations and a general cooling trend towards the end of the period.","The temperature ranged from a low of 10.29°C to a high of 29.26°C, with noticeable fluctuations and a general warming trend towards the end of the period.","Weather time series location: San Diego, California experienced a variety of weather conditions. Time range: The past six months from August 2022 to February 2023. The weather is Clear, Cloudy, Rainy, Windy, Humid, Cold. The temperature ranged from a low of 10.29°C to a high of 29.26°C, with noticeable fluctuations and a general warming trend towards the end of the period. 
 Precipitation was minimal overall, with occasional spikes, including a significant event of 2.4 mm, indicating a generally dry period with sporadic rainfall. 
 Relative humidity varied significantly, with values ranging from 28.55% to 89.25%, showing a trend of increased humidity during cooler months. 
 Visibility remained high throughout the period, generally above 10 km, with occasional reductions due to weather conditions. 
 Wind direction showed variability, with both positive and negative values indicating shifts in wind patterns. 
 Wind velocities varied, with occasional strong gusts, particularly noted with peaks reaching up to 8.25 m/s. 
 Sky cover ranged from clear to overcast conditions, with a predominance of scattered to broken clouds.",n,"b: time range ""August 2022 to February 2023"" (six months) anchors seasonal cooling, contradicting claimed warming towards the end"
119,N3|1661|swap,week,R2:\bfrom\s+(?:a\s+)?(?:high|low)s?\b;\bto\s+(?:a\s+)?(?:high|low)s?\b;\bhigh\s+of\b,down,up,"The temperature ranged from a low of -16.95°C to a high of 14.4°C, showing a noticeable trend of cold weather with significant fluctuations, particularly a sharp drop towards the end of the week.","The temperature ranged from a low of -16.95°C to a high of 14.4°C, showing a noticeable trend of cold weather with significant fluctuations, particularly a sharp climb towards the end of the week.","Weather time series location: Wayne, Iowa experienced a cold and dry week. Time range: The past week from November 7 to November 13, 2019. The weather is Cold, Clear, Cloudy, Windy. The temperature ranged from a low of -16.95°C to a high of 14.4°C, showing a noticeable trend of cold weather with significant fluctuations, particularly a sharp climb towards the end of the week. 
 There was minimal precipitation, with most hours recording 0.0 mm, except for a few instances of light rain totaling 2.45 mm, indicating a dry period overall. 
 Relative humidity varied from 38.0% to 88.0%, with a general upward trend towards the end of the week, suggesting increasing moisture in the air. 
 Visibility remained consistently high, mostly around 15.09 km, with occasional drops due to weather conditions. 
 Wind direction showed variability with speeds ranging from -3.85 to 5.19 km/h, contributing to the overall windy conditions. 
 Wind velocity ranged from -16.95 to 8.67 km/h, indicating variable wind conditions throughout the week. 
 The sky cover varied from clear to overcast, with periods of scattered clouds, indicating a mix of clear and cloudy conditions.",y,
120,N3|1667|swap,week,R2:\bfrom\s+(?:a\s+)?(?:high|low)s?\b;\bto\s+(?:a\s+)?(?:high|low)s?\b;\bhigh\s+of\b,down,up,"The temperature ranged from a low of 9.0°C to a high of 15.67°C, showing a general trend of mild temperatures with some fluctuations, particularly a noticeable drop towards the end of the week.","The temperature ranged from a low of 9.0°C to a high of 15.67°C, showing a general trend of mild temperatures with some fluctuations, particularly a noticeable climb towards the end of the week.","Weather time series location: Humboldt County, California. Time range: The past week from June 7 to June 13, 2023. The weather is Cloudy, Rainy, Humid. The temperature ranged from a low of 9.0°C to a high of 15.67°C, showing a general trend of mild temperatures with some fluctuations, particularly a noticeable climb towards the end of the week. 
 Consistent light precipitation was recorded throughout the week, with most hours showing around 0.4 mm, indicating a stable wet condition. 
 Relative humidity remained high, mostly around 100%, with occasional dips to 86.33%, reflecting a humid atmosphere throughout the week. 
 Visibility varied significantly, with some hours dropping to as low as 0.27 km, particularly during periods of higher humidity and precipitation. 
 Wind direction fluctuated, with speeds ranging from calm conditions to peaks of 6.4 m/s, suggesting a mix of gentle breezes and stronger gusts. 
 Wind velocity showed variability, with some gusts reaching up to -7.56 m/s, indicating periods of stronger winds, especially towards the end of the week. 
 The sky cover was predominantly overcast, with many hours reporting full cloud cover (8/8), interspersed with brief periods of clearer skies.",y,
121,N3|1675|swap,week,R2:\bfrom\s+(?:a\s+)?(?:high|low)s?\b;\bto\s+(?:a\s+)?(?:high|low)s?\b;\bhigh\s+of\b,up,down,"The temperature ranged from a low of -2.0°C to a high of 20.0°C, showing a noticeable upward trend towards the end of the week, with some fluctuations and a few outliers at the beginning.","The temperature ranged from a low of -2.0°C to a high of 20.0°C, showing a noticeable downward trend towards the end of the week, with some fluctuations and a few outliers at the beginning.","Weather time series location: McCurtain County, Oklahoma experienced varied weather conditions. Time range: The past week from December 20 to December 26, 2019. The weather is Clear, Cloudy, Rainy, Humid. The temperature ranged from a low of -2.0°C to a high of 20.0°C, showing a noticeable downward trend towards the end of the week, with some fluctuations and a few outliers at the beginning. 
 Precipitation was consistent at 0.43 mm for most of the week, with a slight increase to 0.7 mm on December 21, indicating minimal variability. 
 Relative humidity fluctuated between 33% and 100%, with a general trend of higher humidity levels towards the end of the week, peaking at 100% on December 23. 
 Visibility remained high, mostly around 16.09 km, with occasional drops to lower values during periods of precipitation. 
 Wind direction showed variability, with some periods of calm winds and others with gusts up to -3.68 m/s. 
 Wind velocity varied, with notable gusts reaching up to 4.69 m/s, particularly towards the end of the week. 
 The sky cover ranged from clear to overcast, with significant cloud cover observed on December 23 and 24, indicating a transition from clear to cloudy conditions.",y,
122,N3|1676|swap,week,R2:\bfrom\s+(?:a\s+)?(?:high|low)s?\b;\bto\s+(?:a\s+)?(?:high|low)s?\b;\bhigh\s+of\b,down,up,"The temperature ranged from a low of -5.57°C to a high of 13.0°C, with noticeable fluctuations and a general trend of decreasing temperatures towards the end of the week.","The temperature ranged from a low of -5.57°C to a high of 13.0°C, with noticeable fluctuations and a general trend of increasing temperatures towards the end of the week.","Weather time series location: The weather was reported for Madison County, Illinois. Time range: The past seven days have been from December 25 to December 31, 2018. The weather is Cold, Cloudy, Rainy, Humid. The temperature ranged from a low of -5.57°C to a high of 13.0°C, with noticeable fluctuations and a general trend of increasing temperatures towards the end of the week. 
 Precipitation was consistent, with a majority of the days experiencing around 1.31 mm, but there were notable spikes on December 30 with values reaching up to 4.6 mm. 
 Relative humidity levels varied significantly, starting high at around 93% and dropping to about 70% towards the end of the week, with several instances of 100% humidity observed. 
 Visibility remained mostly stable, averaging around 16.09 km, with some reductions noted during periods of increased precipitation. 
 Wind direction varied significantly, with values ranging from -9.35 to 8.49 m/s, suggesting a mix of wind patterns throughout the week. 
 Wind velocity showed variability, with values ranging from -2.96 to 9.88 m/s, indicating periods of calm and gusty conditions. 
 The sky cover fluctuated between clear to overcast conditions, with a significant portion of the week experiencing broken to overcast skies.",y,
123,N3|1678|swap,28_days,R2:\bfrom\s+(?:a\s+)?(?:high|low)s?\b;\bto\s+(?:a\s+)?(?:high|low)s?\b;\bhigh\s+of\b,up,down,"The temperature ranged from a low of -2.08°C to a high of 27.92°C, with noticeable fluctuations and a general warming trend towards the end of the period.","The temperature ranged from a low of -2.08°C to a high of 27.92°C, with noticeable fluctuations and a general cooling trend towards the end of the period.","Weather time series location: The weather data is for McCurtain, Oklahoma. Time range: The past 28 days from April 19, 2021, to May 16, 2021. The weather is Clear, Warm, Humid. The temperature ranged from a low of -2.08°C to a high of 27.92°C, with noticeable fluctuations and a general cooling trend towards the end of the period. 
 Precipitation was relatively consistent, with most values around 1.75 mm, but there were notable spikes, including a peak of 7.03 mm on one occasion. 
 Relative humidity varied significantly, with values ranging from 14.42% to 100%, indicating periods of dryness and high moisture, particularly towards the end of the period. 
 Visibility remained mostly high, averaging around 16.09 km, with occasional drops due to weather conditions. 
 Wind direction fluctuated, with values ranging from -6.59 to 5.48 m/s, indicating changing wind patterns throughout the period. 
 Wind velocities showed variability, with some periods of calm and others with gusts reaching up to 7.86 m/s. 
 The sky was predominantly clear, with no significant cloud cover reported.",y,
124,N3|1679|swap,28_days,R2:\bindicat\w+\b;\bfrom\s+(?:a\s+)?(?:high|low)s?\b;\bto\s+(?:a\s+)?(?:high|low)s?\b,up,down,"The temperature ranged from a low of 15.66°C to a high of 37.78°C, with noticeable trends showing increasing temperatures towards the end of the period, particularly in the last week, indicating a warming trend.","The temperature ranged from a low of 15.66°C to a high of 37.78°C, with noticeable trends showing decreasing temperatures towards the end of the period, particularly in the last week, indicating a cooling trend.","Weather time series location: Hamilton, Nebraska experienced a variety of weather conditions. Time range: The past 28 days from July 17 to August 13, 2023. The weather is Clear, Cloudy, Rainy, Hot, Humid. The temperature ranged from a low of 15.66°C to a high of 37.78°C, with noticeable trends showing decreasing temperatures towards the end of the period, particularly in the last week, indicating a cooling trend. 
 Precipitation was minimal for most of the period, with a few significant events, including a peak of 7.48 mm on August 1, suggesting sporadic rainfall with overall low totals. 
 Relative humidity varied significantly, with values ranging from 28.2% to 97.53%, showing a trend towards higher humidity levels in the latter part of the period, particularly during rainy days. 
 Visibility generally remained high, averaging around 16 km, with occasional reductions due to weather conditions. 
 Wind direction fluctuated, with notable shifts indicating changing weather patterns throughout the month. 
 Wind velocity showed variability, with some periods of calm and others with gusts, particularly towards the end of the period. 
 Sky cover varied from clear to overcast, with several days experiencing significant cloud cover, particularly during rainfall events.",y,
125,N3|1688|swap,week,R2:\bfrom\s+(?:a\s+)?(?:high|low)s?\b;\bto\s+(?:a\s+)?(?:high|low)s?\b;\bhigh\s+of\b,up,down,"The temperature ranged from a low of -13.9°C to a high of 13.9°C, showing a noticeable warming trend towards the end of the week, with some fluctuations and outliers in the early days.","The temperature ranged from a low of -13.9°C to a high of 13.9°C, showing a noticeable cooling trend towards the end of the week, with some fluctuations and outliers in the early days.","Weather time series location: Scotts Bluff, Nebraska experienced a cold and dry week. Time range: The past week from February 4 to February 10, 2022. The weather is Cold, Clear, Windy. The temperature ranged from a low of -13.9°C to a high of 13.9°C, showing a noticeable cooling trend towards the end of the week, with some fluctuations and outliers in the early days. 
 There was no recorded precipitation throughout the week, indicating a completely dry period. 
 Relative humidity values varied from 20.0% to 79.0%, with a general trend of decreasing humidity as the week progressed, particularly in the latter half. 
 Visibility remained consistently high, mostly around 16.09 km, with occasional drops to 15.21 km. 
 Wind direction varied, with speeds reaching up to 12.21 m/s, contributing to the overall windy conditions. 
 Wind velocity showed variability, with some gusts reaching up to -9.21 m/s, indicating periods of stronger winds. 
 The sky cover ranged from clear to scattered clouds, with a predominance of clear conditions throughout the week.",y,
126,N3|1689|swap,28_days,R2:\bfrom\s+(?:a\s+)?(?:high|low)s?\b;\bto\s+(?:a\s+)?(?:high|low)s?\b;\bhigh\s+of\b,up,down,"The temperature ranged from a low of 8.58°C to a high of 25.98°C, with noticeable fluctuations and a general warming trend towards the end of the period.","The temperature ranged from a low of 8.58°C to a high of 25.98°C, with noticeable fluctuations and a general cooling trend towards the end of the period.","Weather time series location: Mercer, West Virginia experienced a variety of weather conditions. Time range: The past 28 days from June 6 to July 3, 2023. The weather is Clear, Cloudy, Rainy, Humid, Windy. The temperature ranged from a low of 8.58°C to a high of 25.98°C, with noticeable fluctuations and a general cooling trend towards the end of the period. 
 Precipitation was sporadic, with several days of no rain and notable peaks, including a significant rainfall of 2.33 mm on one occasion. 
 Relative humidity varied widely, with values ranging from 36.0% to 99.7%, showing a trend of higher humidity levels during the early mornings and lower levels during the afternoons. 
 Visibility generally remained high, averaging around 16.09 km, with occasional drops due to weather conditions. 
 Wind direction fluctuated, with values ranging from -3.01 to 6.24 m/s, suggesting a mix of calm and windy days. 
 Wind velocity showed variability, with occasional gusts reaching up to 6.32 m/s, indicating periods of breezy conditions. 
 The sky cover varied significantly, with a mix of clear and overcast conditions, predominantly showing overcast skies towards the end of the period.",y,
127,N3|1700|swap,28_days,R2:\bfrom\s+(?:a\s+)?(?:high|low)s?\b;\bto\s+(?:a\s+)?(?:high|low)s?\b;\bhigh\s+of\b,up,down,"The temperature ranged from a low of 25.33°C to a high of 45.25°C, with noticeable volatility and a general upward trend, particularly peaking in the second half of the period.","The temperature ranged from a low of 25.33°C to a high of 45.25°C, with noticeable volatility and a general downward trend, particularly peaking in the second half of the period.","Weather time series location: Maricopa County, Arizona experienced a predominantly hot and dry climate. Time range: The past 28 days from August 6, 2020, to September 2, 2020. The weather is Hot, Clear, Dry. The temperature ranged from a low of 25.33°C to a high of 45.25°C, with noticeable volatility and a general downward trend, particularly peaking in the second half of the period. 
 There was no recorded precipitation throughout the entire 28 days, indicating a completely dry spell. 
 Relative humidity values fluctuated between 6.5% and 65%, showing a trend of lower humidity during the hotter parts of the day and occasional spikes in the early morning and late evening. 
 Visibility remained consistently high, mostly around 16.09 km, with slight reductions on a few occasions. 
 Wind speed in the horizontal direction showed variability, with maximum gusts recorded at 6.66 m/s, suggesting breezy conditions at times. 
 Wind velocity in the vertical direction varied, with notable gusts reaching up to 12.25 m/s, indicating periods of stronger winds. 
 The sky cover ranged from clear to overcast, with a significant portion of the period experiencing clear to few clouds, while some days had scattered to broken clouds.",y,
128,N3|1701|swap,week,R2:\bfrom\s+(?:a\s+)?(?:high|low)s?\b;\bto\s+(?:a\s+)?(?:high|low)s?\b;\bhigh\s+of\b,up,down,"The temperature ranged from a low of 4.67°C to a high of 26.33°C, showing a noticeable warming trend towards the end of the week, with some volatility and a few outliers in the lower range.","The temperature ranged from a low of 4.67°C to a high of 26.33°C, showing a noticeable cooling trend towards the end of the week, with some volatility and a few outliers in the lower range.","Weather time series location: Sumter County, Georgia. Time range: The past week from April 19 to April 25, 2021. The weather is Clear, Warm, Humid. The temperature ranged from a low of 4.67°C to a high of 26.33°C, showing a noticeable cooling trend towards the end of the week, with some volatility and a few outliers in the lower range. 
 There was no recorded precipitation throughout the week. 
 Relative humidity varied significantly, starting at 50% and peaking at 94%, with a general trend of increasing humidity towards the end of the week. 
 Visibility remained consistently high, averaging around 16.09 km, with slight reductions noted on some occasions. 
 Wind direction varied, with speeds ranging from -3.51 to 6.48 m/s, showing a mix of calm and breezy conditions. 
 Wind velocity fluctuated, with values ranging from -5.13 to 6.48 m/s, indicating periods of both calm and strong winds. 
 The sky was predominantly clear, with occasional scattered clouds, particularly noted on April 20 and 21.",y,
129,N3|1705|swap,28_days,R2:\bfrom\s+(?:a\s+)?(?:high|low)s?\b;\bto\s+(?:a\s+)?(?:high|low)s?\b;\bhigh\s+of\b,up,down,"The temperature ranged from a low of -0.46°C to a high of 29.42°C, with noticeable fluctuations and a general warming trend towards the end of the period.","The temperature ranged from a low of -0.46°C to a high of 29.42°C, with noticeable fluctuations and a general cooling trend towards the end of the period.","Weather time series location: The weather data pertains to Pettis County, Missouri. Time range: The past 28 days have been observed from April 3, 2020, to April 30, 2020. The weather is Clear, Cloudy, Rainy, Windy, Humid. The temperature ranged from a low of -0.46°C to a high of 29.42°C, with noticeable fluctuations and a general cooling trend towards the end of the period. 
 Precipitation was minimal, with several days recording no rainfall, while the highest recorded precipitation was 3.42 mm, indicating sporadic light rain events. 
 Relative humidity levels varied significantly, ranging from 24% to 96%, with a tendency for higher humidity during cooler periods and lower values during warmer days. 
 Visibility generally remained high, averaging around 16.09 km, with occasional reductions during periods of precipitation. 
 Wind direction fluctuated, with speeds ranging from -7.43 m/s to 7.53 m/s, indicating a mix of calm and windy conditions throughout the month. 
 Wind velocity showed variability, with notable gusts reaching up to 8.82 m/s, particularly during stormy conditions. 
 The sky cover varied from clear to overcast, with a predominance of overcast conditions, particularly during rainy days.",y,
130,N3|1713|swap,28_days,R2:\bfrom\s+(?:a\s+)?(?:high|low)s?\b;\bto\s+(?:a\s+)?(?:high|low)s?\b;\bhigh\s+of\b,down,up,"The temperature ranged from a low of -2.83°C to a high of 21.42°C, with noticeable fluctuations and a general trend of cooler temperatures towards the end of the period.","The temperature ranged from a low of -2.83°C to a high of 21.42°C, with noticeable fluctuations and a general trend of hotter temperatures towards the end of the period.","Weather time series location: Gila, Arizona experienced a variety of weather conditions. Time range: The past 28 days from October 17 to November 13, 2022. The weather is Clear, Cloudy, Cold, Humid. The temperature ranged from a low of -2.83°C to a high of 21.42°C, with noticeable fluctuations and a general trend of hotter temperatures towards the end of the period. 
 There was no recorded precipitation throughout the entire 28 days. 
 Relative humidity levels varied significantly, with a high of 99.42% and a low of 15.58%, indicating periods of both humid and dry conditions. 
 Visibility remained generally high, with most readings around 16.09 km, but occasional drops to lower values were noted. 
 Wind direction varied significantly, with values ranging from -6.16 to 4.72 m/s, indicating changing wind patterns. 
 Wind velocities showed variability, with some strong gusts reaching up to 6.21 m/s, particularly towards the end of the period. 
 The sky cover varied from clear (0/8) to overcast (8/8), with several days showing scattered to broken clouds.",y,
131,N3|1719|swap,week,R2:\bfrom\s+(?:a\s+)?(?:high|low)s?\b;\bto\s+(?:a\s+)?(?:high|low)s?\b;\bhigh\s+of\b,up,down,"The temperature ranged from a low of 2.8°C to a high of 17.8°C, showing a noticeable trend of increasing temperatures towards the end of the week, with some volatility and outliers in the lower range.","The temperature ranged from a low of 2.8°C to a high of 17.8°C, showing a noticeable trend of decreasing temperatures towards the end of the week, with some volatility and outliers in the lower range.","Weather time series location: San Bernardino, California. Time range: The past week from March 6 to March 12, 2019. The weather is Clear, Cloudy, Rainy, Humid, Windy. The temperature ranged from a low of 2.8°C to a high of 17.8°C, showing a noticeable trend of decreasing temperatures towards the end of the week, with some volatility and outliers in the lower range. 
 Precipitation was minimal overall, with a few notable spikes, including a maximum of 2.75 mm, indicating sporadic rainy periods. 
 Relative humidity fluctuated significantly, peaking at 100% and showing a general downward trend from the start to the end of the week, with some periods of high humidity. 
 Visibility remained consistently high throughout the week, mostly around 16.09 km. 
 Wind direction showed variability with some notable gusts, particularly towards the end of the week. 
 Wind velocity varied, with some gusts reaching up to 16.91 km/h, indicating moderate wind conditions. 
 The sky cover varied from clear to overcast, with periods of scattered clouds, indicating a mix of weather conditions.",y,
132,N3|1725|swap,week,R2:\bfrom\s+(?:a\s+)?(?:high|low)s?\b;\bto\s+(?:a\s+)?(?:high|low)s?\b;\bhigh\s+of\b,up,down,"The temperature ranged from a low of 5.0°C to a high of 27.2°C, showing a noticeable warming trend towards the end of the week, with some fluctuations and a few outliers below 10°C.","The temperature ranged from a low of 5.0°C to a high of 27.2°C, showing a noticeable cooling trend towards the end of the week, with some fluctuations and a few outliers below 10°C.","Weather time series location: Union, Arkansas. Time range: The past week from October 13 to October 19, 2023. The weather is Clear, Cloudy, Humid. The temperature ranged from a low of 5.0°C to a high of 27.2°C, showing a noticeable cooling trend towards the end of the week, with some fluctuations and a few outliers below 10°C. 
 There was no recorded precipitation throughout the week, indicating dry conditions. 
 Relative humidity was consistently high, starting at 100% for several hours and gradually decreasing to around 32% by the end of the week, with notable spikes during the early hours. 
 Visibility remained generally high, averaging around 16.09 km, with occasional drops to lower values. 
 Wind direction showed fluctuations, with values ranging from -5.83 m/s to 5.83 m/s, reflecting a mix of calm and breezy conditions. 
 Wind velocity varied, with some periods of calm and others reaching up to -5.61 m/s, indicating variable wind conditions. 
 The sky cover varied throughout the week, with a mix of clear and overcast conditions, predominantly clear during the early part of the week and becoming more overcast towards the end.",y,
133,N3|172|swap,28_days,R2:\bindicat\w+\b;\bfrom\s+(?:a\s+)?(?:high|low)s?\b;\bto\s+(?:a\s+)?(?:high|low)s?\b,up,down,"The temperature ranged from a low of 24.42°C to a high of 36.0°C, with noticeable daily fluctuations and a general upward trend towards the end of the period, indicating a warming trend.","The temperature ranged from a low of 24.42°C to a high of 36.0°C, with noticeable daily fluctuations and a general downward trend towards the end of the period, indicating a cooling trend.","Weather time series location: Cameron, Texas experienced a predominantly warm and humid climate. Time range: The past 28 days from June 28 to July 25, 2020. The weather is Clear, Hot, Humid. The temperature ranged from a low of 24.42°C to a high of 36.0°C, with noticeable daily fluctuations and a general downward trend towards the end of the period, indicating a cooling trend. 
 Precipitation was minimal, with most days recording no rainfall, except for a few instances of light rain totaling 1.22 mm and 0.15 mm, indicating a dry spell throughout the month. 
 Relative humidity levels varied between 43.0% and 91.5%, showing a trend of higher humidity during the early mornings and lower levels in the afternoons, with occasional spikes. 
 Visibility remained consistently high, mostly around 16.09 km, with some reductions observed during periods of lower humidity. 
 Wind direction showed variability, with speeds ranging from -8.74 m/s to 12.37 m/s, suggesting shifts in wind patterns throughout the period. 
 Wind speeds varied, with values ranging from -1.55 m/s to 12.57 m/s, indicating periods of calm and stronger winds. 
 The sky cover fluctuated from clear to overcast, with a mix of clear (0/8) to broken (6/8) skies, indicating a generally clear to partly cloudy month.",y,
134,N3|1730|swap,week,R2:\bfrom\s+(?:a\s+)?(?:high|low)s?\b;\bto\s+(?:a\s+)?(?:high|low)s?\b;\bhigh\s+of\b,down,up,"The temperature ranged from a low of -6.67°C to a high of 4.0°C, showing a general downward trend with notable volatility and several outliers below -5°C.","The temperature ranged from a low of -6.67°C to a high of 4.0°C, showing a general upward trend with notable volatility and several outliers below -5°C.","Weather time series location: Boundary County, Idaho experienced a cold and humid week. Time range: The past week from December 28, 2022, to January 3, 2023. The weather is Cold, Humid, Cloudy. The temperature ranged from a low of -6.67°C to a high of 4.0°C, showing a general upward trend with notable volatility and several outliers below -5°C. 
 Consistent light precipitation of 0.3 mm was recorded throughout the week, indicating a stable pattern with no significant changes. 
 Relative humidity levels were high, averaging around 90%, with peaks at 100% and a noticeable decrease towards the end of the week. 
 Visibility remained mostly clear, averaging around 16.09 km, with occasional drops to as low as 1.88 km. 
 Wind direction varied slightly, with values mostly around 0.65 m/s, indicating light winds throughout the week. 
 Wind velocity fluctuated between 1.5 m/s and 4.56 m/s, with some periods of calm winds. 
 The sky was predominantly overcast, with several hours of clear to partly cloudy conditions.",y,
135,N3|1735|swap,28_days,R2:\bfrom\s+(?:a\s+)?(?:high|low)s?\b;\bto\s+(?:a\s+)?(?:high|low)s?\b;\bhigh\s+of\b,up,down,"The temperature ranged from a low of 15.7°C to a high of 40.98°C, with noticeable fluctuations and a general warming trend observed, particularly in the first half of the period.","The temperature ranged from a low of 15.7°C to a high of 40.98°C, with noticeable fluctuations and a general cooling trend observed, particularly in the first half of the period.","Weather time series location: Oklahoma County, Oklahoma experienced varied weather conditions. Time range: The past 28 days from July 29 to August 25, 2023. The weather is Clear, Hot, Humid. The temperature ranged from a low of 15.7°C to a high of 40.98°C, with noticeable fluctuations and a general cooling trend observed, particularly in the first half of the period. 
 Precipitation was minimal, with most days recording no rain, but notable spikes occurred on August 3 (4.64 mm) and August 10 (1.16 mm). 
 Relative humidity varied significantly, with values ranging from 21.25% to 91.5%, showing a trend of higher humidity towards the end of the period. 
 Visibility remained consistently high, mostly around 16.09 km, with occasional drops to around 10.68 km. 
 Wind direction varied, with values ranging from -5.76 m/s to 4.92 m/s, reflecting changing wind patterns throughout the month. 
 Wind velocity showed variability, with values fluctuating between -6.22 m/s and 7.91 m/s, indicating periods of both calm and strong winds. 
 The sky cover was predominantly clear, with occasional scattered clouds, peaking at a maximum of 7/8 coverage on certain days.",y,
136,N3|173|swap,week,R2:\bindicat\w+\b;\bfrom\s+(?:a\s+)?(?:high|low)s?\b;\bto\s+(?:a\s+)?(?:high|low)s?\b,up,down,"The temperature ranged from a low of -0.33°C to a high of 17.0°C, showing a noticeable upward trend towards the end of the week, with some fluctuations indicating overall volatility.","The temperature ranged from a low of -0.33°C to a high of 17.0°C, showing a noticeable downward trend towards the end of the week, with some fluctuations indicating overall volatility.","Weather time series location: KERN, CALIFORNIA experienced varied weather conditions. Time range: The past week from March 3 to March 9, 2023. The weather is Clear, Warm, Dry. The temperature ranged from a low of -0.33°C to a high of 17.0°C, showing a noticeable downward trend towards the end of the week, with some fluctuations indicating overall volatility. 
 There was no recorded precipitation throughout the week, indicating dry conditions. 
 Relative humidity varied significantly, with values ranging from 19.0% to 81.0%, showing a general trend of increasing humidity towards the middle of the week before stabilizing. 
 Visibility remained consistently high at around 16.09 km, with a slight dip to 13.95 km on one occasion. 
 Wind direction showed variability, with speeds fluctuating between -6.12 km/h and 12.74 km/h, suggesting changing wind patterns. 
 Wind velocity varied, with notable gusts reaching up to 11.5 km/h, indicating periods of breezy conditions. 
 The sky cover ranged from clear to overcast, with a mix of clear and few clouds dominating the early part of the week, transitioning to more overcast conditions later.",y,
137,N3|1767|swap,28_days,R2:\bfrom\s+(?:a\s+)?(?:high|low)s?\b;\bto\s+(?:a\s+)?(?:high|low)s?\b;\bhigh\s+of\b,down,up,"The temperature ranged from a low of -2.76°C to a high of 24.5°C, with noticeable fluctuations and a general cooling trend towards the end of the period.","The temperature ranged from a low of -2.76°C to a high of 24.5°C, with noticeable fluctuations and a general warming trend towards the end of the period.","Weather time series location: Madison County, Illinois experienced a variety of weather conditions. Time range: The past 28 days from October 19, 2021, to November 15, 2021. The weather is Clear, Cloudy, Rainy, Windy, Cold, Humid. The temperature ranged from a low of -2.76°C to a high of 24.5°C, with noticeable fluctuations and a general warming trend towards the end of the period. 
 Precipitation was mostly consistent, with several instances of 0.84 mm, but there were notable peaks, including a higher value of 1.8 mm on one occasion. 
 Relative humidity varied significantly, with values ranging from 35.75% to 99.25%, indicating periods of high humidity, especially towards the end of the period. 
 Visibility generally remained high, mostly around 16.09 km, with occasional drops to lower values due to weather conditions. 
 Wind direction fluctuated, with values ranging from -7.49 to 9.11 m/s, indicating changing wind patterns throughout the period. 
 Wind velocity showed variability, with some strong gusts reaching up to 9.91 m/s, particularly during stormy conditions. 
 Sky cover varied, with clear skies (0/8) observed at times, but also significant cloud cover, reaching overcast conditions (8/8) on several occasions.",y,
138,N3|1770|swap,week,R2:\bfrom\s+(?:a\s+)?(?:high|low)s?\b;\bto\s+(?:a\s+)?(?:high|low)s?\b;\bhigh\s+of\b,up,down,"The temperature ranged from a low of -2.67°C to a high of 14.0°C, with noticeable fluctuations and a general upward trend towards the end of the week.","The temperature ranged from a low of -2.67°C to a high of 14.0°C, with noticeable fluctuations and a general downward trend towards the end of the week.","Weather time series location: Westmoreland, Pennsylvania. Time range: The past week from November 27 to December 3, 2021. The weather is Clear, Cold, Humid. The temperature ranged from a low of -2.67°C to a high of 14.0°C, with noticeable fluctuations and a general downward trend towards the end of the week. 
 There was no recorded precipitation throughout the week, indicating dry conditions. 
 Relative humidity values varied from 40.0% to 100.0%, showing a significant drop during the day and higher levels at night, with a notable spike on November 29. 
 Visibility remained consistently high, mostly around 16.09 km, with occasional drops. 
 Wind direction varied, with values between -1.74 and 7.24 m/s, suggesting a mix of wind patterns. 
 Wind velocity ranged from -5.90 to 7.74 m/s, indicating variable wind conditions with some stronger gusts. 
 The sky cover was predominantly overcast, with several periods of clear to partly cloudy conditions.",y,
139,N3|1793|swap,week,R2:\bfrom\s+(?:a\s+)?(?:high|low)s?\b;\bto\s+(?:a\s+)?(?:high|low)s?\b;\bhigh\s+of\b | R3:decreasing humidity as temperatures,up,down,"The temperature ranged from a low of 21.0°C to a high of 35.67°C, showing a noticeable upward trend during the week, particularly peaking mid-week with several hours above 34°C.","The temperature ranged from a low of 21.0°C to a high of 35.67°C, showing a noticeable downward trend during the week, particularly peaking mid-week with several hours above 34°C.","Weather time series location: Laurens County, Georgia. Time range: The past week from July 10 to July 16, 2023. The weather is Clear, Hot, Humid. The temperature ranged from a low of 21.0°C to a high of 35.67°C, showing a noticeable downward trend during the week, particularly peaking mid-week with several hours above 34°C. 
 There was no recorded precipitation throughout the week, indicating dry conditions. 
 Relative humidity fluctuated between 37.5% and 94%, with a general trend of decreasing humidity as temperatures rose, particularly in the afternoons. 
 Visibility remained mostly stable, averaging around 16.09 km, with occasional drops to lower values, particularly during the early morning hours. 
 Wind direction showed variability, with both positive and negative values, suggesting shifts in wind patterns throughout the week. 
 Wind velocity varied, with some periods of calm and others reaching up to 4.95 m/s, indicating a generally breezy week. 
 Sky cover ranged from clear to overcast, with a predominance of clear to partly cloudy conditions.",y,
140,N3|1794|swap,28_days,R2:\bfrom\s+(?:a\s+)?(?:high|low)s?\b;\bto\s+(?:a\s+)?(?:high|low)s?\b;\bhigh\s+of\b,up,down,"The temperature ranged from a low of 19.08°C to a high of 33.17°C, with noticeable fluctuations and a general warming trend observed, particularly in the latter half of the period.","The temperature ranged from a low of 19.08°C to a high of 33.17°C, with noticeable fluctuations and a general cooling trend observed, particularly in the latter half of the period.","Weather time series location: Burlington, New Jersey experienced a variety of weather conditions. Time range: The past 28 days from June 30, 2023, to July 27, 2023. The weather is Clear, Cloudy, Rainy, Humid, Windy. The temperature ranged from a low of 19.08°C to a high of 33.17°C, with noticeable fluctuations and a general cooling trend observed, particularly in the latter half of the period. 
 Precipitation was minimal for most of the period, with significant rainfall occurring on a few days, including a notable peak of 6.05 mm. 
 Relative humidity levels varied, generally ranging from 35% to 90%, with higher humidity observed during the early mornings and late evenings, indicating a humid environment overall. 
 Visibility remained mostly clear, with values predominantly around 16.09 km, but occasional reductions were noted during periods of precipitation. 
 Wind direction fluctuated, with both easterly and westerly components observed, contributing to the overall variability in wind conditions. 
 Wind velocity showed variability, with speeds ranging from calm conditions to gusts exceeding 5 m/s, indicating occasional windy conditions. 
 Sky cover varied throughout the period, with a mix of clear to overcast conditions, predominantly featuring scattered to broken clouds.",y,
141,N3|1807|swap,28_days,R2:\bfrom\s+(?:a\s+)?(?:high|low)s?\b;\bto\s+(?:a\s+)?(?:high|low)s?\b;\bhigh\s+of\b,down,up,"The temperature ranged from a low of -6.0°C to a high of 25.67°C, with noticeable fluctuations and a general trend of cooler temperatures towards the end of the period.","The temperature ranged from a low of -6.0°C to a high of 25.67°C, with noticeable fluctuations and a general trend of hotter temperatures towards the end of the period.","Weather time series location: The weather data is from Henderson County, Texas. Time range: The past 28 days from October 28 to November 24, 2019. The weather is Clear, Cloudy, Rainy, Cold, Humid. The temperature ranged from a low of -6.0°C to a high of 25.67°C, with noticeable fluctuations and a general trend of hotter temperatures towards the end of the period. 
 Precipitation was consistent, with most values around 0.45mm, indicating a generally dry period with occasional light rain. 
 Relative humidity varied significantly, peaking at 98.5% and dropping to 22.33%, showing a trend towards lower humidity levels as the month progressed. 
 Visibility remained high, mostly above 15 km, with occasional drops due to weather conditions. 
 Wind direction fluctuated, with values ranging from -2.05 to 2.71 m/s, indicating changing wind patterns. 
 Wind velocity showed variability, with some periods of stronger winds reaching up to 6.66 m/s, particularly in the latter part of the period. 
 Sky cover varied, with periods of clear skies (0/8) and overcast conditions (8/8), reflecting a mix of weather patterns throughout the month.",y,
142,N3|1809|swap,28_days,R2:\bindicat\w+\b;\bfrom\s+(?:a\s+)?(?:high|low)s?\b;\bto\s+(?:a\s+)?(?:high|low)s?\b,up,down,"The temperature ranged from a low of -36.33°C to a high of 5.57°C, with a noticeable trend of increasing temperatures towards the end of the period, indicating a warming trend after a prolonged cold spell.","The temperature ranged from a low of -36.33°C to a high of 5.57°C, with a noticeable trend of decreasing temperatures towards the end of the period, indicating a cooling trend after a prolonged cold spell.","Weather time series location: Northwest Arctic Borough, Alaska. Time range: The past 28 days from April 3 to April 30, 2023. The weather is Cold, Clear, Windy. The temperature ranged from a low of -36.33°C to a high of 5.57°C, with a noticeable trend of decreasing temperatures towards the end of the period, indicating a cooling trend after a prolonged cold spell. 
 There was no recorded precipitation throughout the entire period, indicating dry conditions. 
 Relative humidity values fluctuated between 43.0% and 87.0%, with a general trend of higher humidity levels towards the end of the period, suggesting increasing moisture in the air. 
 Visibility remained consistently high, mostly around 16.09 km, with occasional lower values but no significant trends. 
 Wind speeds also showed variability, with maximum gusts recorded at -6.32 m/s, suggesting windy conditions at times. 
 Wind velocities varied, with notable gusts reaching up to -8.65 m/s, indicating periods of strong winds, particularly in the latter half of the month. 
 The sky cover varied from clear to overcast, with a predominance of clear skies early in the period and some scattered clouds later on.",y,
143,N3|1812|swap,week,R2:\bfrom\s+(?:a\s+)?(?:high|low)s?\b;\bto\s+(?:a\s+)?(?:high|low)s?\b;\bhigh\s+of\b,up,down,"The temperature ranged from a low of -7.8°C to a high of 22.8°C, showing a noticeable warming trend over the week, particularly in the latter half, with some volatility and a few outliers at the extremes.","The temperature ranged from a low of -7.8°C to a high of 22.8°C, showing a noticeable cooling trend over the week, particularly in the latter half, with some volatility and a few outliers at the extremes.","Weather time series location: The location is Stutsman County, North Dakota. Time range: The past seven days have been from April 24 to April 30, 2021. The weather is Clear, Cloudy, Windy, Humid. The temperature ranged from a low of -7.8°C to a high of 22.8°C, showing a noticeable cooling trend over the week, particularly in the latter half, with some volatility and a few outliers at the extremes. 
 There was minimal precipitation, with most hours recording 0.0 mm, except for a few instances of light rain totaling 0.5 mm on April 26 and 0.3 mm on April 29. 
 Relative humidity fluctuated significantly, starting high at 65% and dropping to as low as 19%, with a notable spike towards the end of the week, indicating a trend towards increased moisture. 
 Visibility remained generally high, averaging around 16.09 km, with occasional drops to lower values, particularly on April 26. 
 Wind direction showed variability, with some hours experiencing strong winds from the northwest. 
 Wind velocity varied, with notable gusts reaching up to 10.8 m/s, indicating periods of windy conditions. 
 The sky cover was predominantly clear to partly cloudy, with several hours of overcast conditions noted, particularly early in the week.",y,
144,N3|1815|swap,28_days,R2:\bindicat\w+\b;\bfrom\s+(?:a\s+)?(?:high|low)s?\b;\bto\s+(?:a\s+)?(?:high|low)s?\b,up,down,"The temperature ranged from a low of 19.28°C to a high of 43.17°C, with noticeable fluctuations and a general upward trend towards the end of the period, indicating hot weather.","The temperature ranged from a low of 19.28°C to a high of 43.17°C, with noticeable fluctuations and a general downward trend towards the end of the period, indicating hot weather.","Weather time series location: The weather data pertains to Stephens County, Oklahoma. Time range: The past 28 days from June 25 to July 22, 2022. The weather is Clear, Hot, Humid, Cloudy. The temperature ranged from a low of 19.28°C to a high of 43.17°C, with noticeable fluctuations and a general downward trend towards the end of the period, indicating hot weather. 
 Precipitation was relatively consistent, with most readings around 0.85 mm, but there were a few outliers with higher values, including a peak of 2.82 mm, suggesting sporadic rainfall. 
 Relative humidity varied significantly, with values ranging from 16.0% to 88.42%, indicating periods of both dry and humid conditions, with a tendency towards higher humidity levels in the latter part of the period. 
 Visibility remained mostly stable, averaging around 16.09 km, with slight reductions during specific times. 
 Wind direction varied, with values ranging from -5.4 to 4.72 m/s, reflecting changes in wind patterns throughout the period. 
 Wind velocity showed variability, with values ranging from -7.1 to 7.35 m/s, indicating periods of both calm and breezy conditions. 
 The sky cover ranged from clear to overcast, with a significant amount of time spent under clear or few clouds, but also periods of overcast conditions.",n,"a: leftover "", indicating hot weather"" inside swapped clause contradicts the new downward trend — claim incoherent"
145,N3|1818|swap,28_days,R2:\bfrom\s+(?:a\s+)?(?:high|low)s?\b;\bto\s+(?:a\s+)?(?:high|low)s?\b;\bhigh\s+of\b,down,up,"The temperature ranged from a low of 6.24°C to a high of 30.0°C, showing a noticeable trend of decreasing temperatures towards the end of the period, with some volatility and outliers, particularly the high of 30.0°C and low of 6.24°C.","The temperature ranged from a low of 6.24°C to a high of 30.0°C, showing a noticeable trend of increasing temperatures towards the end of the period, with some volatility and outliers, particularly the high of 30.0°C and low of 6.24°C.","Weather time series location: Harrison, Mississippi experienced a variety of weather conditions during this period. Time range: The past 28 days from October 16, 2021, to November 12, 2021. The weather is Clear, Cloudy, Rainy, Humid, Windy, Cold. The temperature ranged from a low of 6.24°C to a high of 30.0°C, showing a noticeable trend of increasing temperatures towards the end of the period, with some volatility and outliers, particularly the high of 30.0°C and low of 6.24°C. 
 Precipitation was minimal for most of the period, with significant events occurring on October 20 (2.42 mm) and November 5 (11.55 mm), indicating sporadic rainy days amidst predominantly dry conditions. 
 Relative humidity varied significantly, peaking at 96.12% and dropping to 34.0%, with a general trend of higher humidity levels early in the period and lower levels towards the end, suggesting a transition to drier air. 
 Visibility remained generally high, mostly around 16.09 km, with occasional drops to lower values during periods of precipitation. 
 Wind direction varied, with values ranging from -6.27 to 6.13 m/s, suggesting shifts in wind patterns throughout the month. 
 Wind velocity fluctuated, with values ranging from -7.93 to 6.38 m/s, indicating periods of both calm and windy conditions. 
 The sky cover varied from clear to overcast, with a mix of clear and cloudy days, particularly noted with several days showing significant cloud cover (sky codes 6 to 8).",y,
146,N3|181|swap,week,R2:\bfrom\s+(?:a\s+)?(?:high|low)s?\b;\bto\s+(?:a\s+)?(?:high|low)s?\b;\bhigh\s+of\b,up,down,"The temperature ranged from a low of 1.0°C to a high of 15.0°C, showing a noticeable fluctuation with a general trend of increasing temperatures towards the end of the week.","The temperature ranged from a low of 1.0°C to a high of 15.0°C, showing a noticeable fluctuation with a general trend of decreasing temperatures towards the end of the week.","Weather time series location: The weather was reported for Kern, California. Time range: The past week from January 10 to January 16, 2019. The weather is Clear, Cloudy, Humid. The temperature ranged from a low of 1.0°C to a high of 15.0°C, showing a noticeable fluctuation with a general trend of decreasing temperatures towards the end of the week. 
 Precipitation was consistently recorded at 1.12 mm for most of the week, with some outliers on specific days showing higher values, indicating a steady but low level of rainfall. 
 Relative humidity varied significantly, peaking at 100% on multiple occasions, with a general trend of higher humidity levels during the early mornings and lower levels in the afternoons. 
 Visibility remained high throughout the week, mostly around 16.09 km, with occasional drops due to weather conditions. 
 Wind direction was predominantly from the north-northwest, with some fluctuations in speed, particularly during the early mornings and late evenings. 
 Wind velocity showed a mix of directions with notable gusts, particularly towards the end of the week, indicating variable wind conditions. 
 Sky cover varied from clear to overcast, with a significant amount of time spent under broken clouds, indicating a mix of clear and cloudy conditions.",y,
147,N3|1822|swap,28_days,R2:\bfrom\s+(?:a\s+)?(?:high|low)s?\b;\bto\s+(?:a\s+)?(?:high|low)s?\b;\bhigh\s+of\b,up,down,"The temperature ranged from a low of 1.55°C to a high of 26.15°C, with noticeable fluctuations and a general warming trend towards the end of the period.","The temperature ranged from a low of 1.55°C to a high of 26.15°C, with noticeable fluctuations and a general cooling trend towards the end of the period.","Weather time series location: Craighead County, Arkansas. Time range: The past 28 days from March 31, 2022, to April 27, 2022. The weather is Clear, Cloudy, Rainy, Humid, Windy. The temperature ranged from a low of 1.55°C to a high of 26.15°C, with noticeable fluctuations and a general cooling trend towards the end of the period. 
 Precipitation was sporadic, with significant rainfall events occurring on a few days, including a peak of 6.59 mm and several days with no precipitation at all. 
 Relative humidity varied widely, with values ranging from 25.5% to 98.57%, showing a trend of higher humidity during rainfall events. 
 Visibility remained generally high, averaging around 16.09 km, with occasional drops due to weather conditions. 
 Wind speed fluctuated, with a range from -6.7 m/s to 9.82 m/s, indicating periods of calm and windy conditions. 
 Wind velocity showed variability, with both positive and negative values indicating changing wind directions, peaking at 11.07 m/s. 
 Sky cover varied significantly, with a mix of clear and overcast conditions, predominantly featuring overcast skies on several days.",y,
148,N3|1826|swap,week,R2:\bfrom\s+(?:a\s+)?(?:high|low)s?\b;\bto\s+(?:a\s+)?(?:high|low)s?\b;\bhigh\s+of\b,up,down,"The temperature ranged from a low of -19.93°C to a high of 5.77°C, showing a significant cold trend with a gradual increase towards the end of the week.","The temperature ranged from a low of -19.93°C to a high of 5.77°C, showing a significant cold trend with a gradual decrease towards the end of the week.","Weather time series location: Grafton, New Hampshire experienced a cold winter week. Time range: The past seven days from January 18 to January 24, 2019. The weather is {Cold, Cloudy, Humid}. The temperature ranged from a low of -19.93°C to a high of 5.77°C, showing a significant cold trend with a gradual decrease towards the end of the week. 
 Precipitation was consistent, primarily at 1.26 mm, with occasional lower values indicating brief periods of lighter rain or snow. 
 Relative humidity fluctuated between 28.67% and 96.67%, with noticeable spikes in the latter part of the week, suggesting increased moisture in the air. 
 Visibility varied significantly, with values ranging from 0.67 km to 16.09 km, indicating periods of reduced visibility likely due to weather conditions. 
 Wind direction showed a consistent pattern with values primarily around 3.46 m/s, with some fluctuations indicating changes in wind direction. 
 Wind velocity ranged from -5.42 to 10.25 m/s, indicating variable wind conditions throughout the week. 
 The sky cover was predominantly overcast (8/8) with occasional breaks, indicating mostly cloudy conditions throughout the week.",y,
149,N3|1840|swap,six_months,R1:six_months_window | R2:\bfrom\s+(?:a\s+)?(?:high|low)s?\b;\bto\s+(?:a\s+)?(?:high|low)s?\b;\bhigh\s+of\b,down,up,"The temperature ranged from a high of 19.34°C to a low of -13.04°C, with noticeable volatility and several outliers, particularly during the colder months where temperatures frequently dropped below freezing.","The temperature ranged from a high of 19.34°C to a low of -13.04°C, with noticeable volatility and several outliers, particularly during the warmer months where temperatures frequently climbed below freezing.","Weather time series location: Antrim County, Michigan experienced varied weather conditions. Time range: The past six months from September 21, 2022, to March 19, 2023. The weather is Clear, Cold, Humid. The temperature ranged from a high of 19.34°C to a low of -13.04°C, with noticeable volatility and several outliers, particularly during the warmer months where temperatures frequently climbed below freezing. 
 There was no recorded precipitation during this period, indicating a dry spell. 
 Relative humidity levels fluctuated between 54.96% and 95.27%, with a general trend of higher humidity during the colder months and lower values in the warmer days. 
 Visibility remained generally high, averaging around 15.8 km, with occasional drops due to weather conditions. 
 Wind direction showed variability, with values ranging from -3.52 to 5.41, suggesting shifts in wind patterns throughout the period. 
 Wind velocity varied, with values ranging from -3.81 to 5.41, indicating periods of both calm and windy conditions. 
 The sky cover was predominantly overcast, with many days reporting full cloud coverage (8/8), indicating limited clear days.",n,"a: ""temperatures frequently climbed below freezing"" during ""warmer months"" is garbled — no coherent claim of the upward direction"
150,N3|1841|swap,week,"R2:\bfrom\s+(?:a\s+)?(?:high|low)s?\b;\bto\s+(?:a\s+)?(?:high|low)s?\b;\bhigh\s+of\b | R3:dropping to around 18%, with a general trend of decreasing humidity as temperatu",up,down,"The temperature ranged from a low of 11.33°C to a high of 34.33°C, showing a noticeable warming trend during the week, particularly peaking mid-week, with some fluctuations towards the end.","The temperature ranged from a low of 11.33°C to a high of 34.33°C, showing a noticeable cooling trend during the week, particularly peaking mid-week, with some fluctuations towards the end.","Weather time series location: The weather was reported for Pulaski, Kentucky. Time range: The past week from June 20 to June 26, 2022. The weather is Hot, Humid, Rainy, Windy, Cloudy. The temperature ranged from a low of 11.33°C to a high of 34.33°C, showing a noticeable cooling trend during the week, particularly peaking mid-week, with some fluctuations towards the end. 
 Precipitation levels were consistently high, with most hours recording 6.9 mm, indicating a very wet week, with a notable spike to 10.2 mm on one occasion. 
 Relative humidity varied significantly, starting high at 98% and dropping to around 18%, with a general trend of decreasing humidity as temperatures increased, indicating a humid atmosphere early in the week. 
 Visibility remained stable at around 16.09 km for most of the week, with slight reductions noted during specific hours. 
 Wind direction fluctuated, with values ranging from -3.6 to 5.13 m/s, suggesting variable wind patterns throughout the week. 
 Wind velocity showed variability, with several hours experiencing gusts up to 5.46 m/s, indicating some windy conditions at times. 
 The sky cover varied from clear to overcast, with a mix of clear and scattered clouds, particularly towards the end of the week.",n,"b: surviving humidity line says ""decreasing humidity as temperatures increased"" (week-level, 98%→18%) — anchors old upward direction"
151,N3|1847|swap,28_days,R2:\bindicat\w+\b;\bfrom\s+(?:a\s+)?(?:high|low)s?\b;\bto\s+(?:a\s+)?(?:high|low)s?\b,up,down,"The temperature ranged from a low of 16.83°C to a high of 38.08°C, with noticeable trends showing a general increase in daily maximum temperatures, particularly in the latter half of the period, indicating a warming trend.","The temperature ranged from a low of 16.83°C to a high of 38.08°C, with noticeable trends showing a general decrease in daily maximum temperatures, particularly in the latter half of the period, indicating a cooling trend.","Weather time series location: Gila, Arizona. Time range: The past 28 days from June 26 to July 23, 2023. The weather is Clear, Hot, Humid. The temperature ranged from a low of 16.83°C to a high of 38.08°C, with noticeable trends showing a general decrease in daily maximum temperatures, particularly in the latter half of the period, indicating a cooling trend. 
 There was no recorded precipitation throughout the entire 28-day period. 
 Relative humidity values fluctuated between 5.58% and 66.58%, with a notable increase towards the end of the period, suggesting a trend towards more humid conditions. 
 Visibility remained consistently high at around 16.09 km throughout the period. 
 Wind direction showed variability with occasional stronger gusts, particularly in the afternoons. 
 Wind velocity varied, with some notable gusts, but generally remained mild, averaging around 1.0 m/s. 
 The sky cover was predominantly clear, with only occasional instances of scattered clouds.",y,
152,N3|184|swap,28_days,R2:\bindicat\w+\b;\btransition\w*\s+from\b;\bfrom\s+(?:a\s+)?(?:high|low)s?\b,up,down,"The temperature ranged from a low of -22.82°C to a high of 6.3°C, with a noticeable trend of increasing temperatures towards the end of the period, indicating a transition from cold to milder conditions.","The temperature ranged from a low of -22.82°C to a high of 6.3°C, with a noticeable trend of decreasing temperatures towards the end of the period, indicating a transition from cold to milder conditions.","Weather time series location: Dodge, Nebraska. Time range: The past 28 days from February 13 to March 12, 2019. The weather is Cold, Cloudy, Humid, Windy. The temperature ranged from a low of -22.82°C to a high of 6.3°C, with a noticeable trend of decreasing temperatures towards the end of the period, indicating a transition from cold to milder conditions. 
 Precipitation was consistent, with most values around 0.45 mm, showing a slight decrease towards the end of the period, indicating less frequent precipitation events. 
 Relative humidity values fluctuated between 49.08% and 100%, with a general trend of higher humidity levels observed towards the end of the period, suggesting more humid conditions. 
 Visibility varied significantly, with values ranging from 0.6 km to 16.09 km, indicating periods of reduced visibility likely due to weather conditions. 
 Wind direction ranged from -7.12 m/s to 11.45 m/s, suggesting a mix of wind directions throughout the period. 
 Wind velocity ranged from -9.22 m/s to 11.45 m/s, with notable variability indicating windy conditions at times. 
 The sky cover varied from clear to overcast, with a predominance of cloudy conditions, particularly towards the end of the period.",n,"a: leftover ""indicating a transition from cold to milder conditions"" contradicts the new decreasing-temperatures claim"
153,N3|1853|swap,week,R2:\bfrom\s+(?:a\s+)?(?:high|low)s?\b;\bto\s+(?:a\s+)?(?:high|low)s?\b;\bhigh\s+of\b,down,up,"The temperature ranged from a low of -12.0°C to a high of 3.0°C, showing a general downward trend with significant volatility and a few brief recoveries above freezing.","The temperature ranged from a low of -12.0°C to a high of 3.0°C, showing a general upward trend with significant volatility and a few brief recoveries above freezing.","Weather time series location: Isanti County, Minnesota experienced a cold and humid week. Time range: The past week from November 11 to November 17, 2020. The weather is Cold, Humid, Rainy, Windy, Cloudy. The temperature ranged from a low of -12.0°C to a high of 3.0°C, showing a general upward trend with significant volatility and a few brief recoveries above freezing. 
 Precipitation was consistent, mostly around 0.42 mm, with slight variations, indicating a stable pattern of light rain. 
 Relative humidity fluctuated between 51.0% and 77.0%, with a noticeable increase towards the end of the week, suggesting a humid atmosphere. 
 Visibility was generally good, averaging around 16.09 km, but dropped significantly at times to as low as 1.88 km. 
 Wind direction showed variability, with speeds ranging from -3.13 m/s to 7.84 m/s, reflecting changing wind patterns. 
 Wind velocity varied, with some gusts reaching up to 7.84 m/s, indicating windy conditions at times. 
 The sky cover varied from clear to overcast, with periods of scattered clouds and overcast conditions throughout the week.",y,
154,N3|1865|swap,28_days,R2:\bfrom\s+(?:a\s+)?(?:high|low)s?\b;\bto\s+(?:a\s+)?(?:high|low)s?\b;\bhigh\s+of\b,down,up,"The temperature ranged from a low of -9.43°C to a high of 21.82°C, with noticeable fluctuations and a general cooling trend towards the end of the period.","The temperature ranged from a low of -9.43°C to a high of 21.82°C, with noticeable fluctuations and a general warming trend towards the end of the period.","Weather time series location: Fallon County, Montana experienced a variety of weather conditions. Time range: The past 28 days from October 21 to November 17, 2021. The weather is Clear, Cloudy, Cold, Humid, Windy. The temperature ranged from a low of -9.43°C to a high of 21.82°C, with noticeable fluctuations and a general warming trend towards the end of the period. 
 Precipitation was minimal, with most days recording no rainfall, but there were a few instances of light rain, particularly on October 26 and November 9. 
 Relative humidity varied significantly, with values ranging from 24.0% to 91.0%, showing a trend of higher humidity during cooler periods and lower humidity during warmer days. 
 Visibility remained generally high, mostly around 16.09 km, with occasional reductions due to weather conditions. 
 Wind direction varied, with speeds ranging from -10.44 m/s to 11.02 m/s, suggesting a mix of calm and gusty winds throughout the period. 
 Wind velocity showed variability, with values fluctuating between -10.29 m/s and 12.91 m/s, indicating periods of calm and windy conditions. 
 The sky cover ranged from clear to overcast, with significant periods of clear skies and some days experiencing overcast conditions.",y,
155,N3|1868|swap,28_days,R2:\bindicat\w+\b;\bfrom\s+(?:a\s+)?(?:high|low)s?\b;\bto\s+(?:a\s+)?(?:high|low)s?\b,up,down,"The temperature ranged from a low of 16.82°C to a high of 42.22°C, with noticeable fluctuations and a general trend of increasing temperatures towards the end of the period, indicating a potential warming trend.","The temperature ranged from a low of 16.82°C to a high of 42.22°C, with noticeable fluctuations and a general trend of decreasing temperatures towards the end of the period, indicating a potential cooling trend.","Weather time series location: Bowie, Texas experienced a variety of weather conditions. Time range: The past 28 days from August 28 to September 24, 2023. The weather is Clear, Cloudy, Hot, Humid, Windy. The temperature ranged from a low of 16.82°C to a high of 42.22°C, with noticeable fluctuations and a general trend of decreasing temperatures towards the end of the period, indicating a potential cooling trend. 
 Precipitation was minimal, with most days recording no rainfall, except for a few isolated instances of light rain totaling around 3.5 mm over the period. 
 Relative humidity varied significantly, with values ranging from 15.5% to 93.57%, showing a trend of decreasing humidity during the warmer days and higher humidity during cooler nights. 
 Visibility remained consistently high, mostly around 16.09 km, with occasional drops due to weather conditions. 
 Wind direction showed variability, with both negative and positive values indicating shifts in wind patterns throughout the month. 
 Wind velocities varied, with some strong gusts recorded, particularly in the latter half of the period, indicating a mix of calm and windy conditions. 
 The sky cover ranged from clear to overcast, with several days experiencing scattered to broken clouds, particularly in the latter part of the period.",y,
156,N3|1872|swap,six_months,R1:six_months_window | R2:\bfrom\s+(?:a\s+)?(?:high|low)s?\b;\bto\s+(?:a\s+)?(?:high|low)s?\b;\bhigh\s+of\b,down,up,"The temperature ranged from a low of -20.59°C to a high of 20.28°C, with noticeable volatility and several outliers, particularly during the colder months where extreme lows were recorded.","The temperature ranged from a low of -20.59°C to a high of 20.28°C, with noticeable volatility and several outliers, particularly during the warmer months where extreme lows were recorded.","Weather time series location: Appanoose, Iowa experienced a variety of weather conditions. Time range: The past six months from October 2020 to April 2021. The weather is Cold, Humid, Cloudy, Rainy. The temperature ranged from a low of -20.59°C to a high of 20.28°C, with noticeable volatility and several outliers, particularly during the warmer months where extreme lows were recorded. 
 Precipitation was generally consistent, with most days receiving around 0.73 mm, but there were notable spikes on certain days, indicating occasional heavier rainfall. 
 Relative humidity fluctuated significantly, with values ranging from 39.3% to 100%, showing a trend of higher humidity during colder days and notable peaks during precipitation events. 
 Visibility remained relatively stable, mostly around 16 km, with occasional drops due to weather conditions. 
 Wind direction showed minimal variation, predominantly remaining steady. 
 Wind velocity varied, with consistent low values, indicating generally calm conditions. 
 The sky cover ranged from clear to overcast, with a mix of conditions throughout the period, indicating variability in cloud cover.",n,"a: clause asserts no upward trend at all, and ""warmer months where extreme lows were recorded"" is a contradictory remnant"
157,N3|1875|swap,six_months,R1:six_months_window | R2:\bfrom\s+(?:a\s+)?(?:high|low)s?\b;\bto\s+(?:a\s+)?(?:high|low)s?\b;\bhigh\s+of\b,up,down,"The temperature ranged from a low of -14.83°C to a high of 26.78°C, with noticeable volatility and a general upward trend towards warmer temperatures as the period progressed.","The temperature ranged from a low of -14.83°C to a high of 26.78°C, with noticeable volatility and a general downward trend towards colder temperatures as the period progressed.","Weather time series location: The weather observations were recorded in Lake County, Illinois. Time range: The past six months have been characterized by fluctuating weather patterns. The weather is Cold, Humid, Rainy, Windy, Cloudy. The temperature ranged from a low of -14.83°C to a high of 26.78°C, with noticeable volatility and a general downward trend towards colder temperatures as the period progressed. 
 Precipitation was sporadic, with several dry days interspersed with occasional rainfall, peaking at 8.73 mm on one day, indicating a generally dry period with some significant rainfall events. 
 Relative humidity levels varied significantly, with a range from 38.52% to 95.81%, showing a trend of higher humidity during precipitation events and lower values during dry spells. 
 Visibility was mostly good, averaging around 10-15 km, with occasional reductions due to weather conditions. 
 Wind direction showed variability, with both positive and negative values indicating shifts in wind patterns. 
 Wind velocity varied, with notable gusts and calm periods, reflecting the changing weather patterns throughout the months. 
 Sky cover ranged from clear to overcast, with a mix of clear and cloudy days, indicating a diverse sky condition throughout the period.",y,
158,N3|1878|swap,28_days,R2:\bfrom\s+(?:a\s+)?(?:high|low)s?\b;\bto\s+(?:a\s+)?(?:high|low)s?\b;\bhigh\s+of\b,down,up,"The temperature ranged from a low of 4.33°C to a high of 31.25°C, with noticeable fluctuations and a general trend of cooler temperatures towards the end of the period.","The temperature ranged from a low of 4.33°C to a high of 31.25°C, with noticeable fluctuations and a general trend of hotter temperatures towards the end of the period.","Weather time series location: Maricopa County, Arizona. Time range: The past 28 days from October 20, 2022, to November 16, 2022. The weather is Clear, Hot, Windy. The temperature ranged from a low of 4.33°C to a high of 31.25°C, with noticeable fluctuations and a general trend of hotter temperatures towards the end of the period. 
 There was no recorded precipitation throughout the entire 28 days. 
 Relative humidity varied significantly, with values ranging from 7.33% to 94.0%, showing a trend of higher humidity levels in the latter part of the period. 
 Visibility remained consistently high at around 16.09 km, with a slight dip to 10.92 km on one occasion. 
 Wind velocity in the horizontal direction ranged from -5.0 to 6.72 m/s, showing significant variability throughout the period. 
 Wind velocity in the vertical direction fluctuated, with values ranging from -7.7 to 7.24 m/s, indicating variable wind conditions. 
 The sky cover predominantly indicated clear conditions, with occasional scattered clouds, peaking at a sky cover of 8 (overcast) on a few occasions.",y,
159,N3|1879|swap,28_days,R2:\bfrom\s+(?:a\s+)?(?:high|low)s?\b;\bto\s+(?:a\s+)?(?:high|low)s?\b;\bhigh\s+of\b,up,down,"The temperature ranged from a low of 17.47°C to a high of 37.71°C, showing a noticeable trend of increasing temperatures, particularly in the latter half of the period, with some volatility and occasional outliers.","The temperature ranged from a low of 17.47°C to a high of 37.71°C, showing a noticeable trend of decreasing temperatures, particularly in the latter half of the period, with some volatility and occasional outliers.","Weather time series location: Brewster County, Texas. Time range: The past 28 days from June 20, 2023, to July 17, 2023. The weather is Clear, Cloudy, Rainy, Humid, Hot. The temperature ranged from a low of 17.47°C to a high of 37.71°C, showing a noticeable trend of decreasing temperatures, particularly in the latter half of the period, with some volatility and occasional outliers. 
 Precipitation was predominantly consistent at 6.06 mm for most of the period, with a few notable spikes, including a peak of 15.7 mm, indicating sporadic rain events. 
 Relative humidity varied significantly, with values ranging from 6.58% to 89.42%, showing a trend of increasing humidity towards the end of the period, particularly during rain events, with several outliers. 
 Visibility remained mostly stable around 16.09 km, with slight reductions observed during specific periods. 
 Wind direction showed variability, with values ranging from -4.24 m/s to 6.82 m/s, reflecting changing wind patterns. 
 Wind velocity fluctuated, with values ranging from -4.24 m/s to 6.82 m/s, indicating variable wind conditions throughout the period. 
 The sky cover varied from clear to overcast, with a significant portion of the period experiencing clear skies, but also including periods of scattered to broken clouds.",y,
160,N3|1881|swap,week,R2:\bfrom\s+(?:a\s+)?(?:high|low)s?\b;\bto\s+(?:a\s+)?(?:high|low)s?\b;\bhigh\s+of\b,up,down,"The temperature ranged from a low of approximately 0.13°C to a high of around 17.57°C, showing a noticeable upward trend towards the end of the week, with some volatility and a few outliers in the lower range.","The temperature ranged from a low of approximately 0.13°C to a high of around 17.57°C, showing a noticeable downward trend towards the end of the week, with some volatility and a few outliers in the lower range.","Weather time series location: Carroll County, Virginia experienced varied weather conditions. Time range: The past week from December 22 to December 28, 2019. The weather is Clear, Cloudy, Humid, Cold. The temperature ranged from a low of approximately 0.13°C to a high of around 17.57°C, showing a noticeable downward trend towards the end of the week, with some volatility and a few outliers in the lower range. 
 Precipitation was consistently recorded at 0.3 mm throughout the week, indicating stable conditions with no significant rain events. 
 Relative humidity levels fluctuated between 38% and 97%, with a general trend of higher humidity observed towards the latter part of the week, particularly during the nighttime hours. 
 Visibility remained high for most of the week, with occasional drops to very low levels, particularly during the early morning hours. 
 Wind direction showed variability, with shifts between calm and moderate winds throughout the week. 
 Wind velocity varied, with some periods of calm and others showing stronger gusts, particularly in the latter half of the week. 
 The sky cover ranged from clear to overcast, with a mix of clear and cloudy conditions, particularly noted during the latter part of the week.",y,
161,N3|1882|swap,28_days,R2:\bfrom\s+(?:a\s+)?(?:high|low)s?\b;\bto\s+(?:a\s+)?(?:high|low)s?\b;\bhigh\s+of\b,up,down,"The temperature ranged from a low of 8.36°C to a high of 33.06°C, with noticeable fluctuations and a general warming trend towards the end of the period, particularly in the last week.","The temperature ranged from a low of 8.36°C to a high of 33.06°C, with noticeable fluctuations and a general cooling trend towards the end of the period, particularly in the last week.","Weather time series location: The weather data is for Clay, Kentucky. Time range: The past 28 days from May 11, 2019, to June 7, 2019. The weather is Clear, Cloudy, Rainy, Humid, Windy. The temperature ranged from a low of 8.36°C to a high of 33.06°C, with noticeable fluctuations and a general cooling trend towards the end of the period, particularly in the last week. 
 Precipitation was frequent, with several days recording consistent values of 1.37 mm, and notable spikes on specific days, including a peak of 6.92 mm. 
 Relative humidity varied significantly, with values ranging from 25.83% to 100%, indicating periods of high humidity, especially during rainy days. 
 Visibility remained generally high, averaging around 16.09 km, with occasional drops to lower values during precipitation events. 
 Wind direction varied, with notable shifts and some periods of calm winds, but generally remained within a moderate range. 
 Wind velocity showed variability, with gusts reaching up to 6.47 m/s, indicating periods of breezy conditions. 
 Sky cover fluctuated, with a mix of clear and overcast conditions, predominantly showing overcast skies in the early part of the period and clearer conditions towards the end.",y,
162,N3|1883|swap,28_days,R2:\bfrom\s+(?:a\s+)?(?:high|low)s?\b;\bto\s+(?:a\s+)?(?:high|low)s?\b;\bhigh\s+of\b,up,down,"The temperature ranged from a low of 16.02°C to a high of 40.14°C, with noticeable fluctuations and a general warming trend observed towards the end of the period.","The temperature ranged from a low of 16.02°C to a high of 40.14°C, with noticeable fluctuations and a general cooling trend observed towards the end of the period.","Weather time series location: Val Verde County, Texas experienced a variety of weather conditions. Time range: The past 28 days from September 14, 2023, to October 11, 2023. The weather is Clear, Hot, Humid, Cloudy. The temperature ranged from a low of 16.02°C to a high of 40.14°C, with noticeable fluctuations and a general cooling trend observed towards the end of the period. 
 There were sporadic instances of precipitation, with a total of 0.67 mm recorded on one day, while most days remained dry. 
 Relative humidity varied significantly, with values ranging from 25.4% to 90.43%, indicating periods of both dry and humid conditions, particularly higher humidity levels observed in the early part of the period. 
 Visibility remained consistently high, mostly around 16 km, with occasional reductions noted. 
 Wind direction showed a range from -6.68 to 1.15 m/s, reflecting a mix of wind patterns. 
 Wind velocities fluctuated, with values ranging from -7.58 to 5.84 m/s, indicating variable wind conditions throughout the period. 
 The sky cover varied from clear to overcast, with a significant number of days experiencing clear or few clouds, while some days had broken cloud cover.",y,
163,N3|1889|swap,28_days,R2:\bfrom\s+(?:a\s+)?(?:high|low)s?\b;\bto\s+(?:a\s+)?(?:high|low)s?\b;\bhigh\s+of\b,up,down,"The temperature ranged from a low of 6.41°C to a high of 28.55°C, with noticeable fluctuations and a general trend of increasing temperatures towards the end of the period.","The temperature ranged from a low of 6.41°C to a high of 28.55°C, with noticeable fluctuations and a general trend of decreasing temperatures towards the end of the period.","Weather time series location: Jefferson County, Texas experienced varied weather conditions. Time range: The past 28 days from October 27 to November 23, 2020. The weather is Clear, Humid, Windy. The temperature ranged from a low of 6.41°C to a high of 28.55°C, with noticeable fluctuations and a general trend of decreasing temperatures towards the end of the period. 
 There was no recorded precipitation throughout the entire 28 days. 
 Relative humidity levels varied significantly, with a high of 96.73% and a low of 19.25%, indicating a generally humid atmosphere, especially in the earlier part of the period. 
 Visibility remained mostly clear, with occasional drops to as low as 0.44 km, but generally maintained good conditions. 
 Wind speeds fluctuated, with values ranging from -4.15 m/s to 5.71 m/s, suggesting a mix of calm and windy conditions. 
 Wind velocities varied, with notable gusts reaching up to -8.11 m/s, indicating periods of strong winds. 
 The sky cover varied from clear to overcast, with a significant portion of the period experiencing mostly clear skies.",y,
164,N3|188|swap,28_days,R2:\bfrom\s+(?:a\s+)?(?:high|low)s?\b;\bto\s+(?:a\s+)?(?:high|low)s?\b;\bhigh\s+of\b,up,down,"The temperature ranged from a low of approximately 0.59°C to a high of around 15.85°C, with noticeable fluctuations and a general upward trend towards the end of the period.","The temperature ranged from a low of approximately 0.59°C to a high of around 15.85°C, with noticeable fluctuations and a general downward trend towards the end of the period.","Weather time series location: The weather data is for Merced, California. Time range: The past 28 days from December 12, 2022, to January 8, 2023. The weather is Cloudy, Rainy, Humid, Windy. The temperature ranged from a low of approximately 0.59°C to a high of around 15.85°C, with noticeable fluctuations and a general downward trend towards the end of the period. 
 Precipitation was minimal for most of the period, with a few significant events, including a peak of 5.0 mm, indicating sporadic rainy days. 
 Relative humidity values varied significantly, generally remaining high, with a peak of 99% and a low of 45.25%, showing a trend towards increased humidity during the latter part of the period. 
 Visibility ranged from 0.0 km to 16.09 km, with frequent low visibility conditions observed, particularly during periods of precipitation. 
 Wind direction also fluctuated, with values ranging from -8.4 m/s to 6.13 m/s, indicating periods of strong winds. 
 Wind velocity showed variability, with both positive and negative values indicating changing wind directions, with notable gusts reaching up to 7.55 m/s. 
 Sky cover varied throughout the period, with a mix of clear and overcast conditions, predominantly featuring overcast skies.",y,
165,N3|1892|swap,28_days,R2:\bindicat\w+\b;\bfrom\s+(?:a\s+)?(?:high|low)s?\b;\bto\s+(?:a\s+)?(?:high|low)s?\b,up,down,"The temperature ranged from a low of 9.7°C to a high of 29.0°C, with noticeable trends showing an overall increase in temperature towards the end of the period, indicating a warming trend.","The temperature ranged from a low of 9.7°C to a high of 29.0°C, with noticeable trends showing an overall decrease in temperature towards the end of the period, indicating a cooling trend.","Weather time series location: Newport News city, Virginia. Time range: The past 28 days from May 18 to June 14, 2023. The weather is Clear, Cloudy, Rainy, Humid, Warm. The temperature ranged from a low of 9.7°C to a high of 29.0°C, with noticeable trends showing an overall decrease in temperature towards the end of the period, indicating a cooling trend. 
 Precipitation was minimal for most of the period, with a few notable spikes, including a peak of 5.89 mm, suggesting sporadic rainfall events. 
 Relative humidity varied significantly, with values ranging from 37.5% to 100%, indicating periods of high humidity, particularly during the latter part of the period. 
 Visibility generally remained high, with occasional drops to lower values, particularly during periods of precipitation. 
 Wind direction showed variability, with both negative and positive values indicating shifts in wind patterns throughout the month. 
 Wind velocity fluctuated, with some periods of calm winds and others with stronger gusts, particularly towards the end of the period. 
 The sky cover varied from clear to overcast, with a predominance of clear to partly cloudy conditions, particularly in the earlier part of the period.",y,
166,N3|1894|swap,week,R2:\bindicat\w+\b;\bto\s+(?:a\s+)?(?:high|low)s?\b;-?\d+(?:\.\d+)?\s*°C.*?-?\d+(?:\.\d+)?\s*°C,down,up,"The temperature showed a noticeable trend of fluctuation, with a general decrease from around 19°C to lows near 10°C, indicating a cooling period, with some outliers reaching up to 29°C.","The temperature showed a noticeable trend of fluctuation, with a general increase from around 19°C to lows near 10°C, indicating a warming period, with some outliers reaching up to 29°C.","Weather time series location: The weather was reported for Bienville, Louisiana. Time range: The past week from September 23 to September 29, 2020. The weather is Rainy, Humid, Cloudy. The temperature showed a noticeable trend of fluctuation, with a general increase from around 19°C to lows near 10°C, indicating a warming period, with some outliers reaching up to 29°C. 
 Precipitation levels were consistently high, with several instances of over 2mm, peaking at 4.1mm, suggesting a rainy period with occasional lighter showers. 
 Relative humidity remained high throughout the week, averaging around 90%, with a slight decrease towards the end of the period, indicating a humid environment. 
 Visibility varied significantly, with some hours reporting as low as 0.4 km, particularly during periods of heavy precipitation, while other times visibility was clear up to 16 km. 
 Wind direction also fluctuated, with values ranging from -3.59 to 2.83, suggesting a generally breezy atmosphere. 
 Wind velocity showed a mix of directions, with notable shifts from negative to positive values, indicating variable wind conditions. 
 The sky cover was predominantly overcast, with several days reporting full cloud coverage, transitioning to clearer conditions towards the end of the week.",n,"a: ""a general increase from around 19°C to lows near 10°C"" — rising to lower pinned values is incoherent as a warming claim"
167,N3|1895|swap,28_days,R2:\bindicat\w+\b;\bfrom\s+(?:a\s+)?(?:high|low)s?\b;\bto\s+(?:a\s+)?(?:high|low)s?\b,up,down,"The temperature ranged from a low of 3.72°C to a high of 30.28°C, with noticeable warming trends towards the end of the period, indicating a shift to warmer weather.","The temperature ranged from a low of 3.72°C to a high of 30.28°C, with noticeable cooling trends towards the end of the period, indicating a shift to colder weather.","Weather time series location: St. Louis County, Missouri experienced a variety of weather conditions. Time range: The past 28 days from May 13 to June 9, 2021. The weather is Clear, Cloudy, Humid, Warm. The temperature ranged from a low of 3.72°C to a high of 30.28°C, with noticeable cooling trends towards the end of the period, indicating a shift to colder weather. 
 Precipitation was minimal overall, with sporadic rainfall events, including a significant outlier of 5.88mm, suggesting dry conditions for most of the period. 
 Relative humidity fluctuated significantly, with values ranging from 23.75% to 95%, showing a trend of higher humidity levels during the latter part of the period. 
 Visibility remained generally high, averaging around 16.09 km, with occasional reductions due to weather conditions. 
 Wind direction showed variability, with notable shifts, including periods of stronger winds from the north and northeast. 
 Wind velocity varied, with some periods of calm winds and others with gusts reaching up to 5.06 m/s, indicating variable wind conditions. 
 Sky cover ranged from clear to overcast, with a predominance of clear to partly cloudy conditions, indicating mostly clear skies.",y,
168,N3|1896|swap,week,R2:\bfrom\s+(?:a\s+)?(?:high|low)s?\b;\bto\s+(?:a\s+)?(?:high|low)s?\b;\bhigh\s+of\b,up,down,"The temperature ranged from a low of -2.8°C to a high of 17.8°C, showing a noticeable warming trend towards the end of the week with some fluctuations and outliers.","The temperature ranged from a low of -2.8°C to a high of 17.8°C, showing a noticeable cooling trend towards the end of the week with some fluctuations and outliers.","Weather time series location: Matanuska-Susitna Borough, Alaska. Time range: The past week from April 26 to May 2, 2021. The weather is Clear, Cloudy, Humid. The temperature ranged from a low of -2.8°C to a high of 17.8°C, showing a noticeable cooling trend towards the end of the week with some fluctuations and outliers. 
 Precipitation was consistently low, with a few instances of increased amounts, particularly on April 28, indicating a generally dry week with minor rain events. 
 Relative humidity varied significantly, peaking at 100% and showing a general trend of increasing humidity towards the end of the week, with notable fluctuations throughout. 
 Visibility remained high throughout the week, mostly around 16.09 km, with occasional drops to lower values. 
 Wind direction fluctuated, with some notable gusts recorded, particularly towards the end of the week. 
 Wind velocity showed variability with occasional gusts, but generally remained low, with some periods of stronger winds. 
 The sky cover varied from clear to overcast, with several days experiencing scattered to broken clouds.",y,
169,N3|1899|swap,28_days,R2:\bfrom\s+(?:a\s+)?(?:high|low)s?\b;\bto\s+(?:a\s+)?(?:high|low)s?\b;\bhigh\s+of\b,down,up,"The temperature ranged from a low of -5.4°C to a high of 27.22°C, with noticeable fluctuations and a general cooling trend towards the end of the period.","The temperature ranged from a low of -5.4°C to a high of 27.22°C, with noticeable fluctuations and a general warming trend towards the end of the period.","Weather time series location: Boone County, Missouri experienced varied weather conditions. Time range: The past 28 days from October 20 to November 16, 2023. The weather is Clear, Cloudy, Rainy, Windy, Humid, Cold. The temperature ranged from a low of -5.4°C to a high of 27.22°C, with noticeable fluctuations and a general warming trend towards the end of the period. 
 Precipitation was minimal, with sporadic light rain recorded on a few days, totaling less than 3 inches throughout the period. 
 Relative humidity levels varied significantly, peaking at 99.5% and generally showing a trend towards higher humidity in the latter part of the period. 
 Visibility remained consistently high, mostly around 16.09 km, with occasional drops due to weather conditions. 
 Wind direction fluctuated, with speeds ranging from -6.56 to 6.91 m/s, suggesting variable wind patterns. 
 Wind velocity varied, with notable gusts reaching up to 7.42 m/s, indicating periods of windy conditions. 
 The sky cover ranged from clear to overcast, with several days experiencing scattered to broken clouds.",y,
170,N3|1906|swap,28_days,R2:\bfrom\s+(?:a\s+)?(?:high|low)s?\b;\bto\s+(?:a\s+)?(?:high|low)s?\b;\bhigh\s+of\b,up,down,"The temperature ranged from a low of 11.15°C to a high of 29.0°C, with noticeable fluctuations and a general warming trend observed towards the end of the period.","The temperature ranged from a low of 11.15°C to a high of 29.0°C, with noticeable fluctuations and a general cooling trend observed towards the end of the period.","Weather time series location: The weather was reported for Greenbrier, West Virginia. Time range: The past 28 days from June 23 to July 20, 2023. The weather is Cloudy, Rainy, Humid, Windy. The temperature ranged from a low of 11.15°C to a high of 29.0°C, with noticeable fluctuations and a general cooling trend observed towards the end of the period. 
 Precipitation was relatively consistent, with several days recording around 0.9 mm, but notable spikes occurred with peaks of 3.07 mm and 2.43 mm on specific days. 
 Relative humidity showed a wide range, from 43.0% to 98.83%, indicating periods of high humidity, particularly in the early days, followed by a gradual decrease. 
 Visibility varied, with most readings around 16.09 km, but significant drops were noted, particularly during periods of precipitation and fog. 
 Wind direction showed variability, with values ranging from -1.75 m/s to 5.05 m/s, suggesting changing wind patterns throughout the period. 
 Wind velocity ranged from -3.08 m/s to 3.59 m/s, indicating variable wind conditions with occasional stronger gusts. 
 Sky cover varied significantly, with a mix of clear to overcast conditions, predominantly showing overcast skies (8/8) on many days.",y,
171,N3|1910|swap,28_days,R2:\bfrom\s+(?:a\s+)?(?:high|low)s?\b;\bto\s+(?:a\s+)?(?:high|low)s?\b;\bhigh\s+of\b,up,down,"The temperature ranged from a low of 3.05°C to a high of 30.55°C, showing an overall warming trend with noticeable peaks and troughs, particularly in the latter half of the period.","The temperature ranged from a low of 3.05°C to a high of 30.55°C, showing an overall cooling trend with noticeable peaks and troughs, particularly in the latter half of the period.","Weather time series location: The weather data is for Story, Iowa. Time range: The past 28 days have been from May 7, 2021, to June 3, 2021. The weather is Clear, Cloudy, Rainy, Humid, Warm. The temperature ranged from a low of 3.05°C to a high of 30.55°C, showing an overall cooling trend with noticeable peaks and troughs, particularly in the latter half of the period. 
 Precipitation was sporadic, with significant rainfall occurring on a few days, particularly around May 12 and May 19, while many days recorded no precipitation at all. 
 Relative humidity fluctuated significantly, with values ranging from 17.5% to 96%, indicating periods of both dry and humid conditions, with higher humidity observed during rainfall events. 
 Visibility remained generally high, with occasional reductions during periods of precipitation and fog. 
 Wind direction varied, with notable shifts indicating changing weather patterns throughout the month. 
 Wind velocity showed variability, with some days experiencing stronger winds, particularly in the latter part of the period. 
 Sky cover ranged from clear to overcast, with several days experiencing significant cloud cover, particularly during rainy periods.",y,
172,N3|1911|swap,28_days,R2:\bfrom\s+(?:a\s+)?(?:high|low)s?\b;\bto\s+(?:a\s+)?(?:high|low)s?\b;\bhigh\s+of\b,down,up,"The temperature ranged from a low of 4.75°C to a high of 23.17°C, with noticeable fluctuations and a general trend of cooling as the month progressed, particularly in the latter weeks.","The temperature ranged from a low of 4.75°C to a high of 23.17°C, with noticeable fluctuations and a general trend of warming as the month progressed, particularly in the latter weeks.","Weather time series location: Boundary County, Idaho experienced varied weather conditions over the reporting period. Time range: The past 28 days from September 12, 2022, to October 9, 2022. The weather is Clear, Cloudy, Rainy, Windy, Humid, Cold. The temperature ranged from a low of 4.75°C to a high of 23.17°C, with noticeable fluctuations and a general trend of warming as the month progressed, particularly in the latter weeks. 
 Precipitation was consistent, with most readings around 0.63 mm, but there were occasional spikes, including a peak of 1.05 mm, indicating some variability in rainfall. 
 Relative humidity levels varied significantly, ranging from 21.92% to 100%, with a trend towards higher humidity levels in the early part of the month and a gradual decrease towards the end. 
 Visibility remained generally high, mostly around 16.09 km, with occasional drops to lower values due to weather conditions. 
 Wind direction was predominantly stable, with minor fluctuations, generally remaining around 0.53 m/s. 
 Wind velocity showed variability, with some notable gusts reaching up to 5.15 m/s, indicating periods of stronger winds. 
 Sky cover varied throughout the month, with a mix of clear to overcast conditions, peaking at 8/8 coverage on several occasions.",y,
173,N3|1913|swap,week,R2:\bfrom\s+(?:a\s+)?(?:high|low)s?\b;\bto\s+(?:a\s+)?(?:high|low)s?\b;\bhigh\s+of\b,up,down,"The temperature ranged from a low of -15.4°C to a high of 18.7°C, showing a noticeable upward trend towards the end of the week after a prolonged period of cold temperatures, with some volatility observed in the middle of the week.","The temperature ranged from a low of -15.4°C to a high of 18.7°C, showing a noticeable downward trend towards the end of the week after a prolonged period of cold temperatures, with some volatility observed in the middle of the week.","Weather time series location: The weather was reported for Christian, Kentucky. Time range: The past week from December 24 to December 30, 2022. The weather is Cold, Rainy, Humid, Cloudy. The temperature ranged from a low of -15.4°C to a high of 18.7°C, showing a noticeable downward trend towards the end of the week after a prolonged period of cold temperatures, with some volatility observed in the middle of the week. 
 Precipitation was consistent at 0.27 mm for several hours, with occasional spikes up to 2.5 mm, indicating intermittent rain events, particularly towards the end of the week. 
 Relative humidity fluctuated between 36% and 99%, with a significant increase in humidity observed towards the end of the week, suggesting a trend towards more humid conditions. 
 Visibility remained mostly stable at 16.09 km, with occasional reductions to as low as 1.13 km during periods of precipitation. 
 Wind direction showed variability with speeds ranging from -2.55 m/s to 7.71 m/s, suggesting changing wind patterns throughout the week. 
 Wind velocity varied, with values ranging from -3.13 m/s to 7.24 m/s, indicating periods of calm and stronger winds. 
 The sky cover ranged from clear to overcast, with a significant portion of the week experiencing scattered to broken clouds.",y,
174,N3|1918|swap,six_months,R1:six_months_window | R2:\bfrom\s+(?:a\s+)?(?:high|low)s?\b;\bto\s+(?:a\s+)?(?:high|low)s?\b;\bhigh\s+of\b,down,up,"The temperature ranged from a low of -0.58°C to a high of 22.81°C, with noticeable fluctuations and a general trend towards cooler temperatures as the months progressed.","The temperature ranged from a low of -0.58°C to a high of 22.81°C, with noticeable fluctuations and a general trend towards hotter temperatures as the months progressed.","Weather time series location: The weather data is from Brunswick, North Carolina. Time range: The past six months have shown a diverse range of weather conditions. The weather is Clear, Cloudy, Rainy, Humid, Cold, Windy. The temperature ranged from a low of -0.58°C to a high of 22.81°C, with noticeable fluctuations and a general trend towards hotter temperatures as the months progressed. 
 Precipitation levels were relatively consistent, with frequent light rain and occasional heavier rainfall, peaking at 5.58 mm on a few days. 
 Relative humidity varied significantly, with a range from 30.6% to 98.47%, indicating periods of both dry and very humid conditions, particularly during rainy days. 
 Visibility generally remained high, averaging around 15 km, but dropped on days with significant precipitation. 
 Wind direction also fluctuated, with notable gusts recorded, particularly during stormy weather. 
 Wind velocity showed variability with both positive and negative values, indicating changing wind directions and strengths throughout the period. 
 The sky cover ranged from clear to overcast, with a predominance of cloudy days, particularly in the winter months.",y,
175,N3|1922|swap,week,R2:\bindicat\w+\b;\bpeak\w*\b;-?\d+(?:\.\d+)?\s*°C.*?-?\d+(?:\.\d+)?\s*°C,up,down,"The temperature showed a noticeable upward trend, peaking at 31.7°C, with a general range from 16.1°C to 31.7°C, indicating a warm week overall.","The temperature showed a noticeable downward trend, peaking at 31.7°C, with a general range from 16.1°C to 31.7°C, indicating a warm week overall.","Weather time series location: The weather was reported for Worcester County, Maryland. Time range: The past week from July 19 to July 25, 2021. The weather is Hot, Humid, Clear. The temperature showed a noticeable downward trend, peaking at 31.7°C, with a general range from 16.1°C to 31.7°C, indicating a warm week overall. 
 There was minimal precipitation throughout the week, with a significant outlier of 7.07 mm on July 25, suggesting mostly dry conditions. 
 Relative humidity fluctuated between 47% and 97%, with a general trend of higher humidity during the early morning and late evening hours, indicating a humid atmosphere. 
 Visibility remained consistently high, averaging around 16.09 km, with occasional drops to 7.91 km. 
 Wind direction showed variability, with both positive and negative values indicating shifts in wind patterns throughout the week. 
 Wind velocity varied, with some periods of calm winds and others reaching up to 7.1 m/s, indicating a mix of breezy conditions. 
 The sky cover was predominantly clear to partly cloudy, with occasional scattered clouds, particularly noted on July 25.",y,
176,N3|1927|swap,six_months,R1:six_months_window | R2:\bfrom\s+(?:a\s+)?(?:high|low)s?\b;\bto\s+(?:a\s+)?(?:high|low)s?\b;-?\d+(?:\.\d+)?\s*°C.*?-?\d+(?:\.\d+)?\s*°C,down,up,"The average temperature ranged from highs of around 28.93°C to lows of -17.64°C, with noticeable volatility and outliers, particularly in the colder months where temperatures dropped significantly.","The average temperature ranged from highs of around 28.93°C to lows of -17.64°C, with noticeable volatility and outliers, particularly in the warmer months where temperatures climbed significantly.","Weather time series location: The weather data is from Christian, Kentucky. Time range: The past six months from July 30, 2022, to January 25, 2023. The weather is Clear, Cloudy, Rainy, Windy, Humid, Cold. The average temperature ranged from highs of around 28.93°C to lows of -17.64°C, with noticeable volatility and outliers, particularly in the warmer months where temperatures climbed significantly. 
 Precipitation was generally low, with several days of no rain, but notable spikes occurred with some days recording over 4 inches, indicating sporadic heavy rainfall. 
 Relative humidity levels fluctuated, with averages around 70% to 98%, showing a trend towards higher humidity during the warmer months and lower during colder periods. 
 Visibility mostly remained high, averaging around 15.0 km, with occasional drops due to weather conditions. 
 Wind direction also varied, with notable gusts recorded, particularly during stormy weather. 
 Wind velocity showed variability, with both positive and negative values indicating changing wind directions and strengths throughout the period. 
 Sky cover varied from clear to overcast, with a mix of clear and cloudy days, indicating a diverse range of weather conditions.",y,
177,N3|192|swap,28_days,R2:\bfrom\s+(?:a\s+)?(?:high|low)s?\b;\bto\s+(?:a\s+)?(?:high|low)s?\b;\bhigh\s+of\b,up,down,"The temperature ranged from a low of -3.08°C to a high of 18.5°C, with noticeable fluctuations and an overall warming trend towards the end of the period.","The temperature ranged from a low of -3.08°C to a high of 18.5°C, with noticeable fluctuations and an overall cooling trend towards the end of the period.","Weather time series location: KERN, CALIFORNIA experienced varied weather conditions. Time range: The past 28 days from February 6 to March 5, 2019. The weather is Clear, Cloudy, Rainy, Humid, Windy. The temperature ranged from a low of -3.08°C to a high of 18.5°C, with noticeable fluctuations and an overall cooling trend towards the end of the period. 
 Precipitation was predominantly consistent at 1.22 mm, with occasional lower values of 0.3 mm and a notable peak of 5.6 mm, indicating sporadic rain events. 
 Relative humidity levels varied significantly, with a range from 15.17% to 101.17%, showing a trend of higher humidity during certain periods, particularly towards the end of the month. 
 Visibility remained mostly stable around 16.09 km, with some reductions noted during specific intervals. 
 Wind speeds varied from -3.81 to 12.55 m/s, showing a mix of calm and breezy conditions. 
 Wind velocities fluctuated, with values ranging from -5.86 to 13.03 m/s, indicating variable wind conditions throughout the period. 
 Sky cover ranged from clear to overcast, with a significant presence of cloudy conditions throughout the period.",y,
178,N3|1947|swap,28_days,R2:\bfrom\s+(?:a\s+)?(?:high|low)s?\b;\bto\s+(?:a\s+)?(?:high|low)s?\b;\bhigh\s+of\b,up,down,"The temperature ranged from a low of 16.96°C to a high of 36.55°C, with noticeable fluctuations and a general warming trend observed towards the end of the period.","The temperature ranged from a low of 16.96°C to a high of 36.55°C, with noticeable fluctuations and a general cooling trend observed towards the end of the period.","Weather time series location: The weather data is for Panola, Texas. Time range: The past 28 days from August 5, 2020, to September 1, 2020. The weather is Clear, Cloudy, Humid, Hot. The temperature ranged from a low of 16.96°C to a high of 36.55°C, with noticeable fluctuations and a general cooling trend observed towards the end of the period. 
 Precipitation was consistently recorded at 0.92 mm for most of the days, with a few outliers showing higher values, including a peak of 2.78 mm. 
 Relative humidity varied significantly, with values ranging from 33.9% to 95%, indicating high humidity levels, particularly during the early mornings and late evenings. 
 Visibility remained high, mostly around 16.09 km, with occasional drops to around 11.27 km during periods of lower visibility. 
 Wind direction varied, with values ranging from -4.24 m/s to 2.84 m/s, suggesting a mix of wind directions throughout the period. 
 Wind velocity showed variability, with values fluctuating between -5.83 m/s and 3.57 m/s, indicating periods of both calm and stronger winds. 
 The sky cover ranged from clear to overcast, with a significant number of observations indicating broken clouds (6/8 coverage) and occasional clear skies.",y,
179,N3|194|swap,28_days,R2:\bfrom\s+(?:a\s+)?(?:high|low)s?\b;\bto\s+(?:a\s+)?(?:high|low)s?\b;\bhigh\s+of\b,down,up,"The temperature ranged from a low of -3.82°C to a high of 20.17°C, with noticeable fluctuations and a general trend of cooler temperatures towards the end of the period.","The temperature ranged from a low of -3.82°C to a high of 20.17°C, with noticeable fluctuations and a general trend of hotter temperatures towards the end of the period.","Weather time series location: KERN, CALIFORNIA experienced a varied weather pattern. Time range: The past 28 days from December 20, 2018, to January 16, 2019. The weather is Clear, Cloudy, Rainy, Windy, Humid, Cold. The temperature ranged from a low of -3.82°C to a high of 20.17°C, with noticeable fluctuations and a general trend of hotter temperatures towards the end of the period. 
 Precipitation was consistent, with most readings around 0.92 mm, indicating a generally dry period with occasional higher amounts peaking at 1.5 mm. 
 Relative humidity varied significantly, with values ranging from 15.33% to 100%, showing a trend towards higher humidity levels in the latter part of the period. 
 Visibility remained relatively stable, mostly around 16 km, with occasional drops to lower values during foggy conditions. 
 Wind direction varied, with notable shifts throughout the period, contributing to the overall windy conditions experienced. 
 Wind velocity showed variability, with some strong gusts recorded, particularly in the early part of the period, indicating windy conditions at times. 
 The sky cover fluctuated, with periods of clear skies (0/8) and increasing cloudiness, peaking at overcast conditions (8/8) towards the end of the period.",y,
180,N3|1952|swap,week,R2:\bfrom\s+(?:a\s+)?(?:high|low)s?\b;\bto\s+(?:a\s+)?(?:high|low)s?\b;\bhigh\s+of\b,up,down,"The temperature exhibited significant volatility, ranging from a low of -3.0°C to a high of 17.0°C, with a noticeable upward trend towards the end of the week.","The temperature exhibited significant volatility, ranging from a low of -3.0°C to a high of 17.0°C, with a noticeable downward trend towards the end of the week.","Weather time series location: The weather was recorded in Gila, Arizona. Time range: The past week spans from March 29, 2023, to April 4, 2023. The weather is Clear, Windy, Cold, Humid. The temperature exhibited significant volatility, ranging from a low of -3.0°C to a high of 17.0°C, with a noticeable downward trend towards the end of the week. 
 There was no recorded precipitation throughout the week, indicating dry conditions. 
 Relative humidity showed a fluctuating pattern, with values ranging from 11.67% to 100%, peaking during the night and early morning hours. 
 Visibility remained consistently high, mostly around 16.09 km, with occasional drops to lower values. 
 Wind direction showed variability, with values ranging from -2.37 to 7.96 m/s, suggesting changing wind patterns. 
 Wind velocity varied, with values ranging from -4.09 to 8.99 m/s, indicating periods of stronger winds. 
 The sky cover predominantly indicated clear conditions, with occasional scattered clouds.",y,
181,N3|1957|swap,28_days,R2:\bfrom\s+(?:a\s+)?(?:high|low)s?\b;\bto\s+(?:a\s+)?(?:high|low)s?\b;\bhigh\s+of\b,up,down,"The temperature ranged from a low of 12.59°C to a high of 35.74°C, with noticeable fluctuations and a general warming trend observed towards the end of the period.","The temperature ranged from a low of 12.59°C to a high of 35.74°C, with noticeable fluctuations and a general cooling trend observed towards the end of the period.","Weather time series location: Thayer, Nebraska. Time range: The past 28 days from July 16, 2022, to August 12, 2022. The weather is Clear, Cloudy, Rainy, Humid, Warm. The temperature ranged from a low of 12.59°C to a high of 35.74°C, with noticeable fluctuations and a general cooling trend observed towards the end of the period. 
 Precipitation was mostly consistent, with several instances of light rain, peaking at 2.65 mm on July 16, and generally low amounts thereafter. 
 Relative humidity varied significantly, with values ranging from 30.42% to 96.0%, showing a trend of higher humidity during the early mornings and lower during the afternoons. 
 Visibility remained mostly high, averaging around 16.09 km, with occasional drops due to weather conditions. 
 Wind direction fluctuated, with values ranging from -4.28 m/s to 3.26 m/s, suggesting a mix of calm and breezy days. 
 Wind velocity showed variability, with some gusts reaching up to 6.48 m/s, indicating periods of breezy conditions. 
 The sky cover varied from clear to overcast, with several days experiencing scattered to broken clouds.",y,
182,N3|195|swap,six_months,R1:six_months_window | R2:\bfrom\s+(?:a\s+)?(?:high|low)s?\b;\bto\s+(?:a\s+)?(?:high|low)s?\b;\bhigh\s+of\b,up,down,"The temperature ranged from a low of -16.13°C to a high of 20.6°C, with noticeable fluctuations and a general trend of increasing temperatures towards the end of the period.","The temperature ranged from a low of -16.13°C to a high of 20.6°C, with noticeable fluctuations and a general trend of decreasing temperatures towards the end of the period.","Weather time series location: La Salle, Illinois experienced a varied weather pattern. Time range: The past six months from November 2019 to April 2020. The weather is Clear, Cloudy, Rainy, Cold, Humid. The temperature ranged from a low of -16.13°C to a high of 20.6°C, with noticeable fluctuations and a general trend of decreasing temperatures towards the end of the period. 
 Precipitation was relatively consistent, with frequent light rain, peaking at 3.95 mm on certain days, indicating a generally wet season. 
 Relative humidity levels fluctuated between 41.4% and 98.29%, with a tendency towards higher humidity in the colder months and a drop in the warmer months. 
 Visibility was generally good, averaging around 14 km, with occasional drops due to weather conditions. 
 Wind direction showed variability, with both positive and negative values indicating shifts in wind patterns. 
 Wind velocity varied, with significant gusts recorded, particularly in the latter part of the period. 
 Sky cover ranged from clear to overcast, with a predominance of overcast days, particularly in the winter months.",n,"b: time range ""November 2019 to April 2020"" — the period ends in spring, so seasonal warming contradicts the claimed decrease towards the end"
183,N3|1974|swap,28_days,R2:\bfrom\s+(?:a\s+)?(?:high|low)s?\b;\bto\s+(?:a\s+)?(?:high|low)s?\b;\bhigh\s+of\b,down,up,"The temperature ranged from a low of -7.49°C to a high of 26.78°C, with noticeable fluctuations and a general trend of cooling as the month progressed, particularly towards the end of the period.","The temperature ranged from a low of -7.49°C to a high of 26.78°C, with noticeable fluctuations and a general trend of warming as the month progressed, particularly towards the end of the period.","Weather time series location: Cumberland County, Virginia. Time range: The past 28 days from October 20, 2019, to November 16, 2019. The weather is Cloudy, Rainy, Humid, Cold. The temperature ranged from a low of -7.49°C to a high of 26.78°C, with noticeable fluctuations and a general trend of warming as the month progressed, particularly towards the end of the period. 
 Precipitation was consistent, with several days recording around 1.25 mm, and notable peaks of 4.11 mm and 2.68 mm, indicating a generally wet period with some variability. 
 Relative humidity levels fluctuated significantly, ranging from 30.91% to 100%, with a trend towards higher humidity levels in the earlier part of the month and lower levels as it progressed. 
 Visibility was generally good, averaging around 15 km, with occasional reductions due to weather conditions. 
 Wind direction showed variability, with some periods of calm winds and others with stronger gusts, peaking at 2.92 m/s. 
 Wind velocities varied, with a notable maximum of 8.19 m/s, indicating periods of stronger winds interspersed with calmer conditions. 
 The sky cover varied from clear to overcast, with significant periods of cloudiness, particularly in the earlier part of the month.",y,
184,N3|1976|swap,28_days,R2:\bfrom\s+(?:a\s+)?(?:high|low)s?\b;\bto\s+(?:a\s+)?(?:high|low)s?\b;\bhigh\s+of\b,down,up,"The temperature ranged from a low of -1.24°C to a high of 26.82°C, with noticeable fluctuations and a general trend of cooling towards the end of the period.","The temperature ranged from a low of -1.24°C to a high of 26.82°C, with noticeable fluctuations and a general trend of warming towards the end of the period.","Weather time series location: Saratoga, New York. Time range: The past 28 days from September 4, 2020, to October 1, 2020. The weather is Clear, Cloudy, Rainy, Humid, Cold. The temperature ranged from a low of -1.24°C to a high of 26.82°C, with noticeable fluctuations and a general trend of warming towards the end of the period. 
 Precipitation was minimal, with most days recording no rainfall, but there were a few notable events with light rain, peaking at 6.48 mm. 
 Relative humidity varied significantly, with values ranging from 32.5% to 97.14%, indicating a generally humid atmosphere, particularly in the early days. 
 Visibility was predominantly good, mostly around 16.09 km, with occasional reductions due to weather conditions. 
 Wind direction varied, with notable shifts indicating changing weather patterns throughout the period. 
 Wind velocity showed variability, with some periods experiencing stronger winds, particularly in the latter half of the month. 
 Sky cover ranged from clear to overcast, with a mix of clear and cloudy days, particularly towards the end of the month.",y,
185,N3|1977|swap,28_days,R2:\bfrom\s+(?:a\s+)?(?:high|low)s?\b;\bto\s+(?:a\s+)?(?:high|low)s?\b;\bhigh\s+of\b,down,up,"The temperature ranged from a low of 2.0°C to a high of 26.58°C, with noticeable fluctuations and a general trend of cooler temperatures towards the end of the period.","The temperature ranged from a low of 2.0°C to a high of 26.58°C, with noticeable fluctuations and a general trend of hotter temperatures towards the end of the period.","Weather time series location: The weather data pertains to Toombs County, Georgia. Time range: The past 28 days have been observed from December 4, 2021, to December 31, 2021. The weather is Clear, Cloudy, Cold. The temperature ranged from a low of 2.0°C to a high of 26.58°C, with noticeable fluctuations and a general trend of hotter temperatures towards the end of the period. 
 There was no recorded precipitation throughout the entire 28 days, indicating a dry spell. 
 Relative humidity values varied significantly, ranging from 29.5% to 99.45%, with higher humidity levels observed during the earlier part of the month and a gradual decrease towards the end. 
 Visibility generally remained high, with occasional drops, particularly during periods of low humidity. 
 Wind direction showed fluctuations, with values ranging from -4.13 to 4.13 m/s, suggesting a mix of calm and breezy conditions. 
 Wind velocities varied, with some instances of calm winds and others reaching up to 4.43 m/s, indicating variability in wind conditions. 
 The sky cover varied from clear to overcast, with a significant portion of the month experiencing cloudy conditions.",y,
186,N3|1985|swap,28_days,R2:\bfrom\s+(?:a\s+)?(?:high|low)s?\b;\bto\s+(?:a\s+)?(?:high|low)s?\b;\bhigh\s+of\b,up,down,"The temperature ranged from a low of 1.4°C to a high of 27.1°C, with noticeable fluctuations and an overall warming trend towards the end of the period.","The temperature ranged from a low of 1.4°C to a high of 27.1°C, with noticeable fluctuations and an overall cooling trend towards the end of the period.","Weather time series location: Santa Fe, New Mexico experienced a varied weather pattern over the reporting period. Time range: The past 28 days from March 25, 2022, to April 21, 2022. The weather is Clear, Warm, Dry, Windy. The temperature ranged from a low of 1.4°C to a high of 27.1°C, with noticeable fluctuations and an overall cooling trend towards the end of the period. 
 Precipitation was minimal, with only a few instances recorded, totaling less than 1 mm, indicating predominantly dry conditions. 
 Relative humidity varied significantly, with values ranging from 3.8% to 82.17%, showing a trend of increasing humidity towards the end of the period. 
 Visibility remained consistently high, mostly around 16.09 km, with only slight reductions noted on a few occasions. 
 Wind direction showed variability, with some strong gusts recorded, particularly towards the end of the period. 
 Wind velocities varied, with notable gusts reaching up to 11.36 m/s, indicating periods of windy conditions. 
 Sky cover ranged from clear to overcast, with a predominance of clear to partly cloudy conditions throughout the month.",y,
187,N3|198|swap,28_days,R2:\bfrom\s+(?:a\s+)?(?:high|low)s?\b;\bto\s+(?:a\s+)?(?:high|low)s?\b;\bhigh\s+of\b,up,down,"The temperature ranged from a low of 1.02°C to a high of 24.37°C, with noticeable fluctuations and a general warming trend towards the end of the period.","The temperature ranged from a low of 1.02°C to a high of 24.37°C, with noticeable fluctuations and a general cooling trend towards the end of the period.","Weather time series location: La Salle, Illinois. Time range: The past 28 days from April 20, 2020, to May 17, 2020. The weather is Clear, Cloudy, Rainy, Humid, Windy. The temperature ranged from a low of 1.02°C to a high of 24.37°C, with noticeable fluctuations and a general cooling trend towards the end of the period. 
 Precipitation was relatively consistent, with most values around 1.42 mm, but there were notable spikes, including a peak of 9.9 mm. 
 Relative humidity varied significantly, with values ranging from 25.17% to 98.08%, showing a trend of higher humidity towards the latter part of the period. 
 Visibility remained mostly stable, averaging around 16.09 km, with occasional dips due to weather conditions. 
 Wind direction fluctuated, with notable shifts indicating changing weather patterns throughout the month. 
 Wind velocity showed variability, with some periods experiencing strong gusts, particularly towards the end of the reporting period. 
 The sky cover varied from clear to overcast, with a mix of clear and cloudy days, indicating a dynamic weather pattern.",y,
188,N3|1990|swap,28_days,R2:\bfrom\s+(?:a\s+)?(?:high|low)s?\b;\bto\s+(?:a\s+)?(?:high|low)s?\b;\bhigh\s+of\b,down,up,"The temperature ranged from a low of -4.15°C to a high of 27.1°C, with noticeable fluctuations and a general trend of cooler temperatures towards the end of the period.","The temperature ranged from a low of -4.15°C to a high of 27.1°C, with noticeable fluctuations and a general trend of hotter temperatures towards the end of the period.","Weather time series location: Williamson, Texas experienced a variety of weather conditions throughout the month. Time range: The past 28 days from December 4, 2019, to December 31, 2019. The weather is Clear, Cloudy, Rainy, Cold, Humid. The temperature ranged from a low of -4.15°C to a high of 27.1°C, with noticeable fluctuations and a general trend of hotter temperatures towards the end of the period. 
 Precipitation was minimal, with most days recording no rainfall, but there were a few instances of light rain, particularly on December 13 and December 20, with totals peaking at 1.52 mm. 
 Relative humidity varied significantly, with values ranging from 20.5% to 98.4%, showing a trend towards higher humidity levels in the latter part of the month. 
 Visibility remained generally high, mostly around 16.09 km, with occasional drops to lower values during specific periods. 
 Wind direction fluctuated, with values ranging from -2.82 m/s to 6.77 m/s, suggesting a mix of wind patterns throughout the month. 
 Wind velocity showed variability, with values ranging from -6.96 m/s to 8.19 m/s, indicating periods of both calm and strong winds. 
 The sky cover varied, with many clear days, but also periods of overcast conditions, particularly towards the middle of the month.",y,
189,N3|19|swap,28_days,R2:\bfrom\s+(?:a\s+)?(?:high|low)s?\b;\bto\s+(?:a\s+)?(?:high|low)s?\b;\bhigh\s+of\b,up,down,"The temperature ranged from a low of 12.97°C to a high of 33.88°C, with noticeable fluctuations and a general warming trend towards the end of the period.","The temperature ranged from a low of 12.97°C to a high of 33.88°C, with noticeable fluctuations and a general cooling trend towards the end of the period.","Weather time series location: Scott, Arkansas experienced varied weather conditions. Time range: The past 28 days from May 26 to June 22, 2019. The weather is Clear, Cloudy, Rainy, Humid, Windy. The temperature ranged from a low of 12.97°C to a high of 33.88°C, with noticeable fluctuations and a general cooling trend towards the end of the period. 
 Precipitation was mostly consistent, with a few notable spikes, including a significant outlier of 15.33 mm, indicating occasional heavy rainfall amidst generally low levels. 
 Relative humidity levels varied significantly, peaking at 100% on multiple occasions, with a general trend towards higher humidity during the early part of the period and lower levels towards the end. 
 Visibility remained mostly clear, with occasional reductions due to weather conditions. 
 Wind direction showed variability, with some strong gusts recorded, particularly towards the end of the period. 
 Wind velocity varied, with notable gusts reaching up to 6.16 m/s, indicating periods of breezy conditions. 
 Sky cover ranged from clear to overcast, with a tendency towards more cloudy conditions as the period progressed.",y,
190,N3|2003|swap,week,R2:\bfrom\s+(?:a\s+)?(?:high|low)s?\b;\bto\s+(?:a\s+)?(?:high|low)s?\b;\bhigh\s+of\b,up,down,"The temperature ranged from a low of -31.33°C to a high of 3.5°C, showing a significant warming trend towards the end of the week after a prolonged period of extreme cold, with noticeable fluctuations and a few outliers in the lower range.","The temperature ranged from a low of -31.33°C to a high of 3.5°C, showing a significant cooling trend towards the end of the week after a prolonged period of extreme cold, with noticeable fluctuations and a few outliers in the lower range.","Weather time series location: Emmons County, North Dakota experienced a cold and mostly clear week. Time range: The past week from January 29 to February 4, 2023. The weather is Cold, Clear. The temperature ranged from a low of -31.33°C to a high of 3.5°C, showing a significant cooling trend towards the end of the week after a prolonged period of extreme cold, with noticeable fluctuations and a few outliers in the lower range. 
 There was no recorded precipitation throughout the week, indicating dry conditions. 
 Relative humidity values fluctuated between 68% and 100%, with a general trend of higher humidity towards the end of the week, particularly on February 2 and 3, where values reached 100%. 
 Visibility remained consistently high, mostly around 16.09 km, with slight reductions on a few occasions. 
 Wind direction showed variability, with speeds ranging from -5.3 to 6.2 m/s, suggesting a mix of wind patterns throughout the week. 
 Wind velocity varied, with values ranging from -8.49 to 7.15 m/s, indicating periods of both calm and strong winds. 
 The sky cover varied, with a mix of clear and overcast conditions, predominantly clear at the beginning of the week and becoming more overcast towards the end.",y,
191,N3|203|swap,week,R2:\bfrom\s+(?:a\s+)?(?:high|low)s?\b;\bto\s+(?:a\s+)?(?:high|low)s?\b;\bhigh\s+of\b,up,down,"The temperature ranged from a low of 1.0°C to a high of 19.0°C, with noticeable fluctuations and a general warming trend towards the end of the week.","The temperature ranged from a low of 1.0°C to a high of 19.0°C, with noticeable fluctuations and a general cooling trend towards the end of the week.","Weather time series location: The weather was reported for Fresno, California. Time range: The past week spanned from February 8 to February 14, 2019. The weather is Clear, Warm, Dry. The temperature ranged from a low of 1.0°C to a high of 19.0°C, with noticeable fluctuations and a general cooling trend towards the end of the week. 
 There was no recorded precipitation throughout the week, indicating dry conditions. 
 Relative humidity varied significantly, starting high at 83% and dropping to around 40%, with a notable increase again towards the end of the week, suggesting a humid atmosphere at times. 
 Visibility remained consistently high at approximately 13.68 km throughout the week. 
 Wind direction showed variability, with values ranging from -7.52 to 5.35 m/s, suggesting changing wind patterns. 
 Wind velocity varied, with values ranging from -5.82 to 9.73 m/s, indicating periods of both calm and strong winds. 
 The sky was consistently clear with no cloud cover reported throughout the week.",y,
192,N3|205|swap,28_days,R2:\bindicat\w+\b;\bfrom\s+(?:a\s+)?(?:high|low)s?\b;\bto\s+(?:a\s+)?(?:high|low)s?\b,up,down,"The temperature ranged from a low of 16.17°C to a high of 34.92°C, with noticeable warming trends observed, particularly in the latter half of the period, indicating a general increase in daily maximum temperatures.","The temperature ranged from a low of 16.17°C to a high of 34.92°C, with noticeable cooling trends observed, particularly in the latter half of the period, indicating a general decrease in daily maximum temperatures.","Weather time series location: Polk, Iowa. Time range: The past 28 days from June 22 to July 19, 2019. The weather is Clear, Cloudy, Rainy, Humid, Hot. The temperature ranged from a low of 16.17°C to a high of 34.92°C, with noticeable cooling trends observed, particularly in the latter half of the period, indicating a general decrease in daily maximum temperatures. 
 Precipitation was predominantly consistent, with frequent occurrences of 5.28 mm and occasional spikes, suggesting a few days of heavier rain, particularly noted with a maximum of 16.03 mm. 
 Relative humidity values fluctuated between 46.33% and 99.0%, indicating a generally humid atmosphere, with lower values observed during warmer days and higher values during cooler nights. 
 Visibility remained mostly high, averaging around 15.0 km, with occasional drops due to weather conditions. 
 Wind direction showed variability, with values ranging from -3.47 m/s to 6.12 m/s, suggesting changing wind patterns throughout the period. 
 Wind velocity varied, with a range from -4.56 m/s to 6.19 m/s, indicating periods of calm and stronger winds. 
 Sky cover varied from clear to overcast conditions, with a significant portion of the days experiencing scattered to broken clouds.",y,
193,N3|210|swap,28_days,R2:\bfrom\s+(?:a\s+)?(?:high|low)s?\b;\bto\s+(?:a\s+)?(?:high|low)s?\b;\bhigh\s+of\b,up,down,"The temperature ranged from a low of 13.88°C to a high of 36.22°C, with noticeable fluctuations and a general warming trend observed, particularly in the latter half of the period.","The temperature ranged from a low of 13.88°C to a high of 36.22°C, with noticeable fluctuations and a general cooling trend observed, particularly in the latter half of the period.","Weather time series location: FURNAS, NEBRASKA experienced a variety of weather conditions. Time range: The past 28 days from June 18, 2022, to July 15, 2022. The weather is Clear, Hot, Humid, Windy. The temperature ranged from a low of 13.88°C to a high of 36.22°C, with noticeable fluctuations and a general cooling trend observed, particularly in the latter half of the period. 
 Precipitation was minimal overall, with only a few notable events, including a peak of 3.7 mm and several days with no recorded rainfall. 
 Relative humidity values varied significantly, with a range from 22.75% to 100%, indicating periods of both dry and humid conditions, particularly high humidity observed during the early mornings. 
 Visibility remained mostly stable, averaging around 16.09 km, with occasional drops to lower values due to weather conditions. 
 Wind direction varied, with notable shifts and occasional strong gusts, particularly in the latter part of the period. 
 Wind velocity showed variability, with gusts reaching up to 10.01 m/s, indicating periods of stronger winds. 
 The sky cover ranged from clear to overcast, with several days experiencing scattered to broken clouds.",y,
194,N3|219|swap,28_days,R2:\bfrom\s+(?:a\s+)?(?:high|low)s?\b;\bto\s+(?:a\s+)?(?:high|low)s?\b;\bhigh\s+of\b,up,down,"The temperature ranged from a low of 4.45°C to a high of 28.57°C, with noticeable fluctuations and a general warming trend observed towards the end of the period.","The temperature ranged from a low of 4.45°C to a high of 28.57°C, with noticeable fluctuations and a general cooling trend observed towards the end of the period.","Weather time series location: The weather data is from Nacogdoches, Texas. Time range: The past 28 days from March 31 to April 27, 2020. The weather is Clear, Cloudy, Rainy, Humid, Windy. The temperature ranged from a low of 4.45°C to a high of 28.57°C, with noticeable fluctuations and a general cooling trend observed towards the end of the period. 
 Precipitation was sporadic, with a few significant events, including a peak of 0.9 mm, indicating a generally dry month with occasional rain. 
 Relative humidity varied significantly, with values ranging from 32.0% to 99.4%, showing a trend of higher humidity during the early part of the period and lower values towards the end. 
 Visibility was mostly good, with occasional drops, particularly during periods of precipitation and fog. 
 Wind direction also fluctuated, with a mix of easterly and westerly winds, contributing to the overall weather variability. 
 Wind velocity showed variability, with both positive and negative values indicating changing wind directions and strengths throughout the period. 
 Sky cover varied from clear to overcast, with a predominance of cloudy conditions, particularly during rainy periods.",y,
195,N3|227|swap,week,R2:\bfrom\s+(?:a\s+)?(?:high|low)s?\b;\bto\s+(?:a\s+)?(?:high|low)s?\b;\bhigh\s+of\b,up,down,"The temperature ranged from a low of 8.3°C to a high of 33.3°C, with noticeable fluctuations and a general warming trend observed during the week.","The temperature ranged from a low of 8.3°C to a high of 33.3°C, with noticeable fluctuations and a general cooling trend observed during the week.","Weather time series location: Lubbock, Texas experienced varied weather conditions. Time range: The past week from May 17 to May 23, 2019. The weather is Clear, Cloudy, Humid, Windy. The temperature ranged from a low of 8.3°C to a high of 33.3°C, with noticeable fluctuations and a general cooling trend observed during the week. 
 There were minimal precipitation events, with most hours recording 0.0 mm, except for a few instances totaling 5.02 mm over the week. 
 Relative humidity varied significantly, starting high at 76% and dropping to as low as 7%, indicating a trend towards drier conditions as the week progressed. 
 Visibility remained generally good, mostly around 16 km, with occasional reductions due to weather conditions. 
 Wind direction showed variability, with gusts recorded up to 14.4 km/h, indicating changing wind patterns throughout the week. 
 Wind velocity varied, with some hours experiencing calm conditions and others reaching up to 17.73 km/h. 
 The sky cover ranged from clear to overcast, with a mix of scattered clouds and clear skies dominating the week.",y,
196,N3|237|swap,28_days,R2:\bfrom\s+(?:a\s+)?(?:high|low)s?\b;\bto\s+(?:a\s+)?(?:high|low)s?\b;\bhigh\s+of\b,up,down,"The temperature ranged from a low of 13.73°C to a high of 33.08°C, with noticeable fluctuations and an overall warming trend towards the end of the period.","The temperature ranged from a low of 13.73°C to a high of 33.08°C, with noticeable fluctuations and an overall cooling trend towards the end of the period.","Weather time series location: FURNAS, NEBRASKA experienced a variety of weather conditions. Time range: The past 28 days from June 16, 2023, to July 13, 2023. The weather is Clear, Cloudy, Rainy, Humid, Windy. The temperature ranged from a low of 13.73°C to a high of 33.08°C, with noticeable fluctuations and an overall cooling trend towards the end of the period. 
 Precipitation was minimal for most of the period, with significant spikes on specific days, including a notable peak of 7.91 mm. 
 Relative humidity varied widely, with values ranging from 31.5% to 94.83%, indicating periods of both dry and humid conditions, particularly higher humidity levels during the early mornings and late evenings. 
 Visibility generally remained high, averaging around 16.09 km, with occasional reductions due to weather conditions. 
 Wind direction showed variability, with some periods of calm winds and others with gusts up to 6.26 m/s. 
 Wind velocities fluctuated, with notable gusts reaching up to 6.99 m/s, indicating variable wind conditions throughout the period. 
 The sky cover varied from clear to overcast, with a mix of clear and scattered clouds dominating the period.",y,
197,N3|240|swap,28_days,R2:\bfrom\s+(?:a\s+)?(?:high|low)s?\b;\bto\s+(?:a\s+)?(?:high|low)s?\b;\bhigh\s+of\b,up,down,"The temperature ranged from a low of 6.95°C to a high of 29.72°C, with noticeable fluctuations and a general warming trend towards the end of the period.","The temperature ranged from a low of 6.95°C to a high of 29.72°C, with noticeable fluctuations and a general cooling trend towards the end of the period.","Weather time series location: Caddo, Louisiana. Time range: The past 28 days from March 27, 2020, to April 23, 2020. The weather is Clear, Cloudy, Rainy, Humid, Windy. The temperature ranged from a low of 6.95°C to a high of 29.72°C, with noticeable fluctuations and a general cooling trend towards the end of the period. 
 Precipitation was sporadic, with significant events including a peak of 11.73 mm, indicating a few rainy days interspersed with dry spells. 
 Relative humidity varied widely, with values ranging from 33.5% to 93.2%, showing a trend of higher humidity during the earlier part of the period and lower values towards the end. 
 Visibility remained mostly stable, averaging around 16.09 km, with occasional drops to as low as 4.81 km during periods of precipitation. 
 Wind direction showed variability, with some strong gusts recorded, particularly towards the end of the period. 
 Wind velocity varied, with notable gusts reaching up to 6.5 m/s, indicating periods of breezy conditions. 
 Sky cover ranged from clear to overcast, with a predominance of broken to overcast skies, particularly during rainy days.",y,
198,N3|245|swap,28_days,R2:\bfrom\s+(?:a\s+)?(?:high|low)s?\b;\bto\s+(?:a\s+)?(?:high|low)s?\b;\bhigh\s+of\b,up,down,"The temperature ranged from a low of -1.25°C to a high of 27.5°C, with noticeable fluctuations and a general warming trend towards the end of the period.","The temperature ranged from a low of -1.25°C to a high of 27.5°C, with noticeable fluctuations and a general cooling trend towards the end of the period.","Weather time series location: The weather data is for Polk, Iowa. Time range: The past 28 days from April 18, 2019, to May 15, 2019. The weather is Clear, Cloudy, Rainy, Humid, Windy. The temperature ranged from a low of -1.25°C to a high of 27.5°C, with noticeable fluctuations and a general cooling trend towards the end of the period. 
 Precipitation was consistent, with several instances of higher amounts, particularly peaks of 3.95 mm and 3.0 mm, indicating sporadic rainy days. 
 Relative humidity varied significantly, with values ranging from 22.18% to 100%, showing a trend of higher humidity during the latter part of the period. 
 Visibility remained generally high, mostly around 16.09 km, with occasional drops due to weather conditions. 
 Wind direction fluctuated, with notable shifts indicating changing weather patterns throughout the period. 
 Wind velocity showed variability, with some strong gusts recorded, particularly negative values indicating wind from the north. 
 The sky cover ranged from clear to overcast, with several days experiencing full cloud cover.",y,
199,N3|248|swap,28_days,R2:\bfrom\s+(?:a\s+)?(?:high|low)s?\b;\bto\s+(?:a\s+)?(?:high|low)s?\b;\bhigh\s+of\b,up,down,"The temperature ranged from a low of 9.17°C to a high of 36.5°C, with noticeable fluctuations and a general warming trend towards the end of the period.","The temperature ranged from a low of 9.17°C to a high of 36.5°C, with noticeable fluctuations and a general cooling trend towards the end of the period.","Weather time series location: Polk, Iowa experienced a variety of weather conditions during this period. Time range: The past 28 days from June 11 to July 8, 2021. The weather is Clear, Cloudy, Rainy, Windy, Hot, Humid. The temperature ranged from a low of 9.17°C to a high of 36.5°C, with noticeable fluctuations and a general cooling trend towards the end of the period. 
 Precipitation was relatively consistent, with most readings around 3.0 mm, but there were significant outliers, including a peak of 20.05 mm. 
 Relative humidity varied widely, with values ranging from 21.92% to 100%, indicating periods of both dry and very humid conditions, particularly towards the end of the period. 
 Visibility remained mostly stable, averaging around 16.09 km, with occasional dips to lower values. 
 Wind direction showed variability, with some strong winds recorded, particularly towards the end of the period. 
 Wind velocity varied, with notable gusts reaching up to 6.81 m/s, indicating periods of windy conditions. 
 The sky cover ranged from clear to overcast, with significant cloud cover observed on several days, particularly towards the end of the period.",y,
200,N3|249|swap,28_days,R2:\bfrom\s+(?:a\s+)?(?:high|low)s?\b;\bto\s+(?:a\s+)?(?:high|low)s?\b;\bhigh\s+of\b,down,up,"The temperature ranged from a low of -0.52°C to a high of 29.1°C, with noticeable fluctuations and a general trend of cooler temperatures towards the end of the period.","The temperature ranged from a low of -0.52°C to a high of 29.1°C, with noticeable fluctuations and a general trend of hotter temperatures towards the end of the period.","Weather time series location: The weather data is from Sabine, Louisiana. Time range: The past 28 days from November 1 to November 28, 2022. The weather is Clear, Cloudy, Rainy, Humid, Windy. The temperature ranged from a low of -0.52°C to a high of 29.1°C, with noticeable fluctuations and a general trend of hotter temperatures towards the end of the period. 
 Precipitation was variable, with several days experiencing significant rainfall, including outliers of 4.48 mm and 4.39 mm, indicating a few rainy days amidst drier periods. 
 Relative humidity levels fluctuated between 33.12% and 100%, with a trend towards higher humidity during the latter part of the period, particularly on rainy days. 
 Visibility generally remained high, averaging around 15.5 km, with occasional drops due to weather conditions. 
 Wind direction showed a consistent pattern of light to moderate winds, with occasional stronger gusts. 
 Wind velocity varied, with some periods experiencing strong winds, particularly in the negative range, indicating a predominantly calm to breezy environment. 
 The sky cover ranged from clear to overcast, with a significant number of days experiencing mostly cloudy conditions.",y,
201,N3|275|swap,28_days,R2:\bindicat\w+\b;\bfrom\s+(?:a\s+)?(?:high|low)s?\b;\bto\s+(?:a\s+)?(?:high|low)s?\b,up,down,"The temperature ranged from a low of 4.85°C to a high of 30.12°C, showing a noticeable warming trend towards the end of the period, with some fluctuations indicating volatility.","The temperature ranged from a low of 4.85°C to a high of 30.12°C, showing a noticeable cooling trend towards the end of the period, with some fluctuations indicating volatility.","Weather time series location: Bossier, Louisiana experienced a variety of weather conditions. Time range: The past 28 days from April 12, 2021, to May 9, 2021. The weather is Clear, Cloudy, Rainy, Windy, Humid. The temperature ranged from a low of 4.85°C to a high of 30.12°C, showing a noticeable cooling trend towards the end of the period, with some fluctuations indicating volatility. 
 Precipitation was minimal for most of the period, with significant rainfall occurring on a few days, particularly with peaks of 3.49mm and 3.26mm, indicating sporadic rainy days. 
 Relative humidity varied significantly, with values ranging from 30.75% to 95.45%, showing a trend towards higher humidity levels in the latter part of the period. 
 Visibility remained consistently high, mostly around 16.09 km, with occasional drops to lower values during periods of precipitation. 
 Wind direction fluctuated, with values ranging from -4.33 to 4.33 m/s, suggesting variable wind patterns throughout the period. 
 Wind velocity varied, with some strong gusts reaching up to 6.93 m/s, indicating windy conditions at times. 
 The sky cover varied from clear to overcast, with several days experiencing scattered to broken clouds.",y,
202,N3|29|swap,28_days,R2:\bfrom\s+(?:a\s+)?(?:high|low)s?\b;\bto\s+(?:a\s+)?(?:high|low)s?\b;\bhigh\s+of\b | R3:temperatures and lower during warmer,up,down,"The temperature ranged from a low of 16.08°C to a high of 33.0°C, with noticeable fluctuations and a general warming trend towards the end of the period.","The temperature ranged from a low of 16.08°C to a high of 33.0°C, with noticeable fluctuations and a general cooling trend towards the end of the period.","Weather time series location: The weather was reported for Dickson, Tennessee. Time range: The past 28 days have been from July 24, 2021, to August 20, 2021. The weather is Clear, Hot, Humid. The temperature ranged from a low of 16.08°C to a high of 33.0°C, with noticeable fluctuations and a general cooling trend towards the end of the period. 
 Precipitation was predominantly consistent, with several notable spikes, including a peak of 12.9 mm, indicating occasional heavy rainfall. 
 Relative humidity varied significantly, with a high of 100% and a low of 40.92%, showing a trend of higher humidity during cooler temperatures and lower during warmer periods. 
 Visibility remained consistently high throughout the period, averaging around 15.14 km. 
 Wind direction fluctuated, with both positive and negative values indicating shifts in wind patterns. 
 Wind velocity showed variability, with some periods of calm and others with gusts reaching up to 4.01 m/s. 
 The sky cover was predominantly clear, with no significant cloud cover reported throughout the period.",y,
203,N3|300|swap,28_days,R2:\bfrom\s+(?:a\s+)?(?:high|low)s?\b;\bto\s+(?:a\s+)?(?:high|low)s?\b;\bhigh\s+of\b,up,down,"The temperature ranged from a low of 13.67°C to a high of 32.0°C, with noticeable fluctuations and a general warming trend observed towards the end of the period.","The temperature ranged from a low of 13.67°C to a high of 32.0°C, with noticeable fluctuations and a general cooling trend observed towards the end of the period.","Weather time series location: The weather data is from Polk, Iowa. Time range: The past 28 days from July 21, 2019, to August 17, 2019. The weather is Clear, Cloudy, Rainy, Humid, Hot. The temperature ranged from a low of 13.67°C to a high of 32.0°C, with noticeable fluctuations and a general cooling trend observed towards the end of the period. 
 Precipitation was relatively consistent, with most readings around 1.27 mm, but a few outliers such as 3.6 mm and 2.3 mm indicating sporadic heavier rainfall events. 
 Relative humidity varied significantly, with values ranging from 44.75% to 99.4%, showing a trend of higher humidity levels during the early mornings and lower during the afternoons. 
 Visibility remained mostly stable, averaging around 16.09 km, with occasional drops to lower values due to weather conditions. 
 Wind direction showed variability with values ranging from -3.74 m/s to 5.36 m/s, suggesting changing wind patterns throughout the period. 
 Wind velocity ranged from -5.91 m/s to 7.01 m/s, indicating periods of both calm and strong winds. 
 The sky cover varied, with a mix of clear and overcast conditions, predominantly featuring clear skies (0/8) and few clouds (1/8 to 3/8).",y,
204,N3|303|swap,28_days,R2:\bfrom\s+(?:a\s+)?(?:high|low)s?\b;\bto\s+(?:a\s+)?(?:high|low)s?\b;\bhigh\s+of\b,down,up,"The temperature ranged from a low of 2.08°C to a high of 31.82°C, with noticeable fluctuations and a general trend of decreasing temperatures towards the end of the period.","The temperature ranged from a low of 2.08°C to a high of 31.82°C, with noticeable fluctuations and a general trend of increasing temperatures towards the end of the period.","Weather time series location: Trempealeau, Wisconsin experienced a variety of weather conditions over the past month. Time range: The past 28 days from September 27, 2023, to October 24, 2023. The weather is Clear, Cloudy, Rainy, Humid, Cold, Windy. The temperature ranged from a low of 2.08°C to a high of 31.82°C, with noticeable fluctuations and a general trend of increasing temperatures towards the end of the period. 
 Precipitation was minimal, with significant rainfall occurring on a few days, particularly with peaks of 5.3 mm and 3.06 mm, indicating sporadic rainy days. 
 Relative humidity varied significantly, with values ranging from 33.0% to 96.43%, showing a trend of higher humidity levels during the earlier part of the month and lower levels towards the end. 
 Visibility remained generally high, mostly around 16.09 km, with occasional reductions due to weather conditions. 
 Wind direction fluctuated, with notable shifts indicating changing weather patterns throughout the month. 
 Wind velocity showed variability, with some periods of calm winds and others with stronger gusts, particularly in the earlier days. 
 The sky cover varied, with many days experiencing overcast conditions, particularly in the first half of the month, transitioning to clearer skies later on.",y,
205,N3|305|swap,28_days,R2:\bfrom\s+(?:a\s+)?(?:high|low)s?\b;\bto\s+(?:a\s+)?(?:high|low)s?\b;\bhigh\s+of\b,up,down,"The temperature ranged from a low of 7.92°C to a high of 32.13°C, with noticeable fluctuations and a general warming trend towards the end of the period, particularly in the last week.","The temperature ranged from a low of 7.92°C to a high of 32.13°C, with noticeable fluctuations and a general cooling trend towards the end of the period, particularly in the last week.","Weather time series location: The weather data is from Dallas, Iowa. Time range: The past 28 days from September 3 to September 30, 2019. The weather is Clear, Cloudy, Rainy, Windy, Humid, Warm. The temperature ranged from a low of 7.92°C to a high of 32.13°C, with noticeable fluctuations and a general cooling trend towards the end of the period, particularly in the last week. 
 Precipitation was relatively consistent, with several notable spikes, including a peak of 13.2 mm, indicating occasional heavy rainfall amidst generally low levels. 
 Relative humidity varied significantly, with values ranging from 32.5% to 99.67%, showing a trend of higher humidity during the early part of the month and lower values towards the end. 
 Visibility generally remained high, averaging around 16.09 km, with occasional drops to as low as 1.41 km during periods of poor weather. 
 Wind direction showed variability, with some periods of calm and others with significant gusts, particularly from the northwest. 
 Wind velocity varied, with notable gusts reaching up to 8.85 m/s, indicating periods of windy conditions, especially in the latter part of the month. 
 The sky cover ranged from clear to overcast, with a mix of clear and cloudy days, and several days with significant cloud cover.",y,
206,N3|309|swap,28_days,R2:\bfrom\s+(?:a\s+)?(?:high|low)s?\b;\bto\s+(?:a\s+)?(?:high|low)s?\b;\bhigh\s+of\b,up,down,"The temperature ranged from a low of 13.12°C to a high of 31.04°C, with noticeable fluctuations and a general warming trend towards the end of the period, particularly in the last week.","The temperature ranged from a low of 13.12°C to a high of 31.04°C, with noticeable fluctuations and a general cooling trend towards the end of the period, particularly in the last week.","Weather time series location: The weather data is for Wayne, Iowa. Time range: The past 28 days from August 24, 2019, to September 20, 2019. The weather is Clear, Cloudy, Rainy, Humid, Warm. The temperature ranged from a low of 13.12°C to a high of 31.04°C, with noticeable fluctuations and a general cooling trend towards the end of the period, particularly in the last week. 
 Precipitation was minimal for most of the period, with significant rainfall occurring on September 6 (4.36 mm) and September 7 (4.62 mm), indicating sporadic but intense rain events. 
 Relative humidity varied significantly, with values ranging from 34.6% to 95.55%, showing a trend of higher humidity levels during the early part of the period and lower levels towards the end. 
 Visibility remained generally high, averaging around 15.69 km, with occasional drops to lower values during periods of precipitation. 
 Wind direction fluctuated, with both negative and positive values indicating shifts in wind patterns throughout the month. 
 Wind velocity showed variability, with some gusty conditions observed, particularly during the latter part of the period. 
 The sky cover varied from clear to overcast, with periods of scattered clouds and broken skies, indicating a mix of clear and cloudy conditions.",y,
207,N3|310|swap,28_days,R2:\bfrom\s+(?:a\s+)?(?:high|low)s?\b;\bto\s+(?:a\s+)?(?:high|low)s?\b;\bhigh\s+of\b,up,down,"The temperature ranged from a low of 12.33°C to a high of 31.83°C, with noticeable fluctuations and a general warming trend towards the end of the period.","The temperature ranged from a low of 12.33°C to a high of 31.83°C, with noticeable fluctuations and a general cooling trend towards the end of the period.","Weather time series location: The weather data is for Appanoose, Iowa. Time range: The past 28 days from August 28, 2019, to September 20, 2019. The weather is Clear, Cloudy, Humid, Windy. The temperature ranged from a low of 12.33°C to a high of 31.83°C, with noticeable fluctuations and a general cooling trend towards the end of the period. 
 Precipitation was consistent, with most readings around 3.33 mm, but there were outliers with higher amounts, including a peak of 8.45 mm. 
 Relative humidity levels varied significantly, with a high of 100% on multiple occasions, indicating periods of high moisture, particularly during the early part of the month. 
 Visibility generally remained high, averaging around 16.09 km, with occasional drops due to weather conditions. 
 Wind direction fluctuated, with values ranging from -4.13 to 7.11 m/s, suggesting changing wind patterns throughout the period. 
 Wind velocity showed variability, with some peaks reaching up to 7.11 m/s, indicating windy conditions at times. 
 The sky cover varied, with many clear days (0/8) and some scattered clouds (up to 6/8) observed.",y,
208,N3|311|swap,28_days,R2:\bfrom\s+(?:a\s+)?(?:high|low)s?\b;\bto\s+(?:a\s+)?(?:high|low)s?\b;\bhigh\s+of\b,up,down,"The temperature ranged from a low of 10.28°C to a high of 30.85°C, with noticeable fluctuations and a general warming trend towards the end of the period.","The temperature ranged from a low of 10.28°C to a high of 30.85°C, with noticeable fluctuations and a general cooling trend towards the end of the period.","Weather time series location: Cook, Illinois. Time range: The past 28 days from June 4 to July 1, 2023. The weather is Clear, Cloudy, Rainy, Windy, Humid. The temperature ranged from a low of 10.28°C to a high of 30.85°C, with noticeable fluctuations and a general cooling trend towards the end of the period. 
 Precipitation was minimal overall, with a few notable spikes, including a significant event of 4.19 mm and another of 3.74 mm, indicating sporadic rainfall. 
 Relative humidity varied significantly, with values ranging from 21.0% to 90.0%, showing a trend of higher humidity levels during the latter part of the period. 
 Visibility remained generally high, averaging around 16.09 km, with occasional drops to lower values due to weather conditions. 
 Wind direction varied, with notable shifts and some sustained periods of strong winds, particularly towards the end of the period. 
 Wind velocity showed variability, with some periods of calm and others with gusts reaching up to 7.96 m/s, indicating windy conditions at times. 
 The sky cover ranged from clear to overcast, with significant periods of cloudiness, particularly in the middle of the month.",y,
209,N3|312|swap,28_days,R2:\bfrom\s+(?:a\s+)?(?:high|low)s?\b;\bto\s+(?:a\s+)?(?:high|low)s?\b;\bhigh\s+of\b,up,down,"The temperature ranged from a low of 8.25°C to a high of 30.42°C, with noticeable fluctuations and a general trend of warmer temperatures in the latter part of the period.","The temperature ranged from a low of 8.25°C to a high of 30.42°C, with noticeable fluctuations and a general trend of colder temperatures in the latter part of the period.","Weather time series location: Saratoga, New York. Time range: The past 28 days from July 7 to August 3, 2023. The weather is Clear, Cloudy, Rainy, Humid, Windy. The temperature ranged from a low of 8.25°C to a high of 30.42°C, with noticeable fluctuations and a general trend of colder temperatures in the latter part of the period. 
 Precipitation was sporadic, with several days recording no rainfall, while notable peaks occurred with 6.78mm and 3.69mm on specific days, indicating occasional rainy spells. 
 Relative humidity varied significantly, with values ranging from 43.5% to 100%, showing a trend of higher humidity during cooler periods and lower during warmer days. 
 Visibility generally remained high, averaging around 16.09km, with occasional drops due to weather conditions. 
 Wind direction varied, with values ranging from -3.34 to 4.12 m/s, reflecting changing wind patterns. 
 Wind velocity ranged from -3.58 to 6.14 m/s, indicating variable wind conditions throughout the period. 
 Sky cover fluctuated between clear and overcast conditions, with a mix of clear and scattered clouds dominating the period.",y,
210,N3|313|swap,28_days,R2:\bindicat\w+\b;\bfrom\s+(?:a\s+)?(?:high|low)s?\b;\bto\s+(?:a\s+)?(?:high|low)s?\b,up,down,"The temperature ranged from a low of 22.25°C to a high of 41.75°C, with noticeable fluctuations and a general upward trend towards the end of the period, indicating a hot climate.","The temperature ranged from a low of 22.25°C to a high of 41.75°C, with noticeable fluctuations and a general downward trend towards the end of the period, indicating a hot climate.","Weather time series location: Pinal, Arizona. Time range: The past 28 days from July 19, 2021, to August 15, 2021. The weather is Clear, Hot, Humid. The temperature ranged from a low of 22.25°C to a high of 41.75°C, with noticeable fluctuations and a general downward trend towards the end of the period, indicating a hot climate. 
 Precipitation was predominantly consistent at 2.72mm, with occasional spikes, including a significant outlier of 27.25mm, suggesting sporadic heavy rainfall. 
 Relative humidity varied significantly, with values ranging from 15.5% to 99.5%, showing a trend of increased humidity during the latter part of the period, indicating a humid environment. 
 Visibility remained consistently high at 15.91 km throughout the period. 
 Wind direction varied, with values ranging from -6.05 to 5.12 m/s, showing a mix of wind patterns. 
 Wind velocity fluctuated, with values ranging from -5.1 to 5.53 m/s, indicating variable wind conditions. 
 The sky was predominantly clear, with no significant cloud cover reported.",n,"a: leftover "", indicating a hot climate"" attaches to the new downward trend — a downward trend can't indicate a hot climate; claim incoherent"
211,N3|327|swap,28_days,R2:\bfrom\s+(?:a\s+)?(?:high|low)s?\b;\bto\s+(?:a\s+)?(?:high|low)s?\b;\bhigh\s+of\b,down,up,"The temperature ranged from a low of 17.17°C to a high of 42.33°C, with noticeable fluctuations and a general trend of decreasing temperatures towards the end of the period.","The temperature ranged from a low of 17.17°C to a high of 42.33°C, with noticeable fluctuations and a general trend of increasing temperatures towards the end of the period.","Weather time series location: Maricopa, Arizona experienced a range of weather conditions over the reporting period. Time range: The past 28 days from August 26, 2019, to September 22, 2019. The weather is Clear, Cloudy, Hot, Humid. The temperature ranged from a low of 17.17°C to a high of 42.33°C, with noticeable fluctuations and a general trend of increasing temperatures towards the end of the period. 
 Precipitation was consistently recorded at 15.9 mm for most of the period, with a notable spike to 29.5 mm on one occasion, indicating occasional rainfall. 
 Relative humidity varied significantly, with values ranging from 10.92% to 76.17%, showing a trend of increasing humidity towards the end of the period. 
 Visibility remained generally high, mostly around 16.09 km, with occasional drops to lower values. 
 Wind velocity in the horizontal direction showed fluctuations, with maximum values reaching 4.57 m/s. 
 Wind velocity in the vertical direction varied, with notable gusts reaching up to 4.88 m/s. 
 The sky cover predominantly remained clear, with occasional scattered clouds, peaking at a maximum of 4/8 coverage.",y,
212,N3|338|swap,28_days,R2:\bindicat\w+\b;\bfrom\s+(?:a\s+)?(?:high|low)s?\b;\bto\s+(?:a\s+)?(?:high|low)s?\b,up,down,"The temperature ranged from a low of 1.82°C to a high of 28.53°C, with a noticeable upward trend towards the end of the period, indicating warmer conditions.","The temperature ranged from a low of 1.82°C to a high of 28.53°C, with a noticeable downward trend towards the end of the period, indicating colder conditions.","Weather time series location: Montgomery, Pennsylvania. Time range: The past 28 days from May 6, 2020, to June 2, 2020. The weather is Clear, Cloudy, Humid, Warm. The temperature ranged from a low of 1.82°C to a high of 28.53°C, with a noticeable downward trend towards the end of the period, indicating colder conditions. 
 Precipitation was minimal, with several days recording no rain, but there were a few notable spikes, including a peak of 3.0 mm on May 20. 
 Relative humidity fluctuated significantly, with values ranging from 22.5% to 94.33%, showing a trend of higher humidity towards the end of the period. 
 Visibility generally remained high, averaging around 15.66 km, with occasional drops due to weather conditions. 
 Wind direction showed variability, with both positive and negative values indicating shifts in wind patterns throughout the month. 
 Wind velocity varied, with some periods experiencing calm conditions while others had gusts exceeding 10 km/h. 
 Sky cover ranged from clear to overcast, with a mix of conditions, including several days of clear skies and scattered clouds.",y,
213,N3|33|swap,28_days,R2:\bfrom\s+(?:a\s+)?(?:high|low)s?\b;\bto\s+(?:a\s+)?(?:high|low)s?\b;\bhigh\s+of\b,up,down,"The temperature ranged from a low of 16.25°C to a high of 34.0°C, with noticeable fluctuations and a general warming trend towards the end of the period.","The temperature ranged from a low of 16.25°C to a high of 34.0°C, with noticeable fluctuations and a general cooling trend towards the end of the period.","Weather time series location: Gila, Arizona experienced a variety of weather conditions. Time range: The past 28 days from July 21, 2021, to August 17, 2021. The weather is Clear, Hot, Humid. The temperature ranged from a low of 16.25°C to a high of 34.0°C, with noticeable fluctuations and a general cooling trend towards the end of the period. 
 There was no recorded precipitation throughout the entire 28 days. 
 Relative humidity values varied significantly, with a range from 14.5% to 99%, indicating a trend towards higher humidity levels in the latter part of the period. 
 Visibility remained consistently high, mostly around 16.09 km, with occasional drops to lower values. 
 Wind direction varied, with values ranging from -3.13 to 4.59 m/s, suggesting a mix of wind patterns throughout the period. 
 Wind velocity showed variability, with values ranging from -3.3 to 4.59 m/s, indicating periods of calm and gusty conditions. 
 The sky cover ranged from clear to overcast, with significant periods of scattered to broken clouds.",y,
214,N3|359|swap,week,R2:\bfrom\s+(?:a\s+)?(?:high|low)s?\b;\bto\s+(?:a\s+)?(?:high|low)s?\b;\bhigh\s+of\b,up,down,"The temperature ranged from a low of -1.7°C to a high of 22.3°C, showing a noticeable warming trend towards the end of the week, with some volatility and outliers in the lower temperatures.","The temperature ranged from a low of -1.7°C to a high of 22.3°C, showing a noticeable cooling trend towards the end of the week, with some volatility and outliers in the lower temperatures.","Weather time series location: Panola, Texas experienced varied weather conditions. Time range: The past week from January 4 to January 10, 2020. The weather is Clear, Cloudy, Rainy, Windy, Humid. The temperature ranged from a low of -1.7°C to a high of 22.3°C, showing a noticeable cooling trend towards the end of the week, with some volatility and outliers in the lower temperatures. 
 Precipitation was consistent at 2.61 mm for most of the week, with a significant spike to 10.77 mm on January 10, indicating a potential storm event. 
 Relative humidity fluctuated between 18% and 97%, with a general trend of higher humidity levels early in the week and a gradual decrease towards the end, showing some volatility. 
 Visibility remained mostly stable around 16.09 km, with minor reductions observed on certain days. 
 Wind direction showed variability, with some hours experiencing significant negative values, suggesting gusty conditions. 
 Wind velocity varied, with notable peaks reaching up to 7.08 m/s, indicating periods of stronger winds. 
 The sky cover ranged from clear to overcast, with a majority of the week being clear or few clouds, transitioning to more overcast conditions towards the end.",y,
215,N3|367|swap,week,R2:\bfrom\s+(?:a\s+)?(?:high|low)s?\b;\bto\s+(?:a\s+)?(?:high|low)s?\b;\bhigh\s+of\b,up,down,"The temperature ranged from a low of 2.8°C to a high of 23.9°C, showing a noticeable upward trend over the week with some fluctuations, particularly in the early days.","The temperature ranged from a low of 2.8°C to a high of 23.9°C, showing a noticeable downward trend over the week with some fluctuations, particularly in the early days.","Weather time series location: Caddo, Louisiana. Time range: The past week from November 4 to November 10, 2021. The weather is Clear, Warm, Humid. The temperature ranged from a low of 2.8°C to a high of 23.9°C, showing a noticeable downward trend over the week with some fluctuations, particularly in the early days. 
 There was no recorded precipitation throughout the week, indicating dry conditions. 
 Relative humidity varied significantly, starting high at 87.5% and dropping to around 34%, with a general trend of decreasing humidity as the week progressed. 
 Visibility remained consistently high, mostly around 16.09 km, with some minor reductions noted. 
 Wind direction fluctuated, with values ranging from -4.94 to 2.25 m/s, indicating variable wind patterns. 
 Wind velocity varied, with some hours experiencing calm conditions and others showing gusts up to 5.02 m/s. 
 The sky cover ranged from clear to overcast, with significant periods of clear skies early in the week transitioning to more cloud cover later on.",y,
216,N3|376|swap,28_days,R2:\bindicat\w+\b;\bfrom\s+(?:a\s+)?(?:high|low)s?\b;\bto\s+(?:a\s+)?(?:high|low)s?\b,up,down,"The temperature ranged from a low of 8.55°C to a high of 39.66°C, with noticeable fluctuations and a general upward trend towards the end of the period, indicating warmer conditions.","The temperature ranged from a low of 8.55°C to a high of 39.66°C, with noticeable fluctuations and a general downward trend towards the end of the period, indicating colder conditions.","Weather time series location: The weather data is from Clay, Nebraska. Time range: The past 28 days from May 22, 2021, to June 18, 2021. The weather is Clear, Hot, Humid. The temperature ranged from a low of 8.55°C to a high of 39.66°C, with noticeable fluctuations and a general downward trend towards the end of the period, indicating colder conditions. 
 Precipitation was minimal, with only a few days recording measurable amounts, peaking at 3.3 mm, suggesting predominantly dry weather. 
 Relative humidity varied significantly, with values ranging from 19.2% to 91.0%, showing a trend towards lower humidity levels as the period progressed. 
 Visibility remained generally high, averaging around 15 km, with occasional drops due to weather conditions. 
 Wind direction showed variability, with both positive and negative values indicating shifts in wind patterns throughout the month. 
 Wind velocity varied, with some periods experiencing strong winds, particularly towards the end of the reporting period. 
 The sky cover was mostly clear to partly cloudy, with several days reporting clear skies (0/8) and few instances of overcast conditions.",y,
217,N3|378|swap,28_days,R2:\bfrom\s+(?:a\s+)?(?:high|low)s?\b;\bto\s+(?:a\s+)?(?:high|low)s?\b;\bhigh\s+of\b,up,down,"The temperature ranged from a low of 12.22°C to a high of 33.75°C, with noticeable fluctuations and a general warming trend towards the end of the period, particularly in the last week.","The temperature ranged from a low of 12.22°C to a high of 33.75°C, with noticeable fluctuations and a general cooling trend towards the end of the period, particularly in the last week.","Weather time series location: The weather data is for Linn, Iowa. Time range: The past 28 days from June 30, 2023, to July 27, 2023. The weather is Clear, Cloudy, Rainy, Humid, Windy, Hot. The temperature ranged from a low of 12.22°C to a high of 33.75°C, with noticeable fluctuations and a general cooling trend towards the end of the period, particularly in the last week. 
 Precipitation was minimal for most of the period, with a significant spike of 4.18 mm on July 6, indicating sporadic rainfall events. 
 Relative humidity values varied significantly, peaking at 95.82% and dropping to 34.75%, with a general trend of decreasing humidity during the warmer days. 
 Visibility generally remained high, averaging around 16.09 km, with occasional drops to as low as 1.78 km during periods of low cloud cover or fog. 
 Wind direction varied, with speeds ranging from -5.28 m/s to 5.32 m/s, indicating a mix of calm and breezy conditions. 
 Wind velocity showed variability, with notable gusts reaching up to 5.43 m/s, particularly in the latter part of the period. 
 The sky cover fluctuated from clear to overcast, with a notable presence of scattered clouds throughout the period.",y,
218,N3|384|swap,28_days,R2:\bfrom\s+(?:a\s+)?(?:high|low)s?\b;\bto\s+(?:a\s+)?(?:high|low)s?\b;\bhigh\s+of\b,up,down,"The temperature ranged from a low of 2.35°C to a high of 29.28°C, showing a noticeable warming trend towards the end of the period with some volatility and outliers, particularly in the higher temperature readings.","The temperature ranged from a low of 2.35°C to a high of 29.28°C, showing a noticeable cooling trend towards the end of the period with some volatility and outliers, particularly in the higher temperature readings.","Weather time series location: Burlington, New Jersey. Time range: The past 28 days from May 6, 2020, to June 2, 2020. The weather is Clear, Cloudy, Rainy, Humid, Windy. The temperature ranged from a low of 2.35°C to a high of 29.28°C, showing a noticeable cooling trend towards the end of the period with some volatility and outliers, particularly in the higher temperature readings. 
 Precipitation was generally low with several days of no rain, but there were significant outliers, including a peak of 6.62 mm, indicating sporadic heavy rainfall events. 
 Relative humidity fluctuated between 24.0% and 92.0%, with a general trend of increasing humidity towards the end of the period, particularly during rainy days. 
 Visibility remained mostly high, averaging around 16.09 km, with occasional drops due to weather conditions. 
 Wind direction showed variability, with both positive and negative values indicating shifts in wind patterns. 
 Wind velocity varied, with notable gusts and calm periods, reflecting a mix of conditions throughout the month. 
 The sky cover varied significantly, with many days experiencing overcast conditions, while some days were clear or had few clouds.",y,
219,N3|387|swap,28_days,R2:\bindicat\w+\b;\bfrom\s+(?:a\s+)?(?:high|low)s?\b;\bto\s+(?:a\s+)?(?:high|low)s?\b,up,down,"The temperature ranged from a low of 12.0°C to a high of 33.08°C, with noticeable warming trends observed, especially towards the end of the period, indicating a transition into warmer weather.","The temperature ranged from a low of 12.0°C to a high of 33.08°C, with noticeable cooling trends observed, especially towards the end of the period, indicating a transition into colder weather.","Weather time series location: The weather data is from McCurtain, Oklahoma. Time range: The past 28 days from May 20, 2023, to June 16, 2023. The weather is Clear, Cloudy, Rainy, Humid, Warm. The temperature ranged from a low of 12.0°C to a high of 33.08°C, with noticeable cooling trends observed, especially towards the end of the period, indicating a transition into colder weather. 
 Precipitation was relatively consistent, with most values around 1.21 mm, but there were occasional spikes, such as 2.48 mm and 2.5 mm, suggesting sporadic rainfall events. 
 Relative humidity fluctuated significantly, with values ranging from 34.5% to 100%, showing a trend of higher humidity during the early mornings and lower values during the afternoons. 
 Visibility generally remained high, averaging around 15 km, with occasional drops due to weather conditions. 
 Wind direction was predominantly from the north-northwest, with occasional shifts, indicating variable wind patterns throughout the month. 
 Wind velocity varied, with some periods showing calm conditions and others experiencing gusts, particularly towards the end of the period. 
 Sky cover ranged from clear to overcast, with several days showing scattered to broken clouds, particularly in the latter half of the period.",y,
220,N3|389|swap,28_days,R2:\bfrom\s+(?:a\s+)?(?:high|low)s?\b;\bto\s+(?:a\s+)?(?:high|low)s?\b;\bhigh\s+of\b,up,down,"The temperature ranged from a low of 7.78°C to a high of 34.42°C, showing a noticeable trend of increasing temperatures towards the end of the period, with some volatility and outliers, particularly in the higher temperature readings.","The temperature ranged from a low of 7.78°C to a high of 34.42°C, showing a noticeable trend of decreasing temperatures towards the end of the period, with some volatility and outliers, particularly in the higher temperature readings.","Weather time series location: Caddo, Louisiana experienced a variety of weather conditions during this period. Time range: The past 28 days from September 22, 2019, to October 19, 2019. The weather is Clear, Cloudy, Rainy, Humid, Windy. The temperature ranged from a low of 7.78°C to a high of 34.42°C, showing a noticeable trend of decreasing temperatures towards the end of the period, with some volatility and outliers, particularly in the higher temperature readings. 
 Precipitation was minimal for most of the period, with significant rainfall occurring on a few days, notably 8.71 mm and 10.65 mm on October 6 and 7, respectively. 
 Relative humidity fluctuated between 35.0% and 91.5%, with a general trend of decreasing humidity levels over the period, particularly noticeable in the latter weeks. 
 Visibility remained consistently high, mostly around 16.09 km, with occasional drops due to weather conditions. 
 Wind direction showed variability, with some periods of strong winds and others with calm conditions. 
 Wind velocity varied, with some periods of calm and others with gusts reaching up to 5.52 m/s. 
 The sky cover varied from clear to overcast, with significant cloud cover observed in the latter part of the period.",y,
221,N3|395|swap,28_days,R2:\bfrom\s+(?:a\s+)?(?:high|low)s?\b;\bto\s+(?:a\s+)?(?:high|low)s?\b;\bhigh\s+of\b,down,up,"The temperature ranged from a low of 19.3°C to a high of 38.2°C, with noticeable fluctuations and a general trend of decreasing temperatures towards the end of the period.","The temperature ranged from a low of 19.3°C to a high of 38.2°C, with noticeable fluctuations and a general trend of increasing temperatures towards the end of the period.","Weather time series location: Caddo, Louisiana. Time range: The past 28 days from August 27 to September 23, 2023. The weather is Clear, Cloudy, Humid, Hot, Cold. The temperature ranged from a low of 19.3°C to a high of 38.2°C, with noticeable fluctuations and a general trend of increasing temperatures towards the end of the period. 
 Precipitation was minimal, with sporadic light rain events, the highest being 5.46 mm, indicating predominantly dry conditions. 
 Relative humidity varied significantly, peaking at 93.14% and dropping to 27.25%, with a general trend of higher humidity in the early part of the period and lower values towards the end. 
 Visibility remained mostly stable, averaging around 16.09 km, with occasional reductions due to weather conditions. 
 Wind direction fluctuated, with both positive and negative values indicating shifts in wind patterns throughout the period. 
 Wind velocity showed variability with occasional gusts, but generally remained low, averaging around -1.0 to 1.0 m/s. 
 Sky cover varied, with many clear to partly cloudy days, but also included several days with significant cloud cover, particularly towards the end of the period.",y,
222,N3|396|swap,28_days,R2:\bfrom\s+(?:a\s+)?(?:high|low)s?\b;\bto\s+(?:a\s+)?(?:high|low)s?\b;\bhigh\s+of\b,up,down,"The temperature ranged from a low of 8.2°C to a high of 32.65°C, with noticeable fluctuations and a general warming trend towards the end of the period.","The temperature ranged from a low of 8.2°C to a high of 32.65°C, with noticeable fluctuations and a general cooling trend towards the end of the period.","Weather time series location: Montgomery, Pennsylvania. Time range: The past 28 days from April 28, 2021, to May 25, 2021. The weather is Clear, Cloudy, Rainy, Humid, Warm. The temperature ranged from a low of 8.2°C to a high of 32.65°C, with noticeable fluctuations and a general cooling trend towards the end of the period. 
 Precipitation was minimal overall, with a few significant events, including a peak of 3.79 mm on April 30, 2021, and several days with no recorded precipitation. 
 Relative humidity varied significantly, with values ranging from 20.25% to 96.18%, showing a trend of higher humidity during cooler periods and lower humidity during warmer days. 
 Visibility remained generally high, with occasional drops, particularly during periods of precipitation. 
 Wind speed fluctuated, with some peaks observed, particularly during windy days. 
 Wind velocity showed variability with both positive and negative values, indicating changing wind directions throughout the period. 
 Sky cover varied from clear to overcast conditions, with a mix of clear and cloudy days throughout the month.",y,
223,N3|401|swap,28_days,R2:\bindicat\w+\b;\bfrom\s+(?:a\s+)?(?:high|low)s?\b;\bto\s+(?:a\s+)?(?:high|low)s?\b | R3:temperatures and lower humidity as temperatures increased,up,down,"The temperature ranged from a low of -12.98°C to a high of 17.08°C, with noticeable fluctuations and a general trend of increasing temperatures towards the end of the period, indicating a transition to warmer weather.","The temperature ranged from a low of -12.98°C to a high of 17.08°C, with noticeable fluctuations and a general trend of decreasing temperatures towards the end of the period, indicating a transition to colder weather.","Weather time series location: The weather data is from Linn, Iowa. Time range: The past 28 days from March 3 to March 30, 2023. The weather is Cold, Humid, Cloudy, Clear. The temperature ranged from a low of -12.98°C to a high of 17.08°C, with noticeable fluctuations and a general trend of decreasing temperatures towards the end of the period, indicating a transition to colder weather. 
 Precipitation was minimal, with only a few instances of light rain, totaling less than 1 inch over the entire period. 
 Relative humidity levels varied significantly, with a high of 100% and a low of 24.75%, showing a trend of higher humidity during cooler temperatures and lower humidity as temperatures increased. 
 Visibility generally remained good, with occasional reductions due to weather conditions, particularly during periods of higher humidity. 
 Wind direction was predominantly from the northwest, with some variability, reflecting changing weather patterns. 
 Wind velocity showed a mix of directions with varying speeds, indicating periods of calm and gusty conditions. 
 The sky cover varied from clear to overcast, with several days experiencing significant cloud cover.",y,
224,N3|405|swap,28_days,R2:\bindicat\w+\b;\bfrom\s+(?:a\s+)?(?:high|low)s?\b;\bto\s+(?:a\s+)?(?:high|low)s?\b,up,down,"The temperature ranged from a low of 8.95°C to a high of 31.34°C, with a noticeable upward trend towards the end of the period, indicating warmer conditions, particularly in the last week.","The temperature ranged from a low of 8.95°C to a high of 31.34°C, with a noticeable downward trend towards the end of the period, indicating colder conditions, particularly in the last week.","Weather time series location: Thayer, Nebraska. Time range: The past 28 days from May 24, 2019, to June 20, 2019. The weather is Clear, Cloudy, Rainy, Windy, Hot, Humid. The temperature ranged from a low of 8.95°C to a high of 31.34°C, with a noticeable downward trend towards the end of the period, indicating colder conditions, particularly in the last week. 
 Precipitation was generally consistent with several peaks, including a notable outlier of 16.57 mm, suggesting sporadic heavy rainfall events amidst regular light rain. 
 Relative humidity fluctuated significantly, with values ranging from 24.08% to 96.83%, showing a trend of decreasing humidity during warmer days and higher humidity during cooler nights. 
 Visibility remained mostly high, averaging around 15.69 km, with occasional drops due to weather conditions. 
 Wind direction showed variability, with both positive and negative values, suggesting shifts in wind patterns throughout the period. 
 Wind velocity varied, with some significant gusts reaching up to 7.03 m/s, indicating periods of windy conditions. 
 The sky cover ranged from clear to overcast, with a mix of clear and cloudy days, indicating variable weather conditions.",y,
225,N3|419|swap,28_days,R2:\bfrom\s+(?:a\s+)?(?:high|low)s?\b;\bto\s+(?:a\s+)?(?:high|low)s?\b;\bhigh\s+of\b,up,down,"The temperature ranged from a low of 6.78°C to a high of 29.46°C, with noticeable fluctuations and a general warming trend towards the end of the period.","The temperature ranged from a low of 6.78°C to a high of 29.46°C, with noticeable fluctuations and a general cooling trend towards the end of the period.","Weather time series location: Chester, Pennsylvania experienced a variety of weather conditions. Time range: The past 28 days from May 6, 2020, to June 2, 2020. The weather is Clear, Cloudy, Rainy, Windy, Humid. The temperature ranged from a low of 6.78°C to a high of 29.46°C, with noticeable fluctuations and a general cooling trend towards the end of the period. 
 Precipitation was minimal for most of the period, with significant rainfall occurring on a few days, particularly with peaks of 5.68mm and 3.27mm on certain days. 
 Relative humidity varied widely, with values ranging from 23.2% to 100%, showing a trend of higher humidity levels towards the end of the period. 
 Visibility remained generally high, averaging around 15 km, with occasional drops due to weather conditions. 
 Wind direction also fluctuated, with values ranging from -8.07 to 7.07 m/s, indicating windy conditions at times. 
 Wind velocity showed variability, with both positive and negative values indicating changing wind directions and strengths throughout the period. 
 The sky cover varied from clear to overcast, with a mix of scattered and broken clouds throughout the period.",y,
226,N3|427|swap,28_days,R2:\bfrom\s+(?:a\s+)?(?:high|low)s?\b;\bto\s+(?:a\s+)?(?:high|low)s?\b;\bhigh\s+of\b,up,down,"The temperature ranged from a low of 16.44°C to a high of 32.86°C, with noticeable fluctuations and a general warming trend towards the end of the period.","The temperature ranged from a low of 16.44°C to a high of 32.86°C, with noticeable fluctuations and a general cooling trend towards the end of the period.","Weather time series location: Chester, Pennsylvania experienced varied weather conditions. Time range: The past 28 days from June 3 to June 30, 2021. The weather is Clear, Cloudy, Rainy, Humid, Windy. The temperature ranged from a low of 16.44°C to a high of 32.86°C, with noticeable fluctuations and a general cooling trend towards the end of the period. 
 Precipitation was sporadic, with significant rainfall events, including peaks of 10.73mm and 7.5mm, interspersed with many dry periods. 
 Relative humidity levels varied significantly, with a high of 95.8% and a low of 28.4%, indicating a generally humid atmosphere, particularly during rainfall events. 
 Visibility remained mostly good, with occasional drops due to weather conditions, particularly during rain. 
 Wind direction showed variability, with some strong gusts recorded, particularly from the north and northeast. 
 Wind velocities varied, with notable gusts reaching up to 7.49 m/s, indicating periods of breezy conditions. 
 Sky cover fluctuated significantly, with periods of clear skies (0/8) and overcast conditions (10/10), reflecting a mix of sunny and cloudy days.",y,
227,N3|429|swap,28_days,R2:\bindicat\w+\b;\bfrom\s+(?:a\s+)?(?:high|low)s?\b;\bto\s+(?:a\s+)?(?:high|low)s?\b,up,down,"The temperature ranged from a low of 1.82°C to a high of 28.53°C, with noticeable warming trends towards the end of the period, indicating a transition to warmer weather.","The temperature ranged from a low of 1.82°C to a high of 28.53°C, with noticeable cooling trends towards the end of the period, indicating a transition to colder weather.","Weather time series location: Camden, New Jersey. Time range: The past 28 days from May 6, 2020, to June 2, 2020. The weather is Clear, Cloudy, Rainy, Humid, Warm. The temperature ranged from a low of 1.82°C to a high of 28.53°C, with noticeable cooling trends towards the end of the period, indicating a transition to colder weather. 
 Precipitation was sporadic, with several days recording no rain, while notable rainfall events occurred on May 6, May 19, and May 30, with a maximum of 3.0 mm recorded. 
 Relative humidity varied significantly, with values ranging from 22.5% to 94.33%, showing a trend of increasing humidity towards the end of the period, particularly on warmer days. 
 Visibility generally remained high, averaging around 15.66 km, with occasional drops due to weather conditions. 
 Wind direction showed variability, with some periods experiencing stronger winds from the north and northeast. 
 Wind velocity fluctuated, with notable gusts reaching up to 6.24 m/s, indicating variable wind conditions throughout the period. 
 Sky cover varied, with a mix of clear to overcast conditions, predominantly featuring scattered to broken clouds.",y,
228,N3|437|swap,28_days,R2:\bindicat\w+\b;\bfrom\s+(?:a\s+)?(?:high|low)s?\b;\bto\s+(?:a\s+)?(?:high|low)s?\b,up,down,"The temperature ranged from a low of 1.82°C to a high of 28.53°C, showing a noticeable warming trend towards the end of the period, with several peaks indicating volatility.","The temperature ranged from a low of 1.82°C to a high of 28.53°C, showing a noticeable cooling trend towards the end of the period, with several peaks indicating volatility.","Weather time series location: Montgomery, Pennsylvania. Time range: The past 28 days from May 6, 2020, to June 2, 2020. The weather is Clear, Cloudy, Rainy, Windy, Humid, Hot. The temperature ranged from a low of 1.82°C to a high of 28.53°C, showing a noticeable cooling trend towards the end of the period, with several peaks indicating volatility. 
 Precipitation was minimal overall, with sporadic events, including a few notable peaks of 3.0 mm and 1.85 mm, indicating a generally dry period with occasional rainfall. 
 Relative humidity fluctuated significantly, ranging from 22.5% to 94.75%, with a trend towards higher humidity levels in the latter part of the period, suggesting increased moisture. 
 Visibility remained relatively stable, mostly around 15 km, with occasional drops due to weather conditions. 
 Wind direction showed variability, with both positive and negative values, indicating shifts in wind patterns throughout the period. 
 Wind velocity varied, with notable gusts reaching up to 10.36 m/s, indicating periods of windy conditions. 
 Sky cover ranged from clear to overcast, with a mix of clear and cloudy days, indicating variable weather conditions.",y,
229,N3|445|swap,28_days,R2:\bfrom\s+(?:a\s+)?(?:high|low)s?\b;\bto\s+(?:a\s+)?(?:high|low)s?\b;\bhigh\s+of\b,up,down,"The temperature ranged from a low of -4.9°C to a high of 21.64°C, with noticeable fluctuations and a general trend of increasing temperatures towards the end of the period.","The temperature ranged from a low of -4.9°C to a high of 21.64°C, with noticeable fluctuations and a general trend of decreasing temperatures towards the end of the period.","Weather time series location: Lauderdale, Alabama experienced a variety of weather conditions during this period. Time range: The past 28 days from January 8, 2020, to February 4, 2020. The weather is Clear, Cloudy, Rainy, Humid, Cold. The temperature ranged from a low of -4.9°C to a high of 21.64°C, with noticeable fluctuations and a general trend of decreasing temperatures towards the end of the period. 
 Precipitation was sporadic, with significant rainfall recorded on a few days, particularly a peak of 10.27 mm, while many days experienced no precipitation at all. 
 Relative humidity varied significantly, with values ranging from 32.2% to 99%, indicating periods of both dry and very humid conditions, particularly towards the end of the month. 
 Visibility generally remained high, averaging around 15.74 km, with occasional drops during periods of precipitation. 
 Wind direction fluctuated, with a mix of negative and positive values indicating changing wind patterns throughout the month. 
 Wind velocity showed variability, with some periods experiencing stronger winds, particularly in the earlier days of the month. 
 Sky cover varied from clear to overcast, with several days experiencing scattered to broken clouds.",y,
230,N3|447|swap,week,R2:\bindicat\w+\b;\bfrom\s+(?:a\s+)?(?:high|low)s?\b;\bto\s+(?:a\s+)?(?:high|low)s?\b,up,down,"The temperature ranged from a low of 1.1°C to a high of 19.4°C, with a noticeable upward trend towards the end of the week, indicating warming conditions.","The temperature ranged from a low of 1.1°C to a high of 19.4°C, with a noticeable downward trend towards the end of the week, indicating cooling conditions.","Weather time series location: The weather was reported for Allegheny, Pennsylvania. Time range: The past week from April 1 to April 7, 2020. The weather is Clear, Cloudy, Rainy, Windy, Humid. The temperature ranged from a low of 1.1°C to a high of 19.4°C, with a noticeable downward trend towards the end of the week, indicating cooling conditions. 
 Precipitation was sporadic, with a few notable instances, including a peak of 1.5 mm on April 7, suggesting generally dry conditions with occasional light rain. 
 Relative humidity fluctuated significantly, starting high at around 92% and dropping to as low as 22%, indicating a trend towards drier air as the week progressed. 
 Visibility remained relatively stable, mostly around 16.09 km, with occasional drops due to weather conditions. 
 Wind direction showed variability, with speeds reaching up to 4.53 m/s, suggesting breezy conditions at times. 
 Wind velocity varied, with notable gusts reaching up to -7.58 m/s, indicating periods of stronger winds. 
 The sky cover varied throughout the week, with periods of overcast conditions (8/8) and clear skies (0/8), indicating a mix of weather patterns.",y,
231,N3|448|swap,week,R2:\bfrom\s+(?:a\s+)?(?:high|low)s?\b;\bto\s+(?:a\s+)?(?:high|low)s?\b;\bhigh\s+of\b,up,down,"The temperature ranged from a low of 7.2°C to a high of 29.5°C, with noticeable fluctuations and a general warming trend towards the end of the week.","The temperature ranged from a low of 7.2°C to a high of 29.5°C, with noticeable fluctuations and a general cooling trend towards the end of the week.","Weather time series location: Harrison, Texas experienced a variety of weather conditions. Time range: The past week from April 6 to April 12, 2019. The weather is Clear, Cloudy, Rainy, Humid, Windy. The temperature ranged from a low of 7.2°C to a high of 29.5°C, with noticeable fluctuations and a general cooling trend towards the end of the week. 
 Precipitation was inconsistent, with several hours of significant rainfall, including a peak of 17.87 mm, indicating a rainy pattern particularly early in the week. 
 Relative humidity levels varied significantly, starting high at around 94% and dropping to as low as 27.67%, showing a trend of decreasing humidity over the week. 
 Visibility generally remained good, with most readings above 10 km, although there were periods of reduced visibility due to weather conditions. 
 Wind direction showed variability, with some periods of calm winds and others with gusts from various directions. 
 Wind velocities fluctuated, with some strong gusts reaching up to 6.96 m/s, indicating variable wind conditions throughout the week. 
 The sky cover varied from clear to overcast, with significant cloud cover observed at times, particularly at the beginning of the week.",y,
232,N3|456|swap,28_days,R2:\bindicat\w+\b;\bfrom\s+(?:a\s+)?(?:high|low)s?\b;\bto\s+(?:a\s+)?(?:high|low)s?\b,up,down,"The temperature ranged from a low of 15.15°C to a high of 37.62°C, with noticeable trends showing a general increase in temperature towards the end of the period, indicating a warming trend. There were some outliers, particularly the high temperatures around 34-37°C in the latter part of the period.","The temperature ranged from a low of 15.15°C to a high of 37.62°C, with noticeable trends showing a general decrease in temperature towards the end of the period, indicating a cooling trend. There were some outliers, particularly the high temperatures around 34-37°C in the latter part of the period.","Weather time series location: Fillmore, Nebraska experienced a variety of weather conditions. Time range: The past 28 days from June 11 to July 8, 2021. The weather is Clear, Hot, Humid, Cloudy. The temperature ranged from a low of 15.15°C to a high of 37.62°C, with noticeable trends showing a general decrease in temperature towards the end of the period, indicating a cooling trend. There were some outliers, particularly the high temperatures around 34-37°C in the latter part of the period. 
 Precipitation was minimal, with most days recording no rainfall, but there were a few instances of light rain, including a notable peak of 2.56 mm on June 30. 
 Relative humidity varied significantly, ranging from 22.75% to 93.5%, with a general trend of lower humidity during the warmer days and higher humidity during cooler periods, indicating a fluctuating pattern. 
 Visibility remained mostly stable, averaging around 16.09 km, with occasional drops due to weather conditions. 
 Wind direction varied, with values ranging from -6.41 to 4.23 m/s, suggesting shifts in wind patterns throughout the period. 
 Wind velocity showed variability, with values ranging from -9.76 to 7.67 m/s, indicating periods of both calm and windy conditions. 
 The sky cover varied, with periods of clear skies (0/8) and scattered clouds (up to 6/8), indicating a mix of clear and partly cloudy days.",y,
233,N3|463|swap,28_days,R2:\bindicat\w+\b;\bfrom\s+(?:a\s+)?(?:high|low)s?\b;\bto\s+(?:a\s+)?(?:high|low)s?\b,up,down,"The temperature showed a noticeable upward trend, with values ranging from a low of 8.3°C to a high of 37.62°C, indicating a warm period overall with some volatility and outliers, particularly in the latter half of the month.","The temperature showed a noticeable downward trend, with values ranging from a low of 8.3°C to a high of 37.62°C, indicating a warm period overall with some volatility and outliers, particularly in the latter half of the month.","Weather time series location: Fillmore, Nebraska experienced a variety of weather conditions during this period. Time range: The past 28 days from May 27, 2021, to June 23, 2021. The weather is Clear, Hot, Humid, Windy. The temperature showed a noticeable downward trend, with values ranging from a low of 8.3°C to a high of 37.62°C, indicating a warm period overall with some volatility and outliers, particularly in the latter half of the month. 
 Precipitation was minimal, with significant amounts only recorded on a few occasions, notably 2.48 mm and 1.76 mm, suggesting predominantly dry conditions. 
 Relative humidity fluctuated significantly, with values ranging from 22.75% to 96.83%, indicating periods of both humid and dry air, with a general tendency towards higher humidity levels. 
 Visibility remained mostly high, averaging around 16.09 km, with occasional dips to lower values during specific times. 
 Wind direction showed variability, with some instances of strong winds from the north and south, contributing to the overall windy conditions. 
 Wind velocity varied, with some notable gusts reaching up to 8.24 m/s, indicating periods of breezy conditions. 
 Sky cover was predominantly clear to partly cloudy, with several days experiencing clear skies (0/8) and few instances of overcast conditions.",y,
234,N3|479|swap,week,R2:\bfrom\s+(?:a\s+)?(?:high|low)s?\b;\bto\s+(?:a\s+)?(?:high|low)s?\b;\bhigh\s+of\b,up,down,"The temperature ranged from a low of -1.1°C to a high of 21.1°C, showing a noticeable warming trend towards the end of the week with some volatility and outliers, particularly the low temperatures early in the week.","The temperature ranged from a low of -1.1°C to a high of 21.1°C, showing a noticeable cooling trend towards the end of the week with some volatility and outliers, particularly the low temperatures early in the week.","Weather time series location: Washington, New York. Time range: The past week from May 8 to May 14, 2020. The weather is Clear, Cloudy, Humid, Windy. The temperature ranged from a low of -1.1°C to a high of 21.1°C, showing a noticeable cooling trend towards the end of the week with some volatility and outliers, particularly the low temperatures early in the week. 
 Precipitation was minimal, with most hours recording no rain, but there were a few instances of light rain totaling around 5.0 mm, primarily concentrated on May 9 and May 10. 
 Relative humidity fluctuated significantly, starting high at around 61% and dropping to as low as 20%, with a general trend of increasing humidity towards the end of the week. 
 Visibility remained consistently high, mostly around 16.09 km, with occasional drops due to weather conditions. 
 Wind direction showed variability, with both positive and negative values indicating shifts in wind patterns, peaking at 9.3 km/h. 
 Wind velocity varied, with some hours experiencing gusts up to 10.64 km/h, showing a mix of calm and breezy conditions throughout the week. 
 The sky cover varied from clear to overcast, with a predominance of clear skies early in the week transitioning to more cloudy conditions later on.",y,
235,N3|482|swap,week,R2:\bfrom\s+(?:a\s+)?(?:high|low)s?\b;\bto\s+(?:a\s+)?(?:high|low)s?\b;\bhigh\s+of\b,up,down,"The temperature ranged from a low of 17.5°C to a high of 33.9°C, with noticeable fluctuations and a general warming trend observed mid-week.","The temperature ranged from a low of 17.5°C to a high of 33.9°C, with noticeable fluctuations and a general cooling trend observed mid-week.","Weather time series location: Montgomery, Pennsylvania. Time range: The past week from June 7 to June 13, 2021. The weather is Clear, Cloudy, Rainy, Humid, Windy. The temperature ranged from a low of 17.5°C to a high of 33.9°C, with noticeable fluctuations and a general cooling trend observed mid-week. 
 Precipitation was minimal for most of the week, with a few significant spikes, including a peak of 4.2 mm on June 10. 
 Relative humidity varied significantly, starting high at 77% and dropping to around 41.0%, with a noticeable increase in humidity during the early mornings and late evenings. 
 Visibility remained generally good, mostly around 16.09 km, with occasional drops to lower values during periods of precipitation. 
 Wind direction showed variability, with some significant shifts, including gusts up to 5.83 m/s. 
 Wind velocity varied, with notable gusts reaching up to 8.27 m/s, particularly on June 10. 
 The sky cover fluctuated throughout the week, with periods of clear skies and scattered clouds, peaking at overcast conditions on several occasions.",y,
236,N3|484|swap,week,R2:\bfrom\s+(?:a\s+)?(?:high|low)s?\b;\bto\s+(?:a\s+)?(?:high|low)s?\b;\bhigh\s+of\b,up,down,"The temperature ranged from a low of 0.0°C to a high of 21.0°C, showing a noticeable warming trend towards the end of the week, with some volatility and outliers at the beginning.","The temperature ranged from a low of 0.0°C to a high of 21.0°C, showing a noticeable cooling trend towards the end of the week, with some volatility and outliers at the beginning.","Weather time series location: The weather was reported for Westmoreland, Pennsylvania. Time range: The past week from April 1 to April 7, 2020. The weather is {Clear, Cloudy, Windy, Cold, Humid}. The temperature ranged from a low of 0.0°C to a high of 21.0°C, showing a noticeable cooling trend towards the end of the week, with some volatility and outliers at the beginning. 
 There was no recorded precipitation throughout the week. 
 Relative humidity fluctuated between 24.0% and 102.33%, with a general trend of decreasing humidity as the week progressed, particularly towards the end. 
 Visibility remained consistently high, mostly around 16.09 km, with occasional drops to lower values. 
 Wind direction showed variability, with values ranging from -1.55 to 9.3 m/s, indicating some windy conditions at times. 
 Wind velocity varied, with some negative values indicating gusts, but generally remained low, averaging around -0.04 to 5.83 m/s. 
 The sky cover varied from clear to overcast, with a significant amount of time spent under broken clouds.",y,
237,N3|49|swap,week,R2:\bindicat\w+\b;\bpeak\w*\b,up,down,"The temperature showed a noticeable upward trend, peaking at 37.0°C, with fluctuations indicating a hot period overall, especially during the day.","The temperature showed a noticeable downward trend, peaking at 37.0°C, with fluctuations indicating a hot period overall, especially during the day.","Weather time series location: The weather was reported for Pinal, Arizona. Time range: The past week from August 10 to August 16, 2021. The weather is Clear, Hot, Humid. The temperature showed a noticeable downward trend, peaking at 37.0°C, with fluctuations indicating a hot period overall, especially during the day. 
 Precipitation was consistently recorded at 1.89 mm for most of the week, with a significant outlier of 7.6 mm on one occasion. 
 Relative humidity varied significantly, with a high of 98.0% and a low of 36.43%, indicating a humid atmosphere, particularly during the early mornings and late evenings. 
 Visibility remained stable at 15.91 km throughout the week. 
 Wind direction fluctuated, with notable shifts including a maximum of -5.79 m/s, suggesting variable wind patterns. 
 Wind velocity showed variability, with some instances of strong gusts reaching up to 5.72 m/s, indicating periods of breezy conditions. 
 The sky was predominantly clear, with no significant cloud cover reported throughout the week.",y,
238,N3|504|swap,28_days,R2:\bfrom\s+(?:a\s+)?(?:high|low)s?\b;\bto\s+(?:a\s+)?(?:high|low)s?\b;\bhigh\s+of\b,up,down,"The temperature ranged from a low of 13.09°C to a high of 35.12°C, with noticeable fluctuations and a general warming trend observed towards the end of the period.","The temperature ranged from a low of 13.09°C to a high of 35.12°C, with noticeable fluctuations and a general cooling trend observed towards the end of the period.","Weather time series location: Hidalgo, Texas. Time range: The past 28 days from March 31, 2023, to April 27, 2023. The weather is Clear, Cloudy, Rainy, Humid, Windy. The temperature ranged from a low of 13.09°C to a high of 35.12°C, with noticeable fluctuations and a general cooling trend observed towards the end of the period. 
 Precipitation was minimal for most of the period, with significant rainfall occurring on a few days, particularly with a peak of 5.78 mm recorded. 
 Relative humidity varied significantly, with values ranging from 36.0% to 97.69%, showing a trend of higher humidity during the early mornings and lower values in the afternoons. 
 Visibility was generally good, with occasional reductions due to weather conditions, particularly during periods of higher humidity. 
 Wind direction showed variability, with speeds ranging from -7.59 to 3.46 m/s, suggesting a mix of breezy and calm conditions. 
 Wind velocities fluctuated, with values ranging from -7.96 to 7.98 m/s, indicating variable wind conditions throughout the period. 
 Sky cover varied, with a predominance of overcast conditions (8/8) and broken clouds (6/8) observed frequently.",y,
239,N3|505|swap,28_days,R2:\bfrom\s+(?:a\s+)?(?:high|low)s?\b;\bto\s+(?:a\s+)?(?:high|low)s?\b;\bhigh\s+of\b,up,down,"The temperature ranged from a low of -0.94°C to a high of 29.79°C, with noticeable fluctuations and a general warming trend towards the end of the period.","The temperature ranged from a low of -0.94°C to a high of 29.79°C, with noticeable fluctuations and a general cooling trend towards the end of the period.","Weather time series location: Rusk, Texas experienced a variety of weather conditions over the past month. Time range: The past 28 days from March 8, 2022, to April 4, 2022. The weather is Clear, Cloudy, Rainy, Humid, Windy. The temperature ranged from a low of -0.94°C to a high of 29.79°C, with noticeable fluctuations and a general cooling trend towards the end of the period. 
 Precipitation was consistent, with several instances of 1.1 mm recorded, and a significant outlier of 7.82 mm, indicating sporadic rain events. 
 Relative humidity varied widely, with values ranging from 7.25% to 84.73%, showing a trend towards higher humidity levels in the latter part of the period. 
 Visibility remained generally high, mostly around 16.09 km, with occasional drops to lower values due to weather conditions. 
 Wind direction varied significantly, with values ranging from -5.1 m/s to 7.0 m/s, reflecting changing wind patterns throughout the month. 
 Wind velocity showed variability, with values fluctuating from -5.27 m/s to 7.54 m/s, indicating periods of calm and gusty winds. 
 The sky cover ranged from clear to overcast, with a significant amount of time spent under broken to overcast skies.",y,
240,N3|518|swap,28_days,R2:\bindicat\w+\b;\bfrom\s+(?:a\s+)?(?:high|low)s?\b;\bto\s+(?:a\s+)?(?:high|low)s?\b,up,down,"The temperature ranged from a low of 12.0°C to a high of 33.08°C, with noticeable warming trends towards the end of the period, indicating a shift to hotter conditions.","The temperature ranged from a low of 12.0°C to a high of 33.08°C, with noticeable cooling trends towards the end of the period, indicating a shift to cooler conditions.","Weather time series location: The weather data pertains to McCurtain, Oklahoma. Time range: The past 28 days from May 13, 2023, to June 9, 2023. The weather is Clear, Cloudy, Rainy, Hot, Humid. The temperature ranged from a low of 12.0°C to a high of 33.08°C, with noticeable cooling trends towards the end of the period, indicating a shift to cooler conditions. 
 Precipitation was generally consistent, with several instances of light rain, but a few outliers with higher amounts, notably 5.75 mm and 5.15 mm on specific days. 
 Relative humidity fluctuated significantly, with values ranging from 35.33% to 100%, showing a trend towards higher humidity levels, particularly in the latter part of the period. 
 Visibility remained relatively stable, averaging around 15 km, with occasional drops due to weather conditions. 
 Wind direction showed variability, with both positive and negative values indicating changing wind patterns. 
 Wind velocity varied, with notable gusts and shifts in direction, indicating periods of breezy conditions. 
 Sky cover ranged from clear to overcast, with a mix of clear and cloudy days, predominantly featuring scattered clouds.",y,
241,N3|58|swap,28_days,R2:\bfrom\s+(?:a\s+)?(?:high|low)s?\b;\bto\s+(?:a\s+)?(?:high|low)s?\b;\bhigh\s+of\b,up,down,"The temperature ranged from a low of 6.44°C to a high of 30.44°C, with noticeable fluctuations and a general warming trend towards the end of the period.","The temperature ranged from a low of 6.44°C to a high of 30.44°C, with noticeable fluctuations and a general cooling trend towards the end of the period.","Weather time series location: The weather data is from Tulsa, Oklahoma. Time range: The past 28 days from April 23, 2019, to May 20, 2019. The weather is Clear, Cloudy, Rainy, Humid, Windy. The temperature ranged from a low of 6.44°C to a high of 30.44°C, with noticeable fluctuations and a general cooling trend towards the end of the period. 
 Precipitation was minimal for most of the period, with significant rainfall events occurring on a few days, particularly with a peak of 10.44 mm. 
 Relative humidity varied significantly, with values ranging from 26.6% to 97.8%, showing a trend of higher humidity during the cooler parts of the day. 
 Visibility generally remained high, averaging around 15 km, with occasional reductions during periods of precipitation. 
 Wind speed fluctuated throughout the period, with some strong gusts observed, particularly towards the end of the reporting period. 
 Wind velocity showed variability, with both positive and negative values indicating changing wind directions, with notable gusts recorded. 
 Sky cover varied, with a mix of clear to overcast conditions, indicating a generally changeable sky.",y,
242,N3|590|swap,six_months,R1:six_months_window | R2:\bfrom\s+(?:a\s+)?(?:high|low)s?\b;\bto\s+(?:a\s+)?(?:high|low)s?\b;-?\d+(?:\.\d+)?\s*°C.*?-?\d+(?:\.\d+)?\s*°C,up,down,"The average temperature ranged from lows of around 1.78°C to highs of approximately 28.88°C, with noticeable fluctuations and a general warming trend towards the end of the period.","The average temperature ranged from lows of around 1.78°C to highs of approximately 28.88°C, with noticeable fluctuations and a general cooling trend towards the end of the period.","Weather time series location: The weather data pertains to Hidalgo, Texas. Time range: The past six months from November 2020 to April 2021. The weather is Clear, Cloudy, Humid, Windy. The average temperature ranged from lows of around 1.78°C to highs of approximately 28.88°C, with noticeable fluctuations and a general cooling trend towards the end of the period. 
 Precipitation was minimal, with most days recording no rainfall, and only a few days experiencing light rain, indicating a predominantly dry period. 
 Relative humidity varied significantly, with values ranging from 28.84% to 92.69%, showing a trend of higher humidity levels during the latter part of the period. 
 Visibility was generally good, averaging around 15.0 km, with occasional reductions due to weather conditions. 
 Wind direction fluctuated, with notable shifts indicating changing weather patterns. 
 Wind velocity showed variability, with some days experiencing strong winds, particularly in the negative direction. 
 The sky cover varied from clear to overcast, with a predominance of scattered to broken clouds throughout the period.",n,"b: time range ""November 2020 to April 2021"" ends in spring; seasonal warming into April contradicts claimed cooling trend towards the end"
243,N3|594|swap,28_days,R2:\bindicat\w+\b;\bfrom\s+(?:a\s+)?(?:high|low)s?\b;\bto\s+(?:a\s+)?(?:high|low)s?\b,up,down,"The temperature ranged from a low of 18.05°C to a high of 35.69°C, with noticeable warming trends observed, particularly in the latter half of the period, indicating a shift towards hotter conditions.","The temperature ranged from a low of 18.05°C to a high of 35.69°C, with noticeable cooling trends observed, particularly in the latter half of the period, indicating a shift towards cooler conditions.","Weather time series location: Panola, Texas experienced a variety of weather conditions during this period. Time range: The past 28 days from May 26, 2023, to June 22, 2023. The weather is Clear, Cloudy, Rainy, Hot, Humid. The temperature ranged from a low of 18.05°C to a high of 35.69°C, with noticeable cooling trends observed, particularly in the latter half of the period, indicating a shift towards cooler conditions. 
 Precipitation was generally consistent, with most values around 3.09 mm, but there were significant outliers, including a peak of 22.45 mm, suggesting sporadic heavy rainfall events. 
 Relative humidity fluctuated significantly, ranging from 25.17% to 93.33%, with a trend towards higher humidity levels in the latter part of the period, indicating increased moisture in the air. 
 Visibility remained mostly stable, averaging around 16.09 km, with occasional drops to lower values, particularly during periods of precipitation. 
 Wind direction showed fluctuations, with values ranging from -3.07 m/s to 2.01 m/s, reflecting changes in wind patterns. 
 Wind velocity varied, with some periods of calm winds and others showing gusts up to 4.25 m/s, indicating variable wind conditions throughout the month. 
 Sky cover varied from clear skies (0) to overcast conditions (8), with a mix of clear and partly cloudy days dominating the period.",y,
244,N3|607|swap,week,R2:\bfrom\s+(?:a\s+)?(?:high|low)s?\b;\bto\s+(?:a\s+)?(?:high|low)s?\b;\bhigh\s+of\b,up,down,"The temperature ranged from a low of -5.0°C to a high of 13.3°C, with noticeable fluctuations and a general trend of increasing temperatures towards the end of the week.","The temperature ranged from a low of -5.0°C to a high of 13.3°C, with noticeable fluctuations and a general trend of decreasing temperatures towards the end of the week.","Weather time series location: The weather was reported for Berks, Pennsylvania. Time range: The past week from March 24 to March 30, 2022. The weather is Cold, Cloudy, Rainy, Windy. The temperature ranged from a low of -5.0°C to a high of 13.3°C, with noticeable fluctuations and a general trend of decreasing temperatures towards the end of the week. 
 Precipitation was significant on March 24 and 25, with a peak of 3.46 mm, followed by several days of little to no rain. 
 Relative humidity varied widely, starting high at around 90% and dropping to as low as 25%, indicating a trend towards drier conditions later in the week. 
 Visibility was generally good, with occasional reductions due to weather conditions, particularly on March 24. 
 Wind direction showed variability, with notable shifts throughout the week, particularly on March 25 and 26. 
 Wind velocity varied, with some periods of calm and others with gusts reaching up to 10.8 m/s. 
 The sky cover was predominantly overcast, with some periods of clearer skies, especially towards the end of the week.",y,
245,N3|617|swap,28_days,R2:\bfrom\s+(?:a\s+)?(?:high|low)s?\b;\bto\s+(?:a\s+)?(?:high|low)s?\b;\bhigh\s+of\b,down,up,"The temperature ranged from a low of 2.88°C to a high of 31.44°C, showing a noticeable fluctuation with some warm days followed by cooler temperatures, particularly towards the end of the period.","The temperature ranged from a low of 2.88°C to a high of 31.44°C, showing a noticeable fluctuation with some warm days followed by hotter temperatures, particularly towards the end of the period.","Weather time series location: The weather data is from Clay, Nebraska. Time range: The past 28 days from September 13, 2020, to October 10, 2020. The weather is Clear, Hot, Dry. The temperature ranged from a low of 2.88°C to a high of 31.44°C, showing a noticeable fluctuation with some warm days followed by hotter temperatures, particularly towards the end of the period. 
 There was no recorded precipitation throughout the entire 28 days, indicating a dry spell. 
 Relative humidity values varied significantly, with a high of 92.29% and a low of 14.6%, suggesting periods of both humid and dry conditions. 
 Visibility remained generally good, with values mostly between 10 and 16 km, indicating clear conditions. 
 Wind direction showed variability with both positive and negative values, indicating shifts in wind patterns throughout the month. 
 Wind velocities varied, with some strong gusts recorded, particularly towards the end of the period, with maximum values reaching up to 8.91 m/s. 
 The sky cover predominantly indicated clear conditions, with occasional scattered clouds, particularly towards the end of the period.",y,
246,N3|624|swap,28_days,R2:\bfrom\s+(?:a\s+)?(?:high|low)s?\b;\bto\s+(?:a\s+)?(?:high|low)s?\b;\bhigh\s+of\b,up,down,"The temperature ranged from a low of 6.78°C to a high of 29.46°C, with noticeable fluctuations and a general warming trend towards the end of the period.","The temperature ranged from a low of 6.78°C to a high of 29.46°C, with noticeable fluctuations and a general cooling trend towards the end of the period.","Weather time series location: Chester, Pennsylvania experienced a variety of weather conditions during this period. Time range: The past 28 days from May 6, 2020, to June 2, 2020. The weather is Clear, Cloudy, Rainy, Humid, Windy. The temperature ranged from a low of 6.78°C to a high of 29.46°C, with noticeable fluctuations and a general cooling trend towards the end of the period. 
 Precipitation was minimal for most days, with significant rainfall occurring on a few occasions, particularly towards the end of the period, where totals reached up to 5.68 mm. 
 Relative humidity levels varied significantly, ranging from 23.2% to 100%, with a trend of higher humidity observed during the latter part of the period. 
 Visibility remained generally high, averaging around 15 km, with occasional reductions due to weather conditions. 
 Wind direction fluctuated, with notable shifts in speed, particularly during stormy weather events. 
 Wind velocity showed variability, with gusts reaching up to 7.07 m/s, indicating periods of breezy conditions. 
 The sky cover varied from clear to overcast, with several days experiencing broken clouds and overcast conditions.",y,
247,N3|62|swap,28_days,R2:\bfrom\s+(?:a\s+)?(?:high|low)s?\b;\bto\s+(?:a\s+)?(?:high|low)s?\b;\bhigh\s+of\b,down,up,"The temperature ranged from a low of -3.12°C to a high of 20.45°C, with noticeable fluctuations and a general trend of colder temperatures towards the end of the period.","The temperature ranged from a low of -3.12°C to a high of 20.45°C, with noticeable fluctuations and a general trend of warmer temperatures towards the end of the period.","Weather time series location: The weather data is for Pike, Kentucky. Time range: The past 28 days from December 4, 2021, to December 28, 2021. The weather is Clear, Cold, Humid, Windy. The temperature ranged from a low of -3.12°C to a high of 20.45°C, with noticeable fluctuations and a general trend of warmer temperatures towards the end of the period. 
 There was no recorded precipitation throughout the entire 28 days. 
 Relative humidity values varied significantly, with a minimum of 17.42% and a maximum of 100%, indicating periods of high humidity, especially towards the end of the period. 
 Visibility remained consistently high at 14.58 km throughout the reporting period. 
 Wind direction also fluctuated, with values ranging from -2.75 m/s to 4.84 m/s. 
 Wind velocity showed variability, with values ranging from -3.41 m/s to 5.79 m/s, indicating some windy conditions. 
 The sky was consistently clear with no cloud cover reported.",y,
248,N3|637|swap,week,R2:\bfrom\s+(?:a\s+)?(?:high|low)s?\b;\bto\s+(?:a\s+)?(?:high|low)s?\b;\bhigh\s+of\b,up,down,"The temperature ranged from a low of -1.5°C to a high of 19.3°C, showing a noticeable warming trend towards the end of the week, with some volatility and a few outliers below freezing.","The temperature ranged from a low of -1.5°C to a high of 19.3°C, showing a noticeable cooling trend towards the end of the week, with some volatility and a few outliers below freezing.","Weather time series location: The weather was reported for Christian, Kentucky. Time range: The past week from January 4 to January 10, 2020. The weather is Clear, Cloudy, Rainy, Humid, Windy. The temperature ranged from a low of -1.5°C to a high of 19.3°C, showing a noticeable cooling trend towards the end of the week, with some volatility and a few outliers below freezing. 
 Precipitation was minimal, with consistent light rain recorded on several days, peaking at 2.8 mm on January 10. 
 Relative humidity fluctuated significantly, starting at 100% and dropping to a low of 23%, indicating a transition from very humid conditions to drier air as the week progressed. 
 Visibility remained generally high, mostly around 16 km, with slight reductions on a few occasions. 
 Wind direction showed variability, with speeds ranging from -4.75 m/s to 7.58 m/s, suggesting changing wind patterns throughout the week. 
 Wind velocity varied, with some gusts reaching up to 8.67 m/s, indicating periods of breezy conditions. 
 The sky cover ranged from clear to overcast, with significant periods of overcast conditions early in the week and clearer skies towards the end.",y,
249,N3|639|swap,28_days,R2:\bfrom\s+(?:a\s+)?(?:high|low)s?\b;\bto\s+(?:a\s+)?(?:high|low)s?\b;\bhigh\s+of\b,up,down,"The temperature ranged from a low of 10.82°C to a high of 29.45°C, with noticeable fluctuations and a general warming trend observed towards the end of the period.","The temperature ranged from a low of 10.82°C to a high of 29.45°C, with noticeable fluctuations and a general cooling trend observed towards the end of the period.","Weather time series location: Washington, Colorado experienced varied weather conditions over the reporting period. Time range: The past 28 days from May 24, 2023, to June 20, 2023. The weather is Clear, Cloudy, Rainy, Humid, Warm. The temperature ranged from a low of 10.82°C to a high of 29.45°C, with noticeable fluctuations and a general cooling trend observed towards the end of the period. 
 Precipitation was minimal, with several days recording no rainfall, but notable spikes occurred with a maximum of 5.6 mm on May 26, indicating sporadic rain events. 
 Relative humidity levels varied significantly, peaking at 97.94% and dropping to a low of 28.0%, showing a trend of higher humidity in the early part of the period and lower levels towards the end. 
 Visibility remained generally high, with occasional reductions due to weather conditions, particularly during rain events. 
 Wind direction varied significantly, with notable shifts observed, particularly during storm events. 
 Wind velocities fluctuated, with a maximum recorded value of 9.57 m/s, indicating variable wind conditions throughout the period. 
 Sky cover ranged from clear to overcast, with a mix of clear and cloudy days, indicating a generally variable sky condition.",y,
250,N3|653|swap,28_days,R2:\bfrom\s+(?:a\s+)?(?:high|low)s?\b;\bto\s+(?:a\s+)?(?:high|low)s?\b;\bhigh\s+of\b,up,down,"The temperature ranged from a low of 16.15°C to a high of 34.02°C, with noticeable fluctuations and a general warming trend towards the end of the period.","The temperature ranged from a low of 16.15°C to a high of 34.02°C, with noticeable fluctuations and a general cooling trend towards the end of the period.","Weather time series location: Bucks, Pennsylvania. Time range: The past 28 days from July 1 to July 28, 2021. The weather is Clear, Cloudy, Rainy, Hot, Humid. The temperature ranged from a low of 16.15°C to a high of 34.02°C, with noticeable fluctuations and a general cooling trend towards the end of the period. 
 Precipitation was sporadic, with significant rainfall events on July 4 (16.44 mm) and July 13 (11.44 mm), while many days recorded no precipitation at all. 
 Relative humidity varied significantly, with a high of 95% and a low of 35%, showing a trend of decreasing humidity during warmer days. 
 Visibility remained mostly high, averaging around 16.09 km, with occasional drops due to weather conditions. 
 Wind direction showed variability, with values ranging from -1.61 to 4.58 m/s. 
 Wind velocity ranged from -4.53 to 4.58 m/s, indicating variable wind conditions throughout the period. 
 Sky cover varied from clear to overcast, with several days experiencing significant cloud cover.",y,
251,N3|681|swap,28_days,R2:\bindicat\w+\b;\bfrom\s+(?:a\s+)?(?:high|low)s?\b;\bto\s+(?:a\s+)?(?:high|low)s?\b,up,down,"The temperature ranged from a low of 6.7°C to a high of 32.35°C, with noticeable warming trends towards the end of the period, indicating a shift to warmer conditions.","The temperature ranged from a low of 6.7°C to a high of 32.35°C, with noticeable cooling trends towards the end of the period, indicating a shift to colder conditions.","Weather time series location: The weather data is from Campbell County, Virginia. Time range: The past 28 days from May 15 to June 11, 2021. The weather is Clear, Cloudy, Rainy, Humid, Windy. The temperature ranged from a low of 6.7°C to a high of 32.35°C, with noticeable cooling trends towards the end of the period, indicating a shift to colder conditions. 
 Precipitation was minimal for most of the period, with a few significant events, including a peak of 16.38 mm, suggesting sporadic rainfall. 
 Relative humidity fluctuated significantly, averaging around 70%, with peaks above 90% during certain periods, indicating a generally humid atmosphere. 
 Visibility remained mostly clear, with occasional reductions due to weather conditions, particularly during rainy periods. 
 Wind direction showed variability, with some notable shifts, including gusts from the north and south. 
 Wind velocity varied, with some strong gusts reaching up to 4.92 m/s, indicating periods of windy conditions. 
 Sky cover ranged from clear to overcast, with a mix of clear and scattered clouds dominating the period.",y,
252,N3|685|swap,28_days,R2:\bfrom\s+(?:a\s+)?(?:high|low)s?\b;\bto\s+(?:a\s+)?(?:high|low)s?\b;\bhigh\s+of\b,up,down,"The temperature ranged from a low of -3.31°C to a high of 20.66°C, with noticeable fluctuations and a general warming trend towards the end of the period.","The temperature ranged from a low of -3.31°C to a high of 20.66°C, with noticeable fluctuations and a general cooling trend towards the end of the period.","Weather time series location: The weather was reported for Carroll County, Mississippi. Time range: The past 28 days have shown a variety of weather conditions. The weather is Cloudy, Rainy, Humid, Windy. The temperature ranged from a low of -3.31°C to a high of 20.66°C, with noticeable fluctuations and a general cooling trend towards the end of the period. 
 Precipitation was sporadic, with significant rainfall events occurring on several days, particularly with peaks of 4.0 mm and 4.82 mm, while many days recorded little to no precipitation. 
 Relative humidity levels varied widely, from a low of 29.0% to a high of 97.11%, indicating a generally humid environment, especially during the rainy periods. 
 Visibility was generally good, with many readings above 10 km, but some lower values were recorded during foggy conditions. 
 Wind direction showed variability, with notable shifts throughout the period, including some strong gusts. 
 Wind velocities varied, with some periods experiencing strong winds, particularly with values reaching up to 6.94 m/s. 
 The sky cover predominantly ranged from clear to overcast, with several days experiencing significant cloud cover.",y,
253,N3|695|swap,28_days,R2:\bfrom\s+(?:a\s+)?(?:high|low)s?\b;\bto\s+(?:a\s+)?(?:high|low)s?\b;\bhigh\s+of\b,up,down,"The temperature ranged from a low of 9.3°C to a high of 25.42°C, with noticeable fluctuations and a general warming trend towards the end of the period.","The temperature ranged from a low of 9.3°C to a high of 25.42°C, with noticeable fluctuations and a general cooling trend towards the end of the period.","Weather time series location: The weather data pertains to Los Angeles County, California. Time range: The past 28 days from May 10 to June 6, 2019. The weather is Clear, Cloudy, Humid, Windy. The temperature ranged from a low of 9.3°C to a high of 25.42°C, with noticeable fluctuations and a general cooling trend towards the end of the period. 
 Precipitation was minimal, with several days recording no rainfall and a few instances of light rain, the highest being 0.94 mm. 
 Relative humidity varied significantly, with values ranging from 32.25% to 94.25%, showing a trend of higher humidity during the early mornings and lower during the afternoons. 
 Visibility generally remained high, mostly around 16.09 km, with occasional drops to lower values due to weather conditions. 
 Wind direction showed variability with values ranging from -3.99 m/s to 4.49 m/s, suggesting changing wind patterns throughout the period. 
 Wind velocity ranged from -5.45 m/s to 5.31 m/s, indicating variable wind conditions with some strong gusts. 
 Sky cover varied, with a mix of clear to overcast conditions, predominantly featuring clear skies (0/8) and scattered clouds (4/8).",y,
254,N3|700|swap,28_days,R2:\bfrom\s+(?:a\s+)?(?:high|low)s?\b;\bto\s+(?:a\s+)?(?:high|low)s?\b;\bhigh\s+of\b,up,down,"The temperature ranged from a low of 13.18°C to a high of 32.38°C, with noticeable fluctuations and a general warming trend observed towards the end of the period.","The temperature ranged from a low of 13.18°C to a high of 32.38°C, with noticeable fluctuations and a general cooling trend observed towards the end of the period.","Weather time series location: Trempealeau, Wisconsin experienced a variety of weather conditions over the reporting period. Time range: The past 28 days from August 12, 2021, to September 8, 2021. The weather is Clear, Cloudy, Rainy, Humid, Warm. The temperature ranged from a low of 13.18°C to a high of 32.38°C, with noticeable fluctuations and a general cooling trend observed towards the end of the period. 
 Precipitation was minimal for most of the period, with significant rainfall recorded on a few days, including a peak of 6.16 mm. 
 Relative humidity levels varied significantly, ranging from 35.0% to 93.23%, with a tendency for higher humidity during the early morning and late evening hours. 
 Visibility remained generally good, mostly around 16.09 km, with occasional reductions due to weather conditions. 
 Wind direction fluctuated, with notable shifts indicating changing weather patterns throughout the month. 
 Wind velocity showed variability, with some strong gusts recorded, particularly in the latter part of the period. 
 Sky cover varied from clear to overcast, with several days experiencing scattered to broken clouds.",y,
255,N3|703|swap,28_days,R2:\bindicat\w+\b;\bfrom\s+(?:a\s+)?(?:high|low)s?\b;\bto\s+(?:a\s+)?(?:high|low)s?\b,up,down,"The temperature ranged from a low of -9.72°C to a high of 17.48°C, with noticeable fluctuations and a general trend of increasing temperatures towards the end of the period, indicating a warming trend.","The temperature ranged from a low of -9.72°C to a high of 17.48°C, with noticeable fluctuations and a general trend of decreasing temperatures towards the end of the period, indicating a cooling trend.","Weather time series location: Washington, New York. Time range: The past 28 days from February 13 to March 12, 2023. The weather is Clear, Cloudy, Rainy, Windy, Humid. The temperature ranged from a low of -9.72°C to a high of 17.48°C, with noticeable fluctuations and a general trend of decreasing temperatures towards the end of the period, indicating a cooling trend. 
 Precipitation was minimal, with several days recording no rainfall, but notable peaks of 1.66mm and 1.1mm on specific days, suggesting sporadic light rain events. 
 Relative humidity varied significantly, with values ranging from 24.75% to 96.45%, showing a trend of higher humidity levels towards the end of the period, particularly during rainy days. 
 Visibility remained consistently high, mostly around 16.09 km, with occasional drops to lower values during periods of precipitation. 
 Wind speed also fluctuated, with values ranging from -3.43 m/s to 6.86 m/s, indicating periods of calm and windy conditions. 
 Wind velocity showed variability, with both positive and negative values indicating changing wind directions, with notable gusts reaching up to 6.86 m/s. 
 The sky cover varied from clear to overcast, with several days experiencing significant cloud cover, particularly during precipitation events.",y,
256,N3|724|swap,week,R2:\bfrom\s+(?:a\s+)?(?:high|low)s?\b;\bto\s+(?:a\s+)?(?:high|low)s?\b;\bhigh\s+of\b,up,down,"The temperature ranged from a low of 22.2°C to a high of 35.0°C, showing a noticeable warming trend during the week, particularly peaking mid-week, with some fluctuations in the latter part.","The temperature ranged from a low of 22.2°C to a high of 35.0°C, showing a noticeable cooling trend during the week, particularly peaking mid-week, with some fluctuations in the latter part.","Weather time series location: The weather was reported for Harrison, Mississippi. Time range: The past week from September 28 to October 4, 2019. The weather is Clear, Hot. The temperature ranged from a low of 22.2°C to a high of 35.0°C, showing a noticeable cooling trend during the week, particularly peaking mid-week, with some fluctuations in the latter part. 
 There was no recorded precipitation throughout the week, indicating dry conditions. 
 Relative humidity varied significantly, starting high at 88% and dropping to as low as 41%, with a general trend of decreasing humidity as the week progressed. 
 Visibility remained consistently high, mostly around 16.09 km, with occasional drops to 11.26 km. 
 Wind direction varied, with values predominantly negative, indicating a general southward flow, with occasional positive values suggesting shifts in wind direction. 
 Wind velocity showed variability, with values ranging from -5.02 to 6.77 m/s, indicating some gusty conditions at times. 
 The sky cover was mostly clear to partly cloudy, with a few instances of scattered clouds, peaking at a maximum coverage of 8/8.",y,
257,N3|729|swap,week,R2:\bfrom\s+(?:a\s+)?(?:high|low)s?\b;\bto\s+(?:a\s+)?(?:high|low)s?\b;\bhigh\s+of\b,up,down,"The temperature ranged from a low of -5.6°C to a high of 17.2°C, showing a noticeable warming trend towards the end of the week with some volatility, particularly in the early days.","The temperature ranged from a low of -5.6°C to a high of 17.2°C, showing a noticeable cooling trend towards the end of the week with some volatility, particularly in the early days.","Weather time series location: The weather was reported for Carbon County, Wyoming. Time range: The past week from April 29 to May 5, 2019. The weather is Clear, Cloudy, Rainy, Windy, Humid. The temperature ranged from a low of -5.6°C to a high of 17.2°C, showing a noticeable cooling trend towards the end of the week with some volatility, particularly in the early days. 
 Precipitation was minimal, with most hours recording no rain, but there were a few instances of light rain totaling up to 3.0 mm, primarily concentrated around April 30 and May 1. 
 Relative humidity fluctuated significantly, starting at 43% and peaking at 94%, indicating a trend towards increased humidity, especially during the rainy periods. 
 Visibility remained generally high, mostly around 16.09 km, with occasional reductions due to weather conditions. 
 Wind direction showed a consistent pattern with some variability, particularly with gusts from the northwest. 
 Wind velocity varied, with notable gusts reaching up to 10.15 m/s, particularly in the latter part of the week. 
 The sky cover ranged from clear to overcast, with several days experiencing mostly clear skies and some scattered clouds.",y,
258,N3|734|swap,28_days,R2:\bfrom\s+(?:a\s+)?(?:high|low)s?\b;\bto\s+(?:a\s+)?(?:high|low)s?\b;\bhigh\s+of\b,up,down,"The temperature ranged from a low of -11.05°C to a high of 18.19°C, with noticeable fluctuations and a general trend of increasing temperatures towards the end of the period.","The temperature ranged from a low of -11.05°C to a high of 18.19°C, with noticeable fluctuations and a general trend of decreasing temperatures towards the end of the period.","Weather time series location: The weather data is from Jackson, Kentucky. Time range: The past 28 days from January 16 to February 12, 2022. The weather is Cold, Clear, Cloudy. The temperature ranged from a low of -11.05°C to a high of 18.19°C, with noticeable fluctuations and a general trend of decreasing temperatures towards the end of the period. 
 There was no recorded precipitation throughout the entire 28 days. 
 Relative humidity values varied significantly, with a high of 100% on multiple occasions and a low of 22.5%, indicating periods of high moisture, especially during colder days. 
 Visibility remained generally high, mostly around 16.09 km, with occasional drops to lower values during specific times. 
 Wind direction fluctuated, with notable shifts in both positive and negative values, indicating changing wind patterns throughout the period. 
 Wind velocity showed variability, with some periods of calm winds and others with gusts reaching up to 6.27 m/s. 
 The sky cover varied, with many observations of overcast conditions, particularly during the early part of the period, transitioning to clearer skies towards the end.",y,
259,N3|73|swap,28_days,R2:\bfrom\s+(?:a\s+)?(?:high|low)s?\b;\bto\s+(?:a\s+)?(?:high|low)s?\b;\bhigh\s+of\b,down,up,"The temperature ranged from a low of 17.17°C to a high of 42.33°C, with noticeable fluctuations and a general trend of decreasing temperatures towards the end of the period.","The temperature ranged from a low of 17.17°C to a high of 42.33°C, with noticeable fluctuations and a general trend of increasing temperatures towards the end of the period.","Weather time series location: The weather data is from Maricopa, Arizona. Time range: The past 28 days from August 26, 2019, to September 22, 2019. The weather is Clear, Hot, Humid, Windy. The temperature ranged from a low of 17.17°C to a high of 42.33°C, with noticeable fluctuations and a general trend of increasing temperatures towards the end of the period. 
 Precipitation was consistently recorded at 15.9 mm for most of the period, with a few outliers of 29.5 mm and 2.3 mm. 
 Relative humidity values varied significantly, ranging from 10.92% to 76.17%, with a general trend of increasing humidity towards the latter part of the period. 
 Visibility remained mostly stable, averaging around 16.09 km, with occasional drops to lower values. 
 Wind velocity in the horizontal direction ranged from -7.08 to 4.57 m/s, indicating periods of both calm and windy conditions. 
 Wind velocity in the vertical direction showed variability, with values ranging from -3.58 to 4.88 m/s. 
 The sky cover was predominantly clear, with occasional scattered clouds, as indicated by the sky codes mostly being 0 (Clear) and some instances of 1 (Few) and 2 (Scattered).",y,
260,N3|743|swap,28_days,R2:\bfrom\s+(?:a\s+)?(?:high|low)s?\b;\bto\s+(?:a\s+)?(?:high|low)s?\b;\bhigh\s+of\b,up,down,"The temperature ranged from a low of -2.43°C to a high of 20.48°C, with noticeable fluctuations and a general warming trend towards the end of the period.","The temperature ranged from a low of -2.43°C to a high of 20.48°C, with noticeable fluctuations and a general cooling trend towards the end of the period.","Weather time series location: The weather data is for Dallas, Iowa. Time range: The past 28 days from March 4 to March 31, 2021. The weather is Clear, Cloudy, Windy, Humid. The temperature ranged from a low of -2.43°C to a high of 20.48°C, with noticeable fluctuations and a general cooling trend towards the end of the period. 
 Precipitation was consistently low, mostly around 0.34 mm, with occasional slight increases, indicating generally dry conditions. 
 Relative humidity varied significantly, peaking at 96.17% and dropping to 25.4%, showing a trend of higher humidity early in the period and lower values towards the end. 
 Visibility remained high throughout the period, mostly around 16.09 km, with occasional drops to lower values. 
 Wind direction showed variability, with some strong gusts from the northwest, particularly later in the period. 
 Wind velocity varied, with notable gusts reaching up to 11.25 m/s, indicating periods of windy conditions. 
 The sky cover fluctuated, with clear skies dominating early on, transitioning to more overcast conditions as the month progressed.",y,
261,N3|758|swap,28_days,R2:\bfrom\s+(?:a\s+)?(?:high|low)s?\b;\bto\s+(?:a\s+)?(?:high|low)s?\b;\bhigh\s+of\b,up,down,"The temperature ranged from a low of -4.04°C to a high of 22.90°C, with noticeable fluctuations and a general trend of warming towards the end of the period.","The temperature ranged from a low of -4.04°C to a high of 22.90°C, with noticeable fluctuations and a general trend of cooling towards the end of the period.","Weather time series location: Natchitoches, Louisiana. Time range: The past 28 days from December 25, 2020, to January 21, 2021. The weather is Clear, Cloudy, Rainy, Humid, Windy. The temperature ranged from a low of -4.04°C to a high of 22.90°C, with noticeable fluctuations and a general trend of cooling towards the end of the period. 
 Precipitation was relatively consistent, with several instances of higher amounts, including a peak of 5.47 mm, indicating sporadic rainy days. 
 Relative humidity varied significantly, with values ranging from 26.5% to 99.83%, showing a trend towards higher humidity levels, particularly in the latter part of the period. 
 Visibility remained generally high, averaging around 16.09 km, with occasional drops due to weather conditions. 
 Wind direction fluctuated, with notable shifts indicating changing weather patterns throughout the month. 
 Wind velocity showed variability, with some periods of calm and others with stronger gusts, particularly towards the end of the period. 
 Sky cover varied from clear to overcast, with a mix of clear and cloudy days, particularly more cloudy conditions towards the end of the period.",y,
262,N3|784|swap,week,R2:\bfrom\s+(?:a\s+)?(?:high|low)s?\b;\bto\s+(?:a\s+)?(?:high|low)s?\b;\bhigh\s+of\b,up,down,"The temperature ranged from a low of -0.3°C to a high of 24.4°C, showing a noticeable upward trend towards the end of the week, with some volatility and outliers in the lower range.","The temperature ranged from a low of -0.3°C to a high of 24.4°C, showing a noticeable downward trend towards the end of the week, with some volatility and outliers in the lower range.","Weather time series location: Suffolk city, Virginia experienced varied weather conditions. Time range: The past week from December 27, 2019, to January 2, 2020. The weather is Clear, Cloudy, Humid, Cold. The temperature ranged from a low of -0.3°C to a high of 24.4°C, showing a noticeable downward trend towards the end of the week, with some volatility and outliers in the lower range. 
 Precipitation was consistent at approximately 0.32 mm for most of the week, with minor fluctuations, indicating generally dry conditions. 
 Relative humidity started at 100% for several hours, then gradually decreased, with a minimum of 35.0% observed, showing a clear daily pattern of higher humidity in the early hours and lower during the day. 
 Visibility varied significantly, with lower values in the early hours and improving conditions during the day, reaching up to 16.09 km. 
 Wind direction showed fluctuations, with values ranging from -2.56 to 6.68 m/s, suggesting changing wind patterns. 
 Wind velocity ranged from -2.02 to 6.87 m/s, indicating variable wind conditions throughout the week. 
 The sky cover varied from clear to overcast, with a predominant overcast condition observed at times, particularly in the early part of the week.",y,
263,N3|788|swap,week,R2:\bfrom\s+(?:a\s+)?(?:high|low)s?\b;\bto\s+(?:a\s+)?(?:high|low)s?\b;\bhigh\s+of\b,up,down,"The temperature ranged from a low of 8.53°C to a high of 29.07°C, with noticeable fluctuations and a general warming trend observed towards the end of the week.","The temperature ranged from a low of 8.53°C to a high of 29.07°C, with noticeable fluctuations and a general cooling trend observed towards the end of the week.","Weather time series location: Natchitoches, Louisiana experienced varied weather conditions. Time range: The past week from September 28 to October 4, 2020. The weather is Rainy, Humid, Cloudy. The temperature ranged from a low of 8.53°C to a high of 29.07°C, with noticeable fluctuations and a general cooling trend observed towards the end of the week. 
 Precipitation was significant, with consistent values around 6.55 mm for most hours, indicating a generally rainy period with occasional spikes. 
 Relative humidity levels were high, starting at 98% and gradually decreasing to around 40%, showing a trend of decreasing humidity over the week. 
 Visibility remained mostly stable, averaging around 16.09 km, with minor fluctuations. 
 Wind direction showed variability, with values ranging from -3.11 to 3.89 m/s, suggesting changing wind patterns throughout the week. 
 Wind velocity ranged from -7.76 to 3.89 m/s, indicating variable wind conditions with some stronger gusts. 
 The sky cover varied, with most days experiencing overcast conditions, particularly at the beginning of the week, transitioning to clearer skies later on.",y,
264,N3|794|swap,28_days,R2:\bfrom\s+(?:a\s+)?(?:high|low)s?\b;\bto\s+(?:a\s+)?(?:high|low)s?\b;\bhigh\s+of\b,up,down,"The temperature ranged from a low of 3.71°C to a high of 28.98°C, showing a noticeable warming trend with increasing temperatures towards the end of the period, particularly in the last week.","The temperature ranged from a low of 3.71°C to a high of 28.98°C, showing a noticeable cooling trend with decreasing temperatures towards the end of the period, particularly in the last week.","Weather time series location: Greene, New York. Time range: The past 28 days from May 10, 2021, to June 6, 2021. The weather is Clear, Cloudy, Rainy, Humid, Warm. The temperature ranged from a low of 3.71°C to a high of 28.98°C, showing a noticeable cooling trend with decreasing temperatures towards the end of the period, particularly in the last week. 
 Precipitation was minimal for most of the period, with a few significant events, including a peak of 9.24 mm on one day, indicating sporadic rainfall. 
 Relative humidity varied significantly, with values ranging from 25.88% to 98.92%, showing a trend of higher humidity levels towards the end of the period, particularly during rainy days. 
 Visibility remained generally high, averaging around 15 km, with occasional drops due to weather conditions. 
 Wind direction varied, with both positive and negative values indicating shifts in wind patterns, peaking at 4.54 m/s. 
 Wind velocity fluctuated, with notable gusts reaching up to 5.81 m/s, indicating variable wind conditions throughout the period. 
 Sky cover ranged from clear to overcast, with a significant number of days experiencing scattered to broken clouds.",y,
265,N3|807|swap,28_days,"R2:\bindicat\w+\b;\bfrom\s+(?:a\s+)?(?:high|low)s?\b;\bto\s+(?:a\s+)?(?:high|low)s?\b | R3:decreasing humidity towards the end of the period, suggesting drier air as tempe",up,down,"The temperature ranged from a low of -1.5°C to a high of 29.58°C, with noticeable warming trends towards the end of the period, particularly in the last week, indicating a shift from cold to warmer conditions.","The temperature ranged from a low of -1.5°C to a high of 29.58°C, with noticeable cooling trends towards the end of the period, particularly in the last week, indicating a shift from cold to colder conditions.","Weather time series location: The weather data is from Polk, Iowa. Time range: The past 28 days from April 15, 2021, to May 12, 2021. The weather is Clear, Warm, Dry. The temperature ranged from a low of -1.5°C to a high of 29.58°C, with noticeable cooling trends towards the end of the period, particularly in the last week, indicating a shift from cold to colder conditions. 
 There was no recorded precipitation throughout the 28 days, indicating a dry spell. 
 Relative humidity values fluctuated between 19.0% and 94.17%, with a general trend of decreasing humidity towards the end of the period, suggesting drier air as temperatures increased. 
 Visibility remained consistently high, mostly around 16.09 km, with occasional drops to lower values, indicating generally clear conditions. 
 Wind direction showed variability, with some strong winds recorded, particularly in the latter part of the period. 
 Wind velocity varied, with notable gusts reaching up to 8.43 m/s, indicating periods of windy conditions. 
 The sky cover ranged from clear to overcast, with a significant portion of the period experiencing clear to partly cloudy conditions.",n,"b: surviving humidity line ""drier air as temperatures increased"" (towards the end) anchors old upward direction, contradicting claimed cooling"
266,N3|815|swap,six_months,R1:six_months_window | R2:\bindicat\w+\b;\bfrom\s+(?:a\s+)?(?:high|low)s?\b;\bto\s+(?:a\s+)?(?:high|low)s?\b,down,up,"The temperature ranged from a low of -14.86°C to a high of 25.65°C, with noticeable fluctuations and several outliers, particularly during the colder months, indicating significant volatility.","The temperature ranged from a low of -14.86°C to a high of 25.65°C, with noticeable fluctuations and several outliers, particularly during the warmer months, indicating significant volatility.","Weather time series location: The weather data is from Union, New Mexico. Time range: The past six months from October 2021 to April 2022. The weather is Clear, Windy, Cold. The temperature ranged from a low of -14.86°C to a high of 25.65°C, with noticeable fluctuations and several outliers, particularly during the warmer months, indicating significant volatility. 
 Precipitation was minimal, with most days recording no rainfall; only a few days showed slight amounts, suggesting a predominantly dry period. 
 Relative humidity varied significantly, with values ranging from 9.57% to 90.52%, indicating periods of both dry and humid conditions, with a general trend towards higher humidity in the colder months. 
 Visibility remained consistently high, mostly around 15.89 km, with occasional drops due to weather conditions. 
 Wind direction varied, with notable gusts recorded, contributing to the overall windy conditions at times. 
 Wind velocity showed variability, with some days experiencing strong winds, particularly during stormy conditions. 
 The sky cover was predominantly clear, with occasional scattered clouds, indicating mostly sunny weather.",n,"a: clause asserts no upward trend — only volatility/outliers ""particularly during the warmer months""; not a claim of the swapped direction"
267,N3|830|swap,28_days,R2:\bindicat\w+\b;\bfrom\s+(?:a\s+)?(?:high|low)s?\b;\bto\s+(?:a\s+)?(?:high|low)s?\b,down,up,"The temperature ranged from a low of -24.72°C to a high of 8.18°C, with a noticeable downward trend towards the end of the period, indicating a cold spell.","The temperature ranged from a low of -24.72°C to a high of 8.18°C, with a noticeable upward trend towards the end of the period, indicating a cold spell.","Weather time series location: Stutsman County, North Dakota. Time range: The past 28 days from December 8, 2018, to January 4, 2019. The weather is Cold, Clear, Cloudy, Windy. The temperature ranged from a low of -24.72°C to a high of 8.18°C, with a noticeable upward trend towards the end of the period, indicating a cold spell. 
 Precipitation was minimal, with most days recording no rainfall, and only a few instances of light precipitation (up to 0.11 mm). 
 Relative humidity fluctuated between 50.5% and 97.5%, showing a general trend of higher humidity levels, particularly during colder days. 
 Visibility was generally good, mostly around 16.09 km, with occasional drops to lower values due to fog or precipitation. 
 Wind direction showed variability, with some strong gusts from the north and northeast, contributing to the overall cold feel. 
 Wind velocity varied, with notable gusts reaching up to 7.79 m/s, indicating periods of windy conditions. 
 The sky cover predominantly ranged from clear to overcast, with several days experiencing mostly clear conditions and occasional overcast skies.",n,"a: leftover "", indicating a cold spell"" contradicts the new upward trend — claim incoherent"
268,N3|832|swap,28_days,R2:\bindicat\w+\b;\bfrom\s+(?:a\s+)?(?:high|low)s?\b;\bto\s+(?:a\s+)?(?:high|low)s?\b,up,down,"The temperature ranged from a low of approximately 15.83°C to a high of around 36.25°C, with noticeable warming trends towards the end of the period, indicating a shift to hotter conditions.","The temperature ranged from a low of approximately 15.83°C to a high of around 36.25°C, with noticeable cooling trends towards the end of the period, indicating a shift to cooler conditions.","Weather time series location: Gila, Arizona experienced a variety of weather conditions during this period. Time range: The past 28 days from June 24, 2021, to July 21, 2021. The weather is Clear, Hot, Dry. The temperature ranged from a low of approximately 15.83°C to a high of around 36.25°C, with noticeable cooling trends towards the end of the period, indicating a shift to cooler conditions. 
 There was no recorded precipitation throughout the entire 28 days, indicating a dry spell. 
 Relative humidity levels fluctuated significantly, starting high at around 78.33% and dropping to as low as 10.58%, with periodic increases suggesting some daily variability. 
 Visibility remained consistently high, mostly around 16.09 km, with minor fluctuations. 
 Wind speeds also showed variability, with some stronger gusts noted towards the latter part of the period. 
 Wind velocity varied, with both positive and negative values indicating changing wind directions, but generally remained mild. 
 The sky cover varied from clear to scattered clouds, with several days showing significant cloud cover, particularly towards the end of the period.",y,
269,N3|833|swap,28_days,R2:\bfrom\s+(?:a\s+)?(?:high|low)s?\b;\bto\s+(?:a\s+)?(?:high|low)s?\b;\bhigh\s+of\b,up,down,"The temperature ranged from a low of -2.91°C to a high of 26.18°C, with noticeable fluctuations and a general warming trend towards the end of the period.","The temperature ranged from a low of -2.91°C to a high of 26.18°C, with noticeable fluctuations and a general cooling trend towards the end of the period.","Weather time series location: Troup County, Georgia experienced a variety of weather conditions. Time range: The past 28 days from February 21 to March 20, 2021. The weather is Clear, Cloudy, Hot, Humid. The temperature ranged from a low of -2.91°C to a high of 26.18°C, with noticeable fluctuations and a general cooling trend towards the end of the period. 
 There was no recorded precipitation throughout the entire 28 days, indicating dry conditions. 
 Relative humidity varied significantly, with values ranging from 12.08% to 97.17%, showing a trend of higher humidity during the cooler parts of the day. 
 Visibility remained consistently high, mostly around 16.09 km, with occasional drops due to lower conditions. 
 Wind direction showed variability with both positive and negative values, suggesting shifts in wind patterns. 
 Wind velocity varied, with notable shifts including both positive and negative values, indicating changing wind patterns throughout the period. 
 The sky cover ranged from clear to overcast, with a mix of clear and cloudy conditions, particularly towards the end of the period.",y,
270,N3|843|swap,28_days,R2:\bfrom\s+(?:a\s+)?(?:high|low)s?\b;\bto\s+(?:a\s+)?(?:high|low)s?\b;\bhigh\s+of\b,down,up,"The temperature ranged from a low of -4.3°C to a high of 22.78°C, with noticeable fluctuations and a general trend of cooling towards the end of the period.","The temperature ranged from a low of -4.3°C to a high of 22.78°C, with noticeable fluctuations and a general trend of warming towards the end of the period.","Weather time series location: Lincoln County, Maine experienced a variety of weather conditions. Time range: The past 28 days from October 22 to November 18, 2022. The weather is Clear, Cloudy, Rainy, Cold, Humid, Windy. The temperature ranged from a low of -4.3°C to a high of 22.78°C, with noticeable fluctuations and a general trend of warming towards the end of the period. 
 Precipitation was minimal for most of the period, with significant rainfall occurring on a few days, particularly with peaks of 5.82 mm and 3.63 mm. 
 Relative humidity varied significantly, with values ranging from 25.0% to 97.15%, showing a trend of higher humidity during cooler periods and lower during warmer days. 
 Visibility was generally good, with many readings at 16.09 km, but decreased visibility was noted during periods of precipitation. 
 Wind direction showed variability, with both positive and negative values indicating shifts in wind patterns throughout the period. 
 Wind velocity varied, with some periods of calm winds and others reaching up to 5.8 m/s, indicating a mix of calm and breezy conditions. 
 The sky cover ranged from clear to overcast, with a predominance of clear to partly cloudy days, but also periods of overcast conditions.",y,
271,N3|855|swap,28_days,R2:\bfrom\s+(?:a\s+)?(?:high|low)s?\b;\bto\s+(?:a\s+)?(?:high|low)s?\b;\bhigh\s+of\b,down,up,"The temperature ranged from a low of -7.9°C to a high of 25.3°C, with noticeable fluctuations and a general cooling trend towards the end of the period.","The temperature ranged from a low of -7.9°C to a high of 25.3°C, with noticeable fluctuations and a general warming trend towards the end of the period.","Weather time series location: The weather data is for Licking County, Ohio. Time range: The past 28 days from October 27 to November 23, 2022. The weather is Clear, Cloudy, Rainy, Cold, Humid, Windy. The temperature ranged from a low of -7.9°C to a high of 25.3°C, with noticeable fluctuations and a general warming trend towards the end of the period. 
 Precipitation was minimal for most of the period, with a few notable spikes, including a peak of 4.06 mm on November 10. 
 Relative humidity varied significantly, with values ranging from 15.75% to 90.2%, showing a trend of higher humidity during the latter part of the period. 
 Visibility remained generally high, with occasional drops, particularly during periods of precipitation. 
 Wind direction fluctuated, with both positive and negative values indicating changing wind patterns throughout the month. 
 Wind velocity showed variability, with some significant gusts recorded, particularly towards the end of the period. 
 The sky cover varied from clear to overcast, with several days experiencing complete cloud cover.",y,
272,N3|865|swap,28_days,R2:\bfrom\s+(?:a\s+)?(?:high|low)s?\b;\bto\s+(?:a\s+)?(?:high|low)s?\b;\bhigh\s+of\b,up,down,"The temperature ranged from a low of -17.58°C to a high of 19.32°C, with noticeable fluctuations and a general warming trend towards the end of the period.","The temperature ranged from a low of -17.58°C to a high of 19.32°C, with noticeable fluctuations and a general cooling trend towards the end of the period.","Weather time series location: Tazewell, Virginia experienced varied weather conditions during this period. Time range: The past 28 days from January 15 to February 11, 2019. The weather is Cloudy, Rainy, Humid, Cold. The temperature ranged from a low of -17.58°C to a high of 19.32°C, with noticeable fluctuations and a general cooling trend towards the end of the period. 
 Precipitation was consistent, with several instances of significant rainfall, peaking at 2.05 mm, indicating a generally wet month. 
 Relative humidity levels were high, averaging around 80%, with peaks near 99%, suggesting a humid atmosphere throughout the period. 
 Visibility varied, often remaining high but dropping significantly during certain weather events, with a minimum of 0.37 km recorded. 
 Wind direction showed variability, with values ranging from -2.93 to 5.43 m/s, suggesting changing wind patterns. 
 Wind velocity ranged from -4.94 to 6.63 m/s, indicating variable wind conditions with some strong gusts. 
 The sky cover predominantly featured overcast conditions, with many instances of complete cloud cover (8/8).",y,
273,N3|870|swap,28_days,R2:\bindicat\w+\b;\bfrom\s+(?:a\s+)?(?:high|low)s?\b;\bto\s+(?:a\s+)?(?:high|low)s?\b,up,down,"The temperature ranged from a low of 11.0°C to a high of 41.92°C, with noticeable warming trends, particularly in the second half of the period, indicating a hot spell.","The temperature ranged from a low of 11.0°C to a high of 41.92°C, with noticeable cooling trends, particularly in the second half of the period, indicating a hot spell.","Weather time series location: Eddy County, New Mexico experienced varied weather conditions. Time range: The past 28 days from June 25 to July 22, 2020. The weather is Clear, Hot, Humid, Windy. The temperature ranged from a low of 11.0°C to a high of 41.92°C, with noticeable cooling trends, particularly in the second half of the period, indicating a hot spell. 
 Precipitation was consistently recorded at 2.38 mm, with a few outliers of 3.6 mm and 1.15 mm, suggesting stable but low rainfall throughout the period. 
 Relative humidity fluctuated significantly, with values ranging from 10.42% to 82.42%, showing a trend of decreasing humidity during hotter days and higher humidity during cooler nights. 
 Visibility remained stable at around 16.09 km, with minor fluctuations. 
 Wind direction showed variability, with notable gusts and shifts in direction throughout the period. 
 Wind velocity varied, with some peaks reaching up to 9.36 m/s, indicating periods of windy conditions. 
 The sky cover ranged from clear to partly cloudy, with a few instances of scattered clouds, indicating generally clear conditions.",n,"a: leftover "", indicating a hot spell"" contradicts the new cooling trends — claim incoherent"
274,N3|880|swap,28_days,R2:\bfrom\s+(?:a\s+)?(?:high|low)s?\b;\bto\s+(?:a\s+)?(?:high|low)s?\b;\bhigh\s+of\b,up,down,"The temperature ranged from a low of -2.72°C to a high of 21.1°C, with noticeable fluctuations and a general trend of increasing temperatures towards the end of the period.","The temperature ranged from a low of -2.72°C to a high of 21.1°C, with noticeable fluctuations and a general trend of decreasing temperatures towards the end of the period.","Weather time series location: Harrison, Texas. Time range: The past 28 days from December 24, 2018, to January 20, 2019. The weather is Clear, Cloudy, Rainy, Humid, Windy. The temperature ranged from a low of -2.72°C to a high of 21.1°C, with noticeable fluctuations and a general trend of decreasing temperatures towards the end of the period. 
 Precipitation was mostly consistent, with several instances of higher amounts, particularly notable on specific days with peaks reaching up to 6.04 mm. 
 Relative humidity varied significantly, with values ranging from 22.92% to 95.33%, showing a trend of higher humidity during the earlier part of the period and lower values towards the end. 
 Visibility remained generally high, mostly around 16.09 km, with occasional drops to lower values due to weather conditions. 
 Wind direction varied, with notable shifts and some stronger gusts recorded, particularly in the latter part of the period. 
 Wind velocity showed variability, with some periods of stronger winds reaching up to 6.53 m/s, particularly towards the end of the period. 
 The sky cover fluctuated between clear and overcast conditions, with a predominance of overcast skies in the latter part of the period.",y,
275,N3|886|swap,28_days,R2:\bfrom\s+(?:a\s+)?(?:high|low)s?\b;\bto\s+(?:a\s+)?(?:high|low)s?\b;\bhigh\s+of\b,up,down,"The temperature ranged from a low of -3.28°C to a high of 27.49°C, with noticeable fluctuations and a general warming trend towards the end of the period.","The temperature ranged from a low of -3.28°C to a high of 27.49°C, with noticeable fluctuations and a general cooling trend towards the end of the period.","Weather time series location: Harnett County, North Carolina. Time range: The past 28 days from February 17 to March 16, 2022. The weather is Clear, Cloudy, Rainy, Humid, Windy. The temperature ranged from a low of -3.28°C to a high of 27.49°C, with noticeable fluctuations and a general cooling trend towards the end of the period. 
 Precipitation was relatively consistent, with most days experiencing light rain, but notable spikes occurred with a maximum of 6.26 mm on one day. 
 Relative humidity varied significantly, with values ranging from 20.25% to 100%, indicating periods of both dry and very humid conditions, particularly during rain events. 
 Visibility generally remained high, averaging around 16.09 km, with occasional drops due to weather conditions. 
 Wind direction fluctuated, with notable shifts indicating changing weather patterns throughout the period. 
 Wind velocity showed variability, with some days experiencing stronger winds, particularly during stormy conditions. 
 Sky cover varied, with a mix of clear, few, and overcast conditions, indicating a mix of sunny and cloudy days.",y,
276,N3|888|swap,28_days,R2:\bfrom\s+(?:a\s+)?(?:high|low)s?\b;\bto\s+(?:a\s+)?(?:high|low)s?\b;\bhigh\s+of\b,up,down,"The temperature ranged from a low of 7.88°C to a high of 27.78°C, with noticeable fluctuations and a general warming trend towards the end of the period.","The temperature ranged from a low of 7.88°C to a high of 27.78°C, with noticeable fluctuations and a general cooling trend towards the end of the period.","Weather time series location: The weather data is from Broward County, Florida. Time range: The past 28 days have been from January 9 to February 5, 2019. The weather is Clear, Cloudy, Rainy, Humid, Windy. The temperature ranged from a low of 7.88°C to a high of 27.78°C, with noticeable fluctuations and a general cooling trend towards the end of the period. 
 Precipitation was minimal, with several days recording no rain, but notable spikes on January 13 (3.39 mm), January 20 (2.82 mm), and January 24 (4.22 mm). 
 Relative humidity varied significantly, peaking at 97.56% and dropping to a low of 21.0%, indicating a generally humid environment with some dry spells. 
 Visibility remained mostly stable, averaging around 16.09 km, with occasional drops to lower values due to weather conditions. 
 Wind direction fluctuated, with notable shifts indicating changing weather patterns throughout the month. 
 Wind velocity showed variability, with some strong gusts recorded, particularly negative values indicating wind from the south. 
 Sky cover varied from clear to overcast, with a mix of scattered and broken clouds, indicating a generally cloudy period with some clear days.",y,
277,N3|890|swap,28_days,R2:\bfrom\s+(?:a\s+)?(?:high|low)s?\b;\bto\s+(?:a\s+)?(?:high|low)s?\b;\bhigh\s+of\b,up,down,"The temperature ranged from a low of -5.0°C to a high of 22.25°C, with noticeable fluctuations and a general warming trend towards the end of the period.","The temperature ranged from a low of -5.0°C to a high of 22.25°C, with noticeable fluctuations and a general cooling trend towards the end of the period.","Weather time series location: The weather data is for Obion, Tennessee. Time range: The past 28 days from January 21 to February 17, 2023. The weather is Clear, Cloudy, Rainy, Windy, Humid. The temperature ranged from a low of -5.0°C to a high of 22.25°C, with noticeable fluctuations and a general cooling trend towards the end of the period. 
 Precipitation was mostly consistent, with several instances of light rain, peaking at 4.0 mm on one day, indicating sporadic rainy conditions. 
 Relative humidity varied significantly, with values ranging from 27.33% to 100%, showing high humidity levels particularly during rainy days. 
 Visibility generally remained high, averaging around 15 km, with occasional drops due to weather conditions. 
 Wind direction fluctuated, with notable shifts indicating changing weather patterns, including periods of calm and stronger winds. 
 Wind velocity showed variability, with some strong gusts reaching up to 9.01 m/s, particularly during stormy conditions. 
 The sky cover varied from clear to overcast, with several days experiencing significant cloud cover.",y,
278,N3|893|swap,week,R2:\bfrom\s+(?:a\s+)?(?:high|low)s?\b;\bto\s+(?:a\s+)?(?:high|low)s?\b;\bhigh\s+of\b,up,down,"The temperature ranged from a low of 1.1°C to a high of 26.1°C, showing a noticeable warming trend towards the end of the week, with some volatility and outliers in the lower temperatures.","The temperature ranged from a low of 1.1°C to a high of 26.1°C, showing a noticeable cooling trend towards the end of the week, with some volatility and outliers in the lower temperatures.","Weather time series location: The weather was reported for Leon, Florida. Time range: The past week from February 12 to February 18, 2023. The weather is Clear, Cloudy, Humid, Windy. The temperature ranged from a low of 1.1°C to a high of 26.1°C, showing a noticeable cooling trend towards the end of the week, with some volatility and outliers in the lower temperatures. 
 Precipitation was minimal, with only a few instances of light rain, totaling 3.32 mm, indicating generally dry conditions. 
 Relative humidity fluctuated significantly, starting high at around 94% and dropping to as low as 21%, with a general trend of decreasing humidity over the week. 
 Visibility remained mostly stable, averaging around 16.09 km, with occasional drops due to weather conditions. 
 Wind direction showed variability, with both positive and negative values indicating shifts in wind patterns throughout the week. 
 Wind velocity varied, with some negative values indicating gusty conditions, particularly towards the middle of the week. 
 The sky cover ranged from clear to overcast, with a mix of clear and cloudy conditions, peaking at overcast on several occasions.",y,
279,N3|903|swap,28_days,R2:\bfrom\s+(?:a\s+)?(?:high|low)s?\b;\bto\s+(?:a\s+)?(?:high|low)s?\b;\bhigh\s+of\b,down,up,"The temperature ranged from a low of 3.86°C to a high of 26.36°C, with noticeable fluctuations and a general trend of cooling towards the end of the period.","The temperature ranged from a low of 3.86°C to a high of 26.36°C, with noticeable fluctuations and a general trend of warming towards the end of the period.","Weather time series location: The weather data is for DuPage County, Illinois. Time range: The past 28 days from September 12, 2020, to October 9, 2020. The weather is Clear, Cloudy, Humid, Cold. The temperature ranged from a low of 3.86°C to a high of 26.36°C, with noticeable fluctuations and a general trend of warming towards the end of the period. 
 Precipitation was minimal, with several days recording no rain and a few days experiencing light rainfall, peaking at 1.4 mm. 
 Relative humidity varied significantly, ranging from 28.0% to 89.44%, with a tendency towards higher humidity levels in the earlier part of the period. 
 Visibility remained consistently high, mostly above 15 km, with occasional dips. 
 Wind direction fluctuated, with some notable gusts, particularly towards the end of the period. 
 Wind velocity showed variability, with some periods of calm and others with stronger winds, peaking at 8.26 m/s. 
 Sky cover varied from clear to overcast, with a mix of clear and cloudy days throughout the month.",y,
280,N3|907|swap,28_days,R2:\bfrom\s+(?:a\s+)?(?:high|low)s?\b;\bto\s+(?:a\s+)?(?:high|low)s?\b;\bhigh\s+of\b,up,down,"The temperature ranged from a low of -5.68°C to a high of 25.9°C, with noticeable fluctuations and a general warming trend towards the end of the period.","The temperature ranged from a low of -5.68°C to a high of 25.9°C, with noticeable fluctuations and a general cooling trend towards the end of the period.","Weather time series location: Wayne, Iowa experienced a variety of weather conditions. Time range: The past 28 days from March 26 to April 22, 2021. The weather is Clear, Cloudy, Rainy, Windy, Humid, Cold, Hot. The temperature ranged from a low of -5.68°C to a high of 25.9°C, with noticeable fluctuations and a general cooling trend towards the end of the period. 
 Precipitation was minimal for most of the period, with significant rainfall occurring on a few days, particularly with peaks of 2.02 mm and 2.38 mm. 
 Relative humidity varied significantly, with values ranging from 22.0% to 94.57%, indicating periods of both dry and humid conditions. 
 Visibility remained generally high, mostly around 15 km, with occasional reductions due to weather conditions. 
 Wind direction showed variability, with both positive and negative values indicating shifts in wind patterns throughout the month. 
 Wind velocity varied, with notable gusts recorded, particularly in the latter half of the period. 
 The sky cover fluctuated between clear and overcast conditions, with a mix of clear, few, and scattered clouds observed.",y,
281,N3|913|swap,28_days,R2:\bfrom\s+(?:a\s+)?(?:high|low)s?\b;\bto\s+(?:a\s+)?(?:high|low)s?\b;\bhigh\s+of\b,down,up,"The temperature ranged from a low of 12.76°C to a high of 28.54°C, with noticeable fluctuations and a general trend of cooler temperatures towards the end of the period.","The temperature ranged from a low of 12.76°C to a high of 28.54°C, with noticeable fluctuations and a general trend of hotter temperatures towards the end of the period.","Weather time series location: Palm Beach, Florida experienced a variety of weather conditions. Time range: The past 28 days from November 11 to December 8, 2021. The weather is Clear, Cloudy, Rainy, Humid, Windy. The temperature ranged from a low of 12.76°C to a high of 28.54°C, with noticeable fluctuations and a general trend of hotter temperatures towards the end of the period. 
 There were sporadic instances of precipitation, with a total of 19.66 mm recorded, including a significant outlier of 13.36 mm on November 19. 
 Relative humidity levels varied significantly, ranging from 38.6% to 100%, with a tendency for higher humidity during the cooler parts of the day. 
 Visibility remained generally high, mostly around 15.97 km, with occasional drops due to weather conditions. 
 Wind direction varied, with values ranging from -8.87 m/s to 5.4 m/s, showing a mix of easterly and westerly winds. 
 Wind velocities fluctuated, with notable gusts reaching up to -7.92 m/s, indicating periods of stronger winds. 
 The sky cover varied from clear to overcast, with a predominant coverage of broken clouds (6/8) throughout the period.",y,
282,N3|917|swap,week,R2:\bfrom\s+(?:a\s+)?(?:high|low)s?\b;\bto\s+(?:a\s+)?(?:high|low)s?\b;\bhigh\s+of\b,up,down,"The temperature fluctuated significantly, ranging from a low of -4.33°C to a high of 17.0°C, with a noticeable upward trend towards the end of the period.","The temperature fluctuated significantly, ranging from a low of -4.33°C to a high of 17.0°C, with a noticeable downward trend towards the end of the period.","Weather time series location: The weather was reported for Greenbrier, West Virginia. Time range: The past seven days have been from December 24 to December 30, 2019. The weather is Cold, Clear, Humid. The temperature fluctuated significantly, ranging from a low of -4.33°C to a high of 17.0°C, with a noticeable downward trend towards the end of the period. 
 There was no recorded precipitation throughout the week. 
 Relative humidity remained high, mostly between 99% and 100% at the beginning of the week, gradually decreasing to around 31% by the end, indicating a trend towards drier conditions. 
 Visibility varied, with lower values observed during the early part of the week, improving significantly later on. 
 Wind direction was predominantly stable, with occasional shifts, particularly noted during the latter part of the week. 
 Wind velocity showed minor fluctuations, with some periods of calm and others with stronger winds, particularly towards the end of the week. 
 The sky cover varied from overcast conditions at the beginning of the week to clearer skies towards the end, with a mix of few to scattered clouds.",y,
283,N3|952|swap,week,"R2:\bfrom\s+(?:a\s+)?(?:high|low)s?\b;\bto\s+(?:a\s+)?(?:high|low)s?\b;\bhigh\s+of\b | R3:dropping to as low as 12%, with a general trend of decreasing humidity as temper",up,down,"The temperature ranged from a low of 8.9°C to a high of 25.6°C, showing a noticeable warming trend towards the end of the week, with daily fluctuations typical for this time of year.","The temperature ranged from a low of 8.9°C to a high of 25.6°C, showing a noticeable cooling trend towards the end of the week, with daily fluctuations typical for this time of year.","Weather time series location: Los Angeles County, California. Time range: The past week from November 16 to November 22, 2023. The weather is Clear, Warm, Dry. The temperature ranged from a low of 8.9°C to a high of 25.6°C, showing a noticeable cooling trend towards the end of the week, with daily fluctuations typical for this time of year. 
 There was minimal precipitation, with only a few instances recorded, totaling 0.98 mm, indicating a predominantly dry week. 
 Relative humidity varied significantly, peaking at 97% and dropping to as low as 12%, with a general trend of decreasing humidity as temperatures rose. 
 Visibility remained high throughout the week, mostly around 16.09 km, with occasional drops to 8.05 km during specific hours. 
 Wind direction fluctuated, with some periods of calm and others with gusts exceeding 5 m/s, indicating a mix of conditions. 
 Wind velocity showed variability, with notable gusts reaching up to 6.67 m/s, particularly in the latter part of the week. 
 The sky cover ranged from clear to overcast, with significant periods of clear skies (0/8) and scattered clouds (4/8) observed.",n,"b: surviving humidity line ""decreasing humidity as temperatures rose"" (period-level, peaking→dropping over week) anchors old upward direction"
284,N3|957|swap,28_days,R2:\bfrom\s+(?:a\s+)?(?:high|low)s?\b;\bto\s+(?:a\s+)?(?:high|low)s?\b;\bhigh\s+of\b,up,down,"The temperature ranged from a low of -20.83°C to a high of 13.58°C, with noticeable fluctuations and an overall trend of gradual warming towards the end of the period.","The temperature ranged from a low of -20.83°C to a high of 13.58°C, with noticeable fluctuations and an overall trend of gradual cooling towards the end of the period.","Weather time series location: St. Louis County, Minnesota experienced a variety of weather conditions. Time range: The past 28 days from February 21 to March 20, 2021. The weather is Cold, Clear, Cloudy, Windy. The temperature ranged from a low of -20.83°C to a high of 13.58°C, with noticeable fluctuations and an overall trend of gradual cooling towards the end of the period. 
 There was no recorded precipitation throughout the 28 days, indicating dry conditions. 
 Relative humidity varied significantly, with values ranging from 24.33% to 95.33%, showing a trend of higher humidity levels in the earlier part of the period and lower levels towards the end. 
 Visibility remained generally high, mostly around 16.09 km, with occasional drops to lower values, particularly during the latter part of the period. 
 Wind direction showed variability, with some shifts towards stronger winds, particularly in the latter part of the period. 
 Wind velocity varied, with notable gusts reaching up to 7.74 m/s, indicating periods of windy conditions. 
 The sky cover fluctuated between clear and overcast conditions, with a predominance of overcast skies during the earlier days and clearer conditions towards the end.",y,
285,N3|963|swap,28_days,R2:\bfrom\s+(?:a\s+)?(?:high|low)s?\b;\bto\s+(?:a\s+)?(?:high|low)s?\b;\bhigh\s+of\b,up,down,"The temperature has shown significant volatility, ranging from a low of -12.0°C to a high of 28.0°C, with noticeable warming trends towards the end of the period.","The temperature has shown significant volatility, ranging from a low of -12.0°C to a high of 28.0°C, with noticeable cooling trends towards the end of the period.","Weather time series location: The weather data pertains to Cottonwood County, Minnesota. Time range: The past 28 days have been from April 6, 2020, to May 3, 2020. The weather is Clear, Cloudy, Humid, Cold, Hot. The temperature has shown significant volatility, ranging from a low of -12.0°C to a high of 28.0°C, with noticeable cooling trends towards the end of the period. 
 Precipitation levels have been relatively consistent, with most readings around 0.28 mm, indicating minimal rainfall throughout the month. 
 Relative humidity has varied widely, with values ranging from 17.53% to 94.58%, showing a trend towards higher humidity levels in the latter part of the period. 
 Visibility has generally remained high, averaging around 15.5 km, with occasional drops due to weather conditions. 
 Wind direction has shown variability, with both positive and negative values, indicating changing wind patterns throughout the month. 
 Wind velocity has fluctuated, with notable negative values indicating gusty conditions at times, particularly in the earlier part of the period. 
 The sky cover has varied from clear to overcast conditions, with a mix of clear and partly cloudy days dominating the period.",y,
286,N3|968|swap,28_days,R2:\bfrom\s+(?:a\s+)?(?:high|low)s?\b;\bto\s+(?:a\s+)?(?:high|low)s?\b;\bhigh\s+of\b,up,down,"The temperature ranged from a low of 13.3°C to a high of 36.16°C, with noticeable fluctuations and a general warming trend towards the end of the period.","The temperature ranged from a low of 13.3°C to a high of 36.16°C, with noticeable fluctuations and a general cooling trend towards the end of the period.","Weather time series location: Natchitoches, Louisiana. Time range: The past 28 days from August 29, 2022, to September 25, 2022. The weather is Clear, Cloudy, Rainy, Humid, Warm. The temperature ranged from a low of 13.3°C to a high of 36.16°C, with noticeable fluctuations and a general cooling trend towards the end of the period. 
 Precipitation was predominantly consistent, with frequent occurrences of 2.38 mm, and a significant outlier of 11.0 mm observed on one occasion. 
 Relative humidity levels varied significantly, with a high of 100% and a low of 35.92%, showing a trend of higher humidity in the earlier part of the period and lower values towards the end. 
 Visibility generally remained high, with most readings around 16.09 km, but there were instances of reduced visibility, particularly during periods of precipitation. 
 Wind directions fluctuated, with notable shifts between positive and negative values, indicating changing wind patterns throughout the period. 
 Wind velocities showed variability, with several instances of strong winds, particularly negative values indicating gusts. 
 Sky cover ranged from clear to overcast, with a mix of clear and scattered clouds dominating the period.",y,
287,N3|983|swap,28_days,R2:\bindicat\w+\b;\bpeak\w*\b;-?\d+(?:\.\d+)?\s*°C.*?-?\d+(?:\.\d+)?\s*°C,up,down,"The temperature fluctuated significantly, with lows reaching -4.03°C and highs peaking at 21.38°C, indicating a general warming trend towards the end of the period.","The temperature fluctuated significantly, with lows reaching -4.03°C and highs peaking at 21.38°C, indicating a general cooling trend towards the end of the period.","Weather time series location: Carroll County, Virginia experienced a variety of weather conditions. Time range: The past 28 days from February 26 to March 24, 2020. The weather is Clear, Cloudy, Rainy, Humid, Windy. The temperature fluctuated significantly, with lows reaching -4.03°C and highs peaking at 21.38°C, indicating a general cooling trend towards the end of the period. 
 Precipitation was consistent, with most days recording light rain, though there were notable spikes, including a peak of 2.47 mm on one occasion. 
 Relative humidity levels varied widely, ranging from a low of 17.67% to a high of 96.58%, with a noticeable trend of increasing humidity towards the end of the period. 
 Visibility remained generally good, mostly around 16.09 km, with occasional drops to lower values due to weather conditions. 
 Wind direction fluctuated, with notable shifts in both positive and negative values throughout the period. 
 Wind velocity showed variability, with some periods experiencing stronger winds, particularly with gusts reaching up to 9.52 km/h. 
 The sky cover varied from clear to overcast, with significant periods of cloudiness and some clear days interspersed.",y,
288,N3|998|swap,28_days,R2:\bfrom\s+(?:a\s+)?(?:high|low)s?\b;\bto\s+(?:a\s+)?(?:high|low)s?\b;\bhigh\s+of\b,up,down,"The temperature ranged from a low of -26.17°C to a high of 16.67°C, with noticeable fluctuations and a general warming trend towards the end of the period.","The temperature ranged from a low of -26.17°C to a high of 16.67°C, with noticeable fluctuations and a general cooling trend towards the end of the period.","Weather time series location: Franklin, Iowa experienced a variety of weather conditions during this period. Time range: The past 28 days from February 12 to March 10, 2020. The weather is Cold, Humid, Cloudy, Rainy, Windy. The temperature ranged from a low of -26.17°C to a high of 16.67°C, with noticeable fluctuations and a general cooling trend towards the end of the period. 
 Precipitation was consistent, with most days recording around 0.89 mm, but there were notable spikes on certain days, including a peak of 3.0 mm. 
 Relative humidity levels were generally high, averaging around 85%, with peaks at 100% on multiple occasions, indicating a humid environment. 
 Visibility varied significantly, with values mostly around 16.09 km, but dropping to as low as 0.23 km during certain periods. 
 Wind direction showed fluctuations, with values ranging from -5.84 m/s to 8.72 m/s, suggesting changing wind patterns. 
 Wind velocity ranged from -10.03 m/s to 10.36 m/s, indicating variable wind conditions throughout the month. 
 The sky cover varied from clear to overcast, with significant periods of cloudiness and some clear days interspersed.",y,
289,N3|999|swap,28_days,R2:\bfrom\s+(?:a\s+)?(?:high|low)s?\b;\bto\s+(?:a\s+)?(?:high|low)s?\b;\bhigh\s+of\b,up,down,"The temperature ranged from a low of -12.48°C to a high of 15.12°C, showing a general trend of increasing temperatures towards the end of the period, with notable fluctuations and a few outliers below -10°C.","The temperature ranged from a low of -12.48°C to a high of 15.12°C, showing a general trend of decreasing temperatures towards the end of the period, with notable fluctuations and a few outliers below -10°C.","Weather time series location: Lake County, Illinois. Time range: The past 28 days from December 7, 2019, to January 3, 2020. The weather is Cold, Cloudy, Humid, Rainy. The temperature ranged from a low of -12.48°C to a high of 15.12°C, showing a general trend of decreasing temperatures towards the end of the period, with notable fluctuations and a few outliers below -10°C. 
 Precipitation was minimal, with most days recording no rainfall, but there were a few instances of light rain, totaling a maximum of 1.92 mm on a single day. 
 Relative humidity varied significantly, with values ranging from 34.75% to 94.15%, indicating a generally humid environment, particularly in the earlier part of the period. 
 Visibility remained mostly good, averaging around 16.09 km, but dropped to as low as 1.34 km during periods of fog or precipitation. 
 Wind direction showed variability with speeds ranging from -4.89 m/s to 8.8 m/s, indicating a mix of calm and breezy conditions. 
 Wind velocity ranged from -4.96 m/s to 8.8 m/s, with variable directions contributing to overall wind conditions. 
 Sky cover was predominantly overcast, with many days experiencing full cloud cover, but there were also periods of clear skies.",y,
