reading_order,batch,sample_id,swap_from,swap_to,clause_replaced_to,caption_distractor,q1_grammatical,q2_asserts_swap_to,q3_not_still_true,notes
1,1,sushi:smooth\24\0000007,smooth,negative spike,"Equally important, the signal is characterised by intermittent negative spikes of considerable magnitude.","Like a triangular wave, the signal discloses a regular rhythm that is constantly echoed. Equally important, the signal is characterised by intermittent negative spikes of considerable magnitude.",y,y,y,
2,1,sushi:n_spike\11\0000003,negative spike,positive spike,Frequent positive spikes are found in the signal.,"The pathway follows the curve of a positive cubic function, initially escalating, then declining in the middle, and finally escalating once more. This results in a mirrored S-shape that's been rotated by 90 degrees. Frequent positive spikes are found in the signal.",y,y,y,
3,1,sushi:noisy\02\0000001,noisy,smooth,"For the most part, the signal is smooth with slight disturbances.","The path is linearly declining at a steady pace. For the most part, the signal is smooth with slight disturbances.",y,y,y,noisy→smooth degree pair; 'for the most part smooth with slight disturbances' clearly contradicts heavy noise — ok
4,1,sushi:pn_spike\05\0000004,positive-and-negative spike,noisy,"Equally importantly, the signal is characterised by intermittent and considerable noise.","The course shows exponential undulation, with a sharp conclusion rise. Equally importantly, the signal is characterised by intermittent and considerable noise.",y,y,n,intermittent and considerable noise' plausibly also describes ±spikes (sporadic large deviations); doesn't cleanly pin dense noise vs isolated spikes
5,1,sushi:smooth\05\0000008,smooth,step,"Notably, the signal is characterised by large step changes at various points.","Ending with a sharp end spike, the trend is illustrated by exponential expansion. Notably, the signal is characterised by large step changes at various points.",y,y,y,
6,1,sushi:noisy\20\0000006,noisy,positive-and-negative spike,"Furthermore, the signal is punctuated by large positive as well as negative spikes.","The signal, mirroring a sinusoidal wave, presents a pattern that repeats at regular intervals. Furthermore, the signal is punctuated by large positive as well as negative spikes.",y,y,y,noisy→±spike close pair; 'punctuated by large spikes' is not a fair reading of dense continuous noise — kept y
7,1,sushi:pn_spike\09\0000009,positive-and-negative spike,negative spike,Large negative spikes are present in the signal.,"The pattern displays an unbroken upward trajectory, resembling an S-shaped sigmoid curve, eventually nearing a constant value, with a progressively slowing rate of increase. Large negative spikes are present in the signal.",y,y,n,true class ±spike DOES contain large negative spikes; clause lacks exclusivity — claim still true of the signal
8,1,sushi:pn_spike\03\0000009,positive-and-negative spike,positive spike,"In addition, the signal frequently contains positive spikes of considerable size.","Reproducing a concave curve similar to a quadratic function, the trend initially rises and then falls. In addition, the signal frequently contains positive spikes of considerable size.",y,y,n,±spike signal does contain positive spikes of considerable size — claim still true
9,1,sushi:n_spike\21\0000009,negative spike,smooth,Minor noise is in the smooth signal.,"Resembling a square wave, the signal unveils a cyclic pattern. Minor noise is in the smooth signal.",y,y,y,
10,1,sushi:p_spike\07\0000006,positive spike,noisy,"A large amount of noise covers the signal throughout, furthermore.","The development is signified by a decrease, moving towards a certain value via exponential decay. A large amount of noise covers the signal throughout, furthermore.",y,y,y,
11,1,sushi:pn_spike\13\0000004,positive-and-negative spike,step,Step changes of large magnitude are a common occurrence in the signal.,"Ascending then descending, the movement corresponds to a Gaussian function, aligning to a constant. Step changes of large magnitude are a common occurrence in the signal.",y,y,y,
12,1,sushi:p_spike\01\0000007,positive spike,negative spike,"Considerable negative spikes mark the signal at different points, additionally.","Steady escalation is observed in the trend. Considerable negative spikes mark the signal at different points, additionally.",y,y,y,
13,1,sushi:pn_spike\09\0000004,positive-and-negative spike,positive spike,"Frequent positive spikes of significant magnitude are in the signal, moreover.","The path reflects a continuous increase, similar to a sigmoid curve, approaching a value, with a slowing rate of acceleration. Frequent positive spikes of significant magnitude are in the signal, moreover.",y,y,n,same subset issue: ±spike truth includes frequent positive spikes — claim still true
14,1,sushi:step\07\0000004,step,smooth,"Generally, the signal demonstrates a smooth trend with minor disturbances.","Flow marked by decrease nears a certain value through exponential decay. Generally, the signal demonstrates a smooth trend with minor disturbances.",y,y,y,step→smooth: 'minor disturbances' contradicted by large step changes — ok
15,1,sushi:step\03\0000004,step,noisy,Noise is exhibited by the signal.,"The pattern mimics a concave curve, initially rising and falling. Noise is exhibited by the signal.",y,n,n,Noise is exhibited' has no magnitude; minor noise is plausible in any signal (smooth captions also mention minor noise) — neither pins the 'noisy' class nor is clearly false for a step signal
16,1,sushi:noisy\09\0000009,noisy,positive-and-negative spike,"Besides, the signal contains sporadic large positive and negative spikes.","The trend is consistently going up, like an S-shaped curve, and it slowly starts to level off at a certain point. Besides, the signal contains sporadic large positive and negative spikes.",y,y,y,noisy→±spike; 'sporadic large positive and negative spikes' distinguishes from continuous noise — kept y
17,1,sushi:noisy\20\0000007,noisy,step,Large step changes mark the signal.,"The signal is showing a periodic pattern that repeats at regular intervals, like a sinusoidal wave. Large step changes mark the signal.",y,y,y,
18,1,sushi:p_spike\13\0000006,positive spike,negative spike,"Considerable negative spikes mark the signal at different points, additionally.","The fashion is like a hill, it goes up first and then comes down, with both ends ending up at the same point. Considerable negative spikes mark the signal at different points, additionally.",y,y,y,
19,1,sushi:pn_spike\11\0000006,positive-and-negative spike,positive spike,"Additionally, the signal is scattered with large positive spikes.","The pattern resembles the trajectory of a positive cubic function, starting with an increase, then a decrease in the middle and finally returning to an upward trend. This forms an inverted, 90-degree rotated S-shape. Additionally, the signal is scattered with large positive spikes.",y,y,n,±spike truth includes large positive spikes — claim still true
20,1,sushi:step\24\0000002,step,smooth,Minor noise is in the smooth signal.,"Like a triangular wave, the signal presents a regular rhythm. Minor noise is in the smooth signal.",y,y,y,
21,1,sushi:n_spike\22\0000007,negative spike,noisy,"Besides, the signal is frequently tainted by considerable noise.","A rhythmic sequence, similar to saw waves, is shown by the signal. Besides, the signal is frequently tainted by considerable noise.",y,y,n,frequently tainted by considerable noise' could fairly describe recurring large negative spikes; noise-vs-spike language not clearly distinguishing here
22,1,sushi:pn_spike\05\0000004,positive-and-negative spike,step,"Furthermore, the signal is sporadically interrupted by large step changes throughout.","The course shows exponential undulation, with a sharp conclusion rise. Furthermore, the signal is sporadically interrupted by large step changes throughout.",y,y,y,
23,1,sushi:step\10\0000000,step,negative spike,Large negative spikes are present in the signal.,"The progression shows an unbroken decreasing trend, similar to an inverted sigmoid curve with a mirrored S-shape, eventually merging to a constant value, with a gradual deceleration in its rate of decrease. Large negative spikes are present in the signal.",y,y,y,
24,1,sushi:n_spike\00\0000001,negative spike,positive spike,"In the same vein, the signal is occasionally interrupted by large positive spikes.","Trend unwavering, no modifications from values. In the same vein, the signal is occasionally interrupted by large positive spikes.",y,y,y,"retained trend clause 'no modifications from values' is awkward English, but it appears in both captions and is not swap-related"
25,1,sushi:step\06\0000008,step,smooth,"Generally, the signal demonstrates a smooth trend with minor disturbances.","Decreasing inverse exponential growth with a drop is exhibited by the lapse. Generally, the signal demonstrates a smooth trend with minor disturbances.",y,y,y,retained trend clause 'exhibited by the lapse' is awkward; the swapped clause itself is clean
26,1,sushi:n_spike\11\0000003,negative spike,noisy,"Correspondingly, the signal is contaminated with significant noise.","The pathway follows the curve of a positive cubic function, initially escalating, then declining in the middle, and finally escalating once more. This results in a mirrored S-shape that's been rotated by 90 degrees. Correspondingly, the signal is contaminated with significant noise.",y,y,n,contaminated with significant noise' has no pervasiveness cue; recurring large negative spikes could pass as 'significant noise' — not clearly false
27,1,sushi:noisy\21\0000002,noisy,positive-and-negative spike,"Correspondingly, the signal is riddled with sporadic large positive and negative spikes.","Much like a square wave, the signal mirrors a rhythmic pattern that repeats at regular intervals. Correspondingly, the signal is riddled with sporadic large positive and negative spikes.",y,y,y,noisy→±spike; 'sporadic large spikes' distinguishes from continuous noise — kept y
28,1,sushi:pn_spike\12\0000006,positive-and-negative spike,negative spike,"Correspondingly, the signal is contaminated with significant negative spikes.","The motion reflects a negative cubic function, starting with a decline, then a rise, and finally a fall. This forms a 90-degree rotated S-shape. Correspondingly, the signal is contaminated with significant negative spikes.",y,y,n,±spike truth does contain significant negative spikes; clause lacks exclusivity — claim still true
29,1,sushi:noisy\12\0000008,noisy,positive spike,The signal contains frequent positive spikes.,"The trajectory is similar to a negative cubic function's curve, declining, increasing, and declining. It results in a rotated 90-degree S-shape. The signal contains frequent positive spikes.",y,y,y,"noisy→positive spike: clause has no size qualifier ('frequent positive spikes'), and noise has frequent upward excursions — hesitated, but 'spikes' still implies discrete impulses vs jitter; kept y"
30,1,sushi:step\06\0000005,step,smooth,"In general, the signal is smooth with slight spikes.","The inclination shows decreasing inverse exponential upswing with a downturn. In general, the signal is smooth with slight spikes.",y,y,y,"smooth with slight spikes' is odd wording for the smooth class, but asserts smoothness and is false for a step signal — ok"
31,1,sushi:pn_spike\10\0000006,positive-and-negative spike,step,"Equally important, the signal is characterised by intermittent large step changes.","Similar to an inverted sigmoid curve, the process shows a descending trend, with the descent subsiding, finally approaching a value. Equally important, the signal is characterised by intermittent large step changes.",y,y,y,
32,1,sushi:p_spike\23\0000001,positive spike,noisy,"A significant amount of noise permeates the signal, in addition.","Replicated at regular intervals, the signal shows a rhythmic pattern similar to an inverse sawtooth wave. A significant amount of noise permeates the signal, in addition.",y,y,y,permeates' pins pervasive noise — clearly false for spike-only signal; kept y
33,1,sushi:step\01\0000008,step,negative spike,"Correspondingly, the signal is contaminated with significant negative spikes.","The increase in the trend is uniform and linear. Correspondingly, the signal is contaminated with significant negative spikes.",y,y,y,
34,1,sushi:n_spike\05\0000007,negative spike,positive spike,"Additionally, the signal is sporadically punctuated with sizeable positive spikes.","Ending with a sharp climax rise, the trend's progression is exponential. Additionally, the signal is sporadically punctuated with sizeable positive spikes.",y,y,y,
35,1,sushi:noisy\12\0000006,noisy,smooth,Minor noise is in the smooth signal.,"The progression reflects a negative cubic function's graph, dipping, surging, and dipping. It forms a rotated 90-degree S-shape. Minor noise is in the smooth signal.",y,y,y,
36,1,sushi:p_spike\10\0000000,positive spike,positive-and-negative spike,"Furthermore, the signal is punctuated by large positive as well as negative spikes.","The direction presents a steadily declining trend, comparable to an inverse sigmoid curve with a mirrored S-shape, with its rate of descent gradually decelerating, eventually approaching a fixed value. Furthermore, the signal is punctuated by large positive as well as negative spikes.",y,y,y,"claims BOTH polarities; truth has only positive spikes, so the negative-spike half is false — ok"
37,1,sushi:pn_spike\09\0000009,positive-and-negative spike,noisy,"Considerable amounts of noise fill the signal, also.","The pattern displays an unbroken upward trajectory, resembling an S-shaped sigmoid curve, eventually nearing a constant value, with a progressively slowing rate of increase. Considerable amounts of noise fill the signal, also.",y,y,y,±spike→noisy: 'noise fills the signal' pins pervasiveness — false for sporadic spikes; kept y
38,1,sushi:noisy\08\0000004,noisy,step,"Notably, the signal is characterised by large step changes at various points.","The trajectory is being moved towards saturation by increasing inverse decay. Notably, the signal is characterised by large step changes at various points.",y,y,y,
39,1,sushi:p_spike\08\0000007,positive spike,negative spike,Intermittent negative spikes are in the signal.,"With an increase in inverted exponential decay, the trend is approaching saturation. Intermittent negative spikes are in the signal.",y,y,y,
40,1,sushi:noisy\02\0000004,noisy,positive spike,"Positive spikes of considerable size are frequently in the signal, in addition.","The trajectory is experiencing a constant linear decrease. Positive spikes of considerable size are frequently in the signal, in addition.",y,y,y,noisy→positive spike: 'considerable size' distinguishes spikes from noise amplitude — kept y
41,1,sushi:noisy\20\0000007,noisy,smooth,Minor noise is in the smooth signal.,"The signal is showing a periodic pattern that repeats at regular intervals, like a sinusoidal wave. Minor noise is in the smooth signal.",y,y,y,
42,1,sushi:smooth\06\0000001,smooth,noisy,"Correspondingly, the signal is contaminated with significant noise.","The progression shows a reducing inverse exponential rise, characterised by a steep decline at the culmination. Correspondingly, the signal is contaminated with significant noise.",y,y,y,
43,1,sushi:pn_spike\06\0000000,positive-and-negative spike,step,"Equally important, the signal is characterised by intermittent large step changes.","The direction shows decreasing inverse exponential development with a depression. Equally important, the signal is characterised by intermittent large step changes.",y,y,y,
44,1,sushi:step\20\0000008,step,negative spike,"Considerable negative spikes mark the signal at different points, additionally.","The signal, bearing similarity to a sinusoidal wave, manifests a pattern that echoes at regular intervals. Considerable negative spikes mark the signal at different points, additionally.",y,y,y,
45,1,sushi:noisy\24\0000008,noisy,positive spike,The signal bears notable positive spikes.,The signal systematically repeats a pattern similar to a triangular wave. The signal bears notable positive spikes.,y,y,y,
46,1,sushi:pn_spike\14\0000001,positive-and-negative spike,smooth,"Mainly, the signal shows a smooth pattern with slight irregularities.","The shift is in tune with an inverted Gaussian function, dropping at first and then climbing, with both ends eventually equating to a constant value. Mainly, the signal shows a smooth pattern with slight irregularities.",y,y,y,
47,1,sushi:p_spike\24\0000005,positive spike,positive-and-negative spike,"Both large positive and negative spikes fill the signal, significantly.","The signal, mirroring a triangular wave, presents a rhythm that is regularly replicated. Both large positive and negative spikes fill the signal, significantly.",y,y,y,"p_spike→±spike: claims both polarities but truth has no negative spikes — false, ok"
48,1,sushi:n_spike\23\0000003,negative spike,noisy,"Additionally, the signal is plagued by substantial noise throughout.","Signal, similar to a reverse sawtooth wave, shows a regular pattern that reverberates. Additionally, the signal is plagued by substantial noise throughout.",y,y,y,n_spike→noisy: 'throughout' pins pervasive noise — false for spike-only; kept y
49,1,sushi:pn_spike\02\0000006,positive-and-negative spike,negative spike,Large negative spikes are present in the signal.,The sequence is uniformly decreasing in a linear fashion. Large negative spikes are present in the signal.,y,y,n,±spike truth includes large negative spikes — claim still true
50,1,sushi:step\20\0000001,step,positive spike,The signal contains positive spikes.,"Signal presents a periodically repeating pattern that echoes a sinusoidal wave, consistent over a fixed time frame. The signal contains positive spikes.",y,y,y,"step→positive spike: no magnitude in clause, but steps persist while spikes revert — distinguishable; kept y"
51,1,sushi:noisy\08\0000001,noisy,smooth,Minor noise is in the smooth signal.,The trend is being driven towards saturation by the escalation of inverse exponential decay. Minor noise is in the smooth signal.,y,y,y,
52,1,sushi:noisy\08\0000001,noisy,step,Signal frequently shows large step changes.,The trend is being driven towards saturation by the escalation of inverse exponential decay. Signal frequently shows large step changes.,y,y,y,clause missing article ('Signal frequently shows...') — telegraphic but parses; judgment unaffected
53,1,sushi:pn_spike\03\0000009,positive-and-negative spike,noisy,"Besides, the signal is sporadically interrupted by large amounts of noise.","Reproducing a concave curve similar to a quadratic function, the trend initially rises and then falls. Besides, the signal is sporadically interrupted by large amounts of noise.",y,y,n,sporadically interrupted by large amounts of noise' describes sporadic large disturbances — a fair reading of ±spikes; doesn't cleanly distinguish
54,1,sushi:noisy\03\0000004,noisy,negative spike,"Besides, the signal is speckled with high levels of negative spikes.","The trend mimics a concave curve, initially rising and falling. Besides, the signal is speckled with high levels of negative spikes.",y,y,y,noisy→negative spike: 'high levels' + single polarity distinguishes from bidirectional jitter — kept y; 'high levels of spikes' slightly awkward
55,1,sushi:noisy\21\0000002,noisy,positive spike,"Positive spikes of considerable size are frequently in the signal, in addition.","Much like a square wave, the signal mirrors a rhythmic pattern that repeats at regular intervals. Positive spikes of considerable size are frequently in the signal, in addition.",y,y,y,
56,1,sushi:p_spike\08\0000002,positive spike,smooth,"Large part, the signal is smooth with minor interference.","The pattern is progressing towards saturation through increasing inverse exponential decay. Large part, the signal is smooth with minor interference.",n,y,y,"Large part, the signal is smooth...' is malformed (truncated 'For the most part') — q1 fails; q2/q3 fine"
57,1,sushi:n_spike\08\0000001,negative spike,step,"In the same vein, large step changes are seen intermittently within the signal.","Amplifying inverse decay, the trend nears saturation. In the same vein, large step changes are seen intermittently within the signal.",y,y,y,
58,1,sushi:p_spike\21\0000004,positive spike,positive-and-negative spike,"Both large positive and negative spikes fill the signal, significantly.","The signal displays a consistent pattern that perpetually repeats at regular intervals, bearing similarity to a square wave. Both large positive and negative spikes fill the signal, significantly.",y,y,y,"p_spike→±spike: claims both polarities, truth has no negative spikes — false, ok"
59,1,sushi:smooth\04\0000006,smooth,noisy,"Additionally, there is a large amount of noise throughout the signal.","The line decreases and increases, like a convex curve. Additionally, there is a large amount of noise throughout the signal.",y,y,y,
60,1,sushi:smooth\13\0000001,smooth,negative spike,"In addition, the signal is consistently marred by high levels of negative spikes.","The sequence echoes a Gaussian function, on the rise then decline, balancing at a constant value. In addition, the signal is consistently marred by high levels of negative spikes.",y,y,y,
61,1,sushi:noisy\20\0000006,noisy,positive spike,"Furthermore, the signal is riddled with large positive spikes at various intervals.","The signal, mirroring a sinusoidal wave, presents a pattern that repeats at regular intervals. Furthermore, the signal is riddled with large positive spikes at various intervals.",y,y,y,noisy→positive spike: 'large' + single polarity distinguishes — kept y
62,1,sushi:p_spike\20\0000004,positive spike,smooth,"In general, the signal is smooth with slight spikes.","The signal portrays a recurring pattern at regular intervals, much like a sinusoidal wave. In general, the signal is smooth with slight spikes.",y,y,y,"smooth with slight spikes' odd wording, but contradicts large-positive-spike truth on both smoothness and magnitude — ok"
63,1,sushi:n_spike\11\0000008,negative spike,step,Large step changes consistently appear in signal.,"The pathway follows the curve of a positive cubic function, initially escalating, then declining in the middle, and finally escalating once more. This results in a mirrored S-shape that's been rotated by 90 degrees. Large step changes consistently appear in signal.",y,y,y,clause missing article ('appear in signal') — minor; judgment unaffected
64,1,sushi:smooth\14\0000009,smooth,noisy,"Besides, the signal is frequently tainted by considerable noise.","The change follows the curve of a flipped Gaussian function, first decreasing and then increasing, with both ends finally converging to a steady value. Besides, the signal is frequently tainted by considerable noise.",y,y,y,
65,1,sushi:step\20\0000001,step,negative spike,Negative spikes interrupt the signal.,"Signal presents a periodically repeating pattern that echoes a sinusoidal wave, consistent over a fixed time frame. Negative spikes interrupt the signal.",y,y,y,"no magnitude in clause, but spikes revert while steps persist — distinguishable; kept y"
66,1,sushi:n_spike\10\0000003,negative spike,positive spike,Positive spikes separate the signal.,"The pattern depicts a consistent downward trajectory, akin to an inverted sigmoid curve that exhibits a mirrored S-shape, with its rate of decrease progressively slowing down, finally nearing a definite value. Positive spikes separate the signal.",y,y,y,Positive spikes separate the signal' — 'separate' is an odd collocation (interrupt intended?); grammatical but stilted; q2/q3 clean
67,1,sushi:noisy\12\0000008,noisy,smooth,Minor interruptions remain in the smooth signal.,"The trajectory is similar to a negative cubic function's curve, declining, increasing, and declining. It results in a rotated 90-degree S-shape. Minor interruptions remain in the smooth signal.",y,y,y,
68,1,sushi:smooth\20\0000000,smooth,positive-and-negative spike,"The signal displays substantial positive and negative spikes at varying intervals, in the same vein.","The signal, akin to a sinusoidal wave, demonstrates a pattern that reoccurs at regular intervals. The signal displays substantial positive and negative spikes at varying intervals, in the same vein.",y,y,y,
69,1,sushi:smooth\13\0000001,smooth,step,"In addition, the signal is separated by step changes of considerable magnitude.","The sequence echoes a Gaussian function, on the rise then decline, balancing at a constant value. In addition, the signal is separated by step changes of considerable magnitude.",y,y,y,separated by step changes' odd collocation; otherwise clean
70,1,sushi:step\01\0000003,step,noisy,"Besides, the signal is sporadically interrupted by large amounts of noise.","The trend is escalating at a persistent and steady speed. Besides, the signal is sporadically interrupted by large amounts of noise.",y,y,y,
71,1,sushi:noisy\11\0000001,noisy,negative spike,"Correspondingly, the signal is contaminated with significant negative spikes.","The pattern follows the graph of a positive cubic function, first increasing, then decreasing in the middle, and finally increasing once more. This forms a mirrored S-shape that's been rotated by 90 degrees. Correspondingly, the signal is contaminated with significant negative spikes.",y,y,y,noisy→negative spike: 'significant' magnitude + single polarity distinguishes from noise — kept y
72,1,sushi:step\11\0000000,step,positive spike,"Also, the signal is filled with sizable positive spikes.","The sequence resembles the trajectory of a positive cubic function, starting with an increase, followed by a decrease in the middle, and ending with another increase. This constitutes an inverted S-shape, rotated by 90 degrees. Also, the signal is filled with sizable positive spikes.",y,y,y,
73,1,sushi:n_spike\04\0000003,negative spike,smooth,"Generally, the signal demonstrates a smooth trend with minor disturbances.","The route follows a convex curve, like a quadratic function, first descending, then rising rapidly. Generally, the signal demonstrates a smooth trend with minor disturbances.",y,y,y,
74,1,sushi:pn_spike\24\0000004,positive-and-negative spike,noisy,"Equally importantly, the signal is characterised by intermittent and considerable noise.","The signal indicates a repeating sequence like a triangular wave. Equally importantly, the signal is characterised by intermittent and considerable noise.",y,y,n,intermittent and considerable noise' plausibly also describes ±spikes — same issue as row 4; not clearly false
75,1,sushi:step\22\0000006,step,negative spike,Large negative spikes are present in the signal.,"The signal demonstrates a pattern that perpetually reiterates at regular intervals, like a sawtooth wave. Large negative spikes are present in the signal.",y,y,y,
76,1,sushi:n_spike\02\0000009,negative spike,positive spike,"Also, the signal frequently exhibits positive spikes of noticeable size.","The trend is steadily declining. Also, the signal frequently exhibits positive spikes of noticeable size.",y,y,y,
77,1,sushi:p_spike\00\0000004,positive spike,smooth,"Generally, the signal demonstrates a smooth trend with minor disturbances.","The trend stays unaltered, with no divergence from a specific value. Generally, the signal demonstrates a smooth trend with minor disturbances.",y,y,y,
78,1,sushi:p_spike\12\0000001,positive spike,step,Consistent large step changes can be seen in the signal.,"Starting with a dip, increasing at the midpoint and finally dipping again, the trend is akin to the curve of a negative cubic function. This forms an S-shape rotated by 90 degrees. Consistent large step changes can be seen in the signal.",y,y,y,
79,1,sushi:smooth\09\0000001,smooth,positive-and-negative spike,"Besides, the signal contains sporadic large positive and negative spikes.","The direction shows an unbroken upward pattern, similar to an S-shaped sigmoid curve, which eventually converges to a specific value, while its rate of expansion gradually slows down. Besides, the signal contains sporadic large positive and negative spikes.",y,y,y,
80,1,sushi:step\14\0000005,step,negative spike,"Additionally, there are large negative spikes throughout the signal.","Resembling an inverse Gaussian function, the orientation initially decreases then increases, with both ends equalizing at a fixed value. Additionally, there are large negative spikes throughout the signal.",y,y,y,
81,1,sushi:n_spike\09\0000001,negative spike,positive spike,The signal contains frequent positive spikes.,"Resembling an S-shaped sigmoid curve, the pattern manifests an unbroken ascending trend, which progressively slows down its rate of increase and eventually nears a constant value. The signal contains frequent positive spikes.",y,y,y,
82,1,sushi:noisy\11\0000001,noisy,smooth,"Large part, the signal is smooth with minor interference.","The pattern follows the graph of a positive cubic function, first increasing, then decreasing in the middle, and finally increasing once more. This forms a mirrored S-shape that's been rotated by 90 degrees. Large part, the signal is smooth with minor interference.",n,y,y,"Large part, the signal is smooth...' malformed (truncated 'For the most part') — same defect as row 56; q2/q3 fine"
83,1,sushi:pn_spike\01\0000004,positive-and-negative spike,noisy,"Considerable amounts of noise fill the signal, also.","The course is demonstrating a steady linear climb. Considerable amounts of noise fill the signal, also.",y,y,y,±spike→noisy: 'noise fills the signal' pins pervasiveness — false for sporadic spikes; kept y
84,1,sushi:smooth\07\0000007,smooth,step,"Additionally, there are large step changes throughout the signal.","The pathway is marked by a decrease and is drawn to a specific value by exponential decay. Additionally, there are large step changes throughout the signal.",y,y,y,
85,1,sushi:noisy\06\0000002,noisy,negative spike,"Correspondingly, the signal is contaminated with significant negative spikes.","The flow shows a decreasing inverse exponential enhancement, characterised by a steep plunge at the finish. Correspondingly, the signal is contaminated with significant negative spikes.",y,y,y,noisy→negative spike: 'significant' + single polarity distinguishes — kept y
86,1,sushi:step\05\0000005,step,positive spike,"Additionally, there are large positive spikes throughout the signal.","The progression is typified by exponential expansion, concluding with a significant surge towards the end. Additionally, there are large positive spikes throughout the signal.",y,y,y,
87,1,sushi:n_spike\14\0000006,negative spike,smooth,Minor noise is in the smooth signal.,"The trend, tracing the path of an inverted Gaussian function, descends first and then ascends, with both ends ultimately settling at a constant value. Minor noise is in the smooth signal.",y,y,y,
88,1,sushi:step\22\0000006,step,noisy,"Correspondingly, the signal is contaminated with significant noise.","The signal demonstrates a pattern that perpetually reiterates at regular intervals, like a sawtooth wave. Correspondingly, the signal is contaminated with significant noise.",y,y,y,"step→noisy: steps are clean level shifts, not 'significant noise' — distinguishable; kept y"
89,1,sushi:n_spike\20\0000008,negative spike,positive-and-negative spike,"Besides, the signal is interrupted sporadically by large positive and negative spikes.","Signal displays a recurring, sine wave-like pattern. Besides, the signal is interrupted sporadically by large positive and negative spikes.",y,y,y,"n_spike→±spike: claims both polarities, truth has no positive spikes — false, ok"
90,1,sushi:pn_spike\08\0000007,positive-and-negative spike,step,"In addition, the signal is separated by step changes of considerable magnitude.","Escalating inverse exponential decay is making the trend near saturation. In addition, the signal is separated by step changes of considerable magnitude.",y,y,y,separated by step changes' odd collocation; otherwise clean
91,1,sushi:smooth\11\0000008,smooth,negative spike,Large negative spikes are present in the signal.,"The sequence is reminiscent of a positive cubic function's path, starting with an increase, followed by a decrease in the middle, and ending with another increase. This forms an inverted S-shape, rotated by 90 degrees. Large negative spikes are present in the signal.",y,y,y,
92,1,sushi:pn_spike\01\0000004,positive-and-negative spike,positive spike,"Large positive spikes are throughout the signal, additionally.","The course is demonstrating a steady linear climb. Large positive spikes are throughout the signal, additionally.",y,y,n,±spike truth DOES contain large positive spikes ('throughout' fits their spread too); clause lacks exclusivity — claim still true
93,1,sushi:n_spike\06\0000002,negative spike,smooth,Minor noise is in the smooth signal.,"The inclination shows a decreasing inverse exponential upswing, signified by a severe downturn as it approaches its conclusion. Minor noise is in the smooth signal.",y,y,y,
94,1,sushi:p_spike\14\0000005,positive spike,noisy,"Additionally, there is a large amount of noise throughout the signal.","The course models a flipped Gaussian function, starting with a decline then incline, both ends equalizing at a constant. Additionally, there is a large amount of noise throughout the signal.",y,y,y,
95,1,sushi:n_spike\01\0000002,negative spike,step,Large step changes are in the signal.,The trend is consistently linear. Large step changes are in the signal.,y,y,y,
96,1,sushi:noisy\22\0000001,noisy,negative spike,The signal contains negative spikes.,"A periodic pattern, similar to a sawtooth wave, is reflected by the signal. The signal contains negative spikes.",y,y,y,noisy→negative spike with NO magnitude ('contains negative spikes') — hesitated; 'spikes' still implies discrete impulses vs continuous jitter; kept y
97,1,sushi:noisy\01\0000008,noisy,positive spike,Positive spikes appear throughout the signal.,The trajectory is on a linear rise. Positive spikes appear throughout the signal.,y,y,y,"noisy→positive spike, no magnitude and 'throughout' — hesitated (noise-like distribution), but discrete-impulse reading of 'spikes' is still false for noise; kept y"
98,1,sushi:p_spike\03\0000007,positive spike,smooth,"Generally, the signal is smooth with minor spikes.","The trend mirrors a concave curve similar to a quadratic function, initially rising and then falling. Generally, the signal is smooth with minor spikes.",y,y,y,smooth with minor spikes' contradicts large-spike truth on smoothness and magnitude — ok
99,1,sushi:n_spike\13\0000003,negative spike,positive-and-negative spike,"Both large positive and negative spikes fill the signal, significantly.","The course is modeled after a Gaussian function, with an initial climb followed by a descent, and both ends eventually reaching a constant. Both large positive and negative spikes fill the signal, significantly.",y,y,y,
100,1,sushi:p_spike\04\0000008,positive spike,noisy,"Besides, the signal is frequently tainted by considerable noise.","Like a convex curve, the direction decreases and increases. Besides, the signal is frequently tainted by considerable noise.",y,y,n,frequently tainted by considerable noise' could fairly describe recurring large positive spikes — same issue as rows 21/26; not clearly false
101,2,sushi:smooth\06\0000004,smooth,negative spike,"Considerable negative spikes mark the signal at different points, additionally.","The trend, ending with a fall, shows decreasing inverse exponential growth. Considerable negative spikes mark the signal at different points, additionally.",y,y,y,
102,2,sushi:n_spike\13\0000003,negative spike,positive spike,"Additionally, the signal is sporadically punctuated with sizeable positive spikes.","The course is modeled after a Gaussian function, with an initial climb followed by a descent, and both ends eventually reaching a constant. Additionally, the signal is sporadically punctuated with sizeable positive spikes.",y,y,y,
103,2,sushi:n_spike\10\0000003,negative spike,smooth,Slight noise remains in the smooth signal.,"The pattern depicts a consistent downward trajectory, akin to an inverted sigmoid curve that exhibits a mirrored S-shape, with its rate of decrease progressively slowing down, finally nearing a definite value. Slight noise remains in the smooth signal.",y,y,y,
104,2,sushi:noisy\05\0000006,noisy,step,"Notably, the signal is characterised by large step changes at various points.","The course is characterised by exponential undulation, culminating in a sharp rise towards the conclusion. Notably, the signal is characterised by large step changes at various points.",y,y,y,
105,2,sushi:pn_spike\09\0000004,positive-and-negative spike,noisy,"Additionally, there is a large amount of noise throughout the signal.","The path reflects a continuous increase, similar to a sigmoid curve, approaching a value, with a slowing rate of acceleration. Additionally, there is a large amount of noise throughout the signal.",y,y,y,±spike→noisy: 'throughout' pins pervasive noise — false for sporadic spikes; kept y
106,2,sushi:smooth\10\0000005,smooth,negative spike,Considerable negative spikes are in the signal.,"Comparable to an inverted sigmoid curve, the direction illustrates a decreasing trend, its descent decelerating, approaching a value. Considerable negative spikes are in the signal.",y,y,y,
107,2,sushi:step\10\0000000,step,positive spike,"Large positive spikes are throughout the signal, additionally.","The progression shows an unbroken decreasing trend, similar to an inverted sigmoid curve with a mirrored S-shape, eventually merging to a constant value, with a gradual deceleration in its rate of decrease. Large positive spikes are throughout the signal, additionally.",y,y,y,
108,2,sushi:n_spike\21\0000004,negative spike,smooth,"For the most part, the smooth signal exhibits only minimal noise and spikes.","Analogous to a square wave, the signal manifests a pattern that resonates rhythmically at regular intervals. For the most part, the smooth signal exhibits only minimal noise and spikes.",y,y,y,only minimal noise and spikes' directly contradicts large-negative-spike truth — ok
109,2,sushi:smooth\04\0000008,smooth,positive-and-negative spike,"Large positive and negative spikes are seen in the signal at various points, notably.","The trend decreases and increases, like a convex curve. Large positive and negative spikes are seen in the signal at various points, notably.",y,y,y,
110,2,sushi:pn_spike\12\0000007,positive-and-negative spike,noisy,"In the same vein, the signal is smeared with high levels of noise.","Starting with a dip, increasing, and dipping, the trend is akin to a negative cubic function's curve and forms a rotated 90-degree S-shape. In the same vein, the signal is smeared with high levels of noise.",y,y,y,±spike→noisy: 'smeared with high levels of noise' reads as pervasive coating — distinguishing from sporadic spikes; kept y
111,2,sushi:noisy\02\0000001,noisy,step,"Furthermore, the signal is sporadically interrupted by large step changes throughout.","The path is linearly declining at a steady pace. Furthermore, the signal is sporadically interrupted by large step changes throughout.",y,y,y,
112,2,sushi:smooth\07\0000004,smooth,negative spike,"Negative spikes of considerable size are frequently contained in the signal, in addition.","The movement is signified by a decrease and converges to a certain value through exponential decay. Negative spikes of considerable size are frequently contained in the signal, in addition.",y,y,y,
113,2,sushi:pn_spike\23\0000007,positive-and-negative spike,positive spike,"Also, the signal is filled with sizable positive spikes.","The signal indicates a regular cycle that perpetually reiterates at uniform intervals, similar to an inverse sawtooth wave. Also, the signal is filled with sizable positive spikes.",y,y,n,±spike truth does contain sizable positive spikes; clause lacks exclusivity — claim still true
114,2,sushi:p_spike\11\0000006,positive spike,smooth,"Generally, the signal is smooth with minor spikes.","The trend is like a hill, it starts by going up, then down, then up again, forming a sideways S shape if you flip it. Generally, the signal is smooth with minor spikes.",y,y,y,smooth with minor spikes' contradicts large-spike truth on smoothness and magnitude — ok
115,2,sushi:step\02\0000001,step,noisy,"Besides, the signal is frequently tainted by considerable noise.","The trend is linearly decreasing at a constant rate. Besides, the signal is frequently tainted by considerable noise.",y,y,y,"step→noisy: steps are clean level shifts, not noise — distinguishable; kept y"
116,2,sushi:pn_spike\14\0000001,positive-and-negative spike,step,"Additionally, the signal contains a high number of step changes.","The shift is in tune with an inverted Gaussian function, dropping at first and then climbing, with both ends eventually equating to a constant value. Additionally, the signal contains a high number of step changes.",y,y,y,
117,2,sushi:pn_spike\00\0000008,positive-and-negative spike,negative spike,"Additionally, the signal is marked by considerable negative spikes at different points.","Trend remains identical, doesn't vary from the value. Additionally, the signal is marked by considerable negative spikes at different points.",y,y,n,±spike truth does contain considerable negative spikes — claim still true
118,2,sushi:pn_spike\03\0000004,positive-and-negative spike,positive spike,"Furthermore, the signal is riddled with large positive spikes at various intervals.","Duplicating a concave curve similar to a quadratic function, the progression initially ascends and then descends. Furthermore, the signal is riddled with large positive spikes at various intervals.",y,y,n,±spike truth includes large positive spikes — claim still true
119,2,sushi:n_spike\06\0000006,negative spike,smooth,Minor noise is often observed in the primarily smooth signal.,Decreasing inverse exponential growth with a drop is exhibited by the lapse. Minor noise is often observed in the primarily smooth signal.,y,y,y,retained trend clause 'exhibited by the lapse' awkward (both captions share it); swap clean
120,2,sushi:noisy\03\0000004,noisy,positive-and-negative spike,"Additionally, the signal is peppered with large positive and negative spikes.","The trend mimics a concave curve, initially rising and falling. Additionally, the signal is peppered with large positive and negative spikes.",y,y,y,noisy→±spike: 'peppered with LARGE spikes' distinguishes from noise amplitude — kept y
121,2,sushi:step\05\0000009,step,noisy,"A considerable amount of noise litters the signal, in addition.","The trajectory is known for its exponential escalation, leading to a sharp increase at the culmination. A considerable amount of noise litters the signal, in addition.",y,y,y,
122,2,sushi:noisy\06\0000004,noisy,step,Signal has considerable step changes.,Decreasing inverse exponential development with a depression is shown by the direction. Signal has considerable step changes.,y,y,y,clause missing article ('Signal has considerable step changes') — telegraphic but parses
123,2,sushi:pn_spike\21\0000003,positive-and-negative spike,negative spike,"Negative spikes of considerable size are frequently contained in the signal, in addition.","Mirroring a square wave, the signal shows a pattern that repeats regularly at regular intervals. Negative spikes of considerable size are frequently contained in the signal, in addition.",y,y,n,±spike truth: negative spikes of considerable size frequently present — claim still true
124,2,sushi:n_spike\07\0000006,negative spike,positive spike,Positive spikes are displayed within the signal.,Process defined by decrease targets a certain value via exponential decay. Positive spikes are displayed within the signal.,y,y,y,"no magnitude, but polarity decides: truth has no positive spikes — false, ok; retained trend clause telegraphic"
125,2,sushi:step\12\0000006,step,smooth,"Large part, the signal is smooth with minor interference.","The progression reflects the graph of a negative cubic function, initially dipping, then surging in the middle and finally dipping again. This forms an S-shape rotated by 90 degrees. Large part, the signal is smooth with minor interference.",n,y,y,"Large part, the signal is smooth...' malformed (truncated 'For the most part') — q1 fails; q2/q3 fine"
126,2,sushi:n_spike\24\0000004,negative spike,noisy,"Besides, the signal is sporadically interrupted by large amounts of noise.","The signal, analogous to a triangular wave, reveals a periodically repeating pattern. Besides, the signal is sporadically interrupted by large amounts of noise.",y,y,n,sporadically interrupted by large amounts of noise' is a fair reading of sporadic large negative spikes — not clearly false
127,2,sushi:noisy\04\0000000,noisy,negative spike,Negative spikes interrupt the signal.,"First descending, then rising rapidly, the route follows a convex curve, like a quadratic function. Negative spikes interrupt the signal.",y,y,y,"noisy→negative spike, no magnitude ('Negative spikes interrupt') — hesitated; 'interrupt' still implies discrete impulses vs continuous jitter; kept y"
128,2,sushi:pn_spike\24\0000002,positive-and-negative spike,positive spike,"In addition, the signal frequently contains positive spikes of considerable size.","The signal, comparable to a triangular wave, illustrates a uniform pattern. In addition, the signal frequently contains positive spikes of considerable size.",y,y,n,±spike truth does contain positive spikes of considerable size — claim still true
129,2,sushi:step\14\0000007,step,smooth,"Generally, the signal is smooth with minor disturbances.","Initially going down, then going up, the trend reflects the trajectory of an inverse Gaussian function, both ends stabilizing at a specific value. Generally, the signal is smooth with minor disturbances.",y,y,y,
130,2,sushi:p_spike\22\0000005,positive spike,positive-and-negative spike,"Furthermore, large positive and negative spikes appear consistently.","The signal demonstrates a pattern that perpetually reiterates at regular intervals, like a sawtooth wave. Furthermore, large positive and negative spikes appear consistently.",y,y,y,"p_spike→±spike: claims both polarities, truth has no negative spikes — false, ok"
131,2,sushi:noisy\07\0000000,noisy,step,Consistent large step changes can be seen in the signal.,The metamorphosis is indicated by a decreasing trend and edges towards a specific value by exponential decay. Consistent large step changes can be seen in the signal.,y,y,y,
132,2,sushi:pn_spike\06\0000002,positive-and-negative spike,noisy,"Furthermore, the signal is covered by a large amount of noise throughout.","Characterised by a sharp decline towards the end, the pathway exhibits a diminishing inverse exponential multiplier. Furthermore, the signal is covered by a large amount of noise throughout.",y,y,y,±spike→noisy: 'covered by... noise throughout' pins pervasiveness — false for sporadic spikes; kept y
133,2,sushi:pn_spike\06\0000002,positive-and-negative spike,negative spike,"Moreover, the signal is consistently pestered by high levels of negative spikes.","Characterised by a sharp decline towards the end, the pathway exhibits a diminishing inverse exponential multiplier. Moreover, the signal is consistently pestered by high levels of negative spikes.",y,y,n,±spike truth does contain high negative spikes ('consistently pestered' fits recurring spikes) — claim still true; 'pestered' odd word choice
134,2,sushi:pn_spike\08\0000001,positive-and-negative spike,positive spike,"Positive spikes of considerable size are frequently in the signal, in addition.","The trajectory is on its way to saturation due to the growth of inverse exponential decay. Positive spikes of considerable size are frequently in the signal, in addition.",y,y,n,±spike truth: considerable positive spikes frequently present — claim still true
135,2,sushi:n_spike\02\0000000,negative spike,smooth,"Generally, the signal is smooth with minor spikes.","The pattern is witnessing a linear and constant decline. Generally, the signal is smooth with minor spikes.",y,y,y,smooth with minor spikes' contradicts large-negative-spike truth on smoothness and magnitude — ok
136,2,sushi:pn_spike\10\0000008,positive-and-negative spike,step,"Equally important, the signal exhibits significant step changes at different intervals.","The path is always going down like an upside-down S-curve, and it's starting to slow down as it gets close to a certain point. Equally important, the signal exhibits significant step changes at different intervals.",y,y,y,
137,2,sushi:pn_spike\21\0000003,positive-and-negative spike,noisy,"A significant amount of noise is interspersed within the signal, in addition.","Mirroring a square wave, the signal shows a pattern that repeats regularly at regular intervals. A significant amount of noise is interspersed within the signal, in addition.",y,y,n,interspersed' = scattered/sporadic noise — plausibly describes ±spikes; doesn't cleanly pin pervasive noise vs isolated spikes
138,2,sushi:step\23\0000007,step,negative spike,"Also, the signal is interspersed with significant negative spikes.","Showing a rhythmic tendency to repeat at regular intervals, the signal is similar to an inverse sawtooth wave. Also, the signal is interspersed with significant negative spikes.",y,y,y,
139,2,sushi:pn_spike\00\0000007,positive-and-negative spike,positive spike,"Positive spikes of considerable size are frequently in the signal, in addition.","The trajectory remains stable and does not fluctuate from a specific value. Positive spikes of considerable size are frequently in the signal, in addition.",y,y,n,±spike truth: considerable positive spikes frequently present — claim still true
140,2,sushi:step\23\0000003,step,smooth,"In general, the signal is smooth with slight spikes.","Signal, like a reverse sawtooth wave, shows a rhythmic sequence. In general, the signal is smooth with slight spikes.",y,y,y,
141,2,sushi:smooth\23\0000005,smooth,positive-and-negative spike,"In addition, the signal frequently shows spikes of considerable magnitude, both positive and negative.","Signal, similar to an inverse sawtooth wave, shows a pattern that reverberates at regular intervals. In addition, the signal frequently shows spikes of considerable magnitude, both positive and negative.",y,y,y,
142,2,sushi:smooth\20\0000004,smooth,step,"Additionally, there are large step changes throughout the signal.","Signal manifests a periodic, sine wave-like pattern. Additionally, there are large step changes throughout the signal.",y,y,y,
143,2,sushi:step\21\0000004,step,noisy,"Besides, the signal is frequently tainted by considerable noise.","The signal shows a rhythmic pattern, similar to a square wave, that recurs at regular intervals. Besides, the signal is frequently tainted by considerable noise.",y,y,y,"step→noisy: steps are clean level shifts, not noise — distinguishable; kept y"
144,2,sushi:step\08\0000004,step,negative spike,"Besides, the signal shows large negative spikes intermittently.","The trajectory is nearing saturation through the rise of inverse exponential decay. Besides, the signal shows large negative spikes intermittently.",y,y,y,
145,2,sushi:n_spike\06\0000002,negative spike,positive spike,"Large positive spikes saturate the signal, furthermore.","The inclination shows a decreasing inverse exponential upswing, signified by a severe downturn as it approaches its conclusion. Large positive spikes saturate the signal, furthermore.",y,y,y,
146,2,sushi:noisy\03\0000002,noisy,smooth,"Mainly, the signal shows a smooth pattern with slight irregularities.","The progression, conforming to a concave curve identical to a quadratic function, initially slopes and then descends. Mainly, the signal shows a smooth pattern with slight irregularities.",y,y,y,
147,2,sushi:pn_spike\10\0000008,positive-and-negative spike,noisy,"Equally importantly, the signal is characterised by intermittent and considerable noise.","The path is always going down like an upside-down S-curve, and it's starting to slow down as it gets close to a certain point. Equally importantly, the signal is characterised by intermittent and considerable noise.",y,y,n,intermittent and considerable noise' plausibly also describes ±spikes — same issue as rows 4/74; not clearly false
148,2,sushi:p_spike\07\0000006,positive spike,positive-and-negative spike,"In addition, the signal frequently shows positive and negative spikes.","The development is signified by a decrease, moving towards a certain value via exponential decay. In addition, the signal frequently shows positive and negative spikes.",y,y,y,"no magnitude, but claims both polarities and truth has no negative spikes — false, ok"
149,2,sushi:p_spike\11\0000001,positive spike,negative spike,Intermittent negative spikes are in the signal.,"The progression reflects the curve of a positive cubic function, escalating, descending, and then rising again, producing an inverted S-shape rotated 90 degrees. Intermittent negative spikes are in the signal.",y,y,y,
150,2,sushi:step\07\0000004,step,positive spike,"Also, the signal frequently exhibits positive spikes of noticeable size.","Flow marked by decrease nears a certain value through exponential decay. Also, the signal frequently exhibits positive spikes of noticeable size.",y,y,y,
151,2,sushi:noisy\14\0000008,noisy,smooth,Minor interruptions remain in the smooth signal.,"First descending, then ascending, the pattern follows an upside-down Gaussian function, both ends becoming a fixed value. Minor interruptions remain in the smooth signal.",y,y,y,
152,2,sushi:noisy\10\0000008,noisy,step,Signal has considerable step changes.,"The process shows a pattern of consistent downward movement, like an inverse sigmoid curve drawing a mirrored S-shape, with its rate of decrease gradually subsiding, finally approaching a specific value. Signal has considerable step changes.",y,y,y,clause missing article ('Signal has considerable step changes') — telegraphic but parses
153,2,sushi:step\06\0000008,step,noisy,"A significant amount of noise permeates the signal, in addition.","Decreasing inverse exponential growth with a drop is exhibited by the lapse. A significant amount of noise permeates the signal, in addition.",y,y,y,"step→noisy: 'permeates' pins pervasive noise, steps are clean level shifts — ok; retained trend clause 'exhibited by the lapse' awkward"
154,2,sushi:p_spike\11\0000006,positive spike,negative spike,"Besides, the signal shows large negative spikes intermittently.","The trend is like a hill, it starts by going up, then down, then up again, forming a sideways S shape if you flip it. Besides, the signal shows large negative spikes intermittently.",y,y,y,
155,2,sushi:n_spike\08\0000007,negative spike,positive spike,"Additionally, the signal is scattered with large positive spikes.","The trend shows increasing inverse decay as it converges towards saturation. Additionally, the signal is scattered with large positive spikes.",y,y,y,
156,2,sushi:n_spike\09\0000003,negative spike,smooth,"Generally, the signal is smooth with minor spikes.","Analogous to a sigmoid curve, the progression illustrates a steady upward trend, with the speed of increase gradually diminishing, eventually culminating at a specific value. Generally, the signal is smooth with minor spikes.",y,y,y,
157,2,sushi:smooth\13\0000002,smooth,step,"Notably, the signal is characterised by large step changes at various points.","Initially ascending and later descending, the drift is consistent with a Gaussian function, with both ends finally equal to a constant. Notably, the signal is characterised by large step changes at various points.",y,y,y,
158,2,sushi:noisy\07\0000006,noisy,positive-and-negative spike,"Additionally, the signal is peppered with large positive and negative spikes.","A value is inclined to by the tendency through exponential decay. Additionally, the signal is peppered with large positive and negative spikes.",y,y,y,noisy→±spike: 'peppered with LARGE spikes' distinguishes from noise — kept y; retained trend clause 'A value is inclined to by the tendency' is tortured passive (both captions share it)
159,2,sushi:step\03\0000007,step,negative spike,Negative spikes interrupt the signal.,"Similar to a concave curve, the trend initially ascends and then descends. Negative spikes interrupt the signal.",y,y,y,"no magnitude, but spikes revert vs steps persist — class-distinguishing; ok"
160,2,sushi:smooth\05\0000004,smooth,positive spike,"Also, the signal frequently exhibits positive spikes of noticeable size.","The trend is recognised by an exponential increase, with a sharp ascent towards the peak. Also, the signal frequently exhibits positive spikes of noticeable size.",y,y,y,
161,2,sushi:noisy\09\0000000,noisy,smooth,Slight noise remains in the smooth signal.,"The process shows an upward trend, similar to a sigmoid curve, settles at a value, while its expansion decelerates. Slight noise remains in the smooth signal.",y,y,y,
162,2,sushi:p_spike\13\0000006,positive spike,noisy,"A large amount of noise covers the signal throughout, furthermore.","The fashion is like a hill, it goes up first and then comes down, with both ends ending up at the same point. A large amount of noise covers the signal throughout, furthermore.",y,y,y,
163,2,sushi:noisy\02\0000004,noisy,step,"In addition, the signal is separated by step changes of considerable magnitude.","The trajectory is experiencing a constant linear decrease. In addition, the signal is separated by step changes of considerable magnitude.",y,y,y,separated by step changes' odd collocation; judgment unaffected
164,2,sushi:p_spike\14\0000009,positive spike,negative spike,Frequent negative spikes are in the signal.,"Following an inverted Gaussian function, the trend initially descends then ascends, with both ends converging to a value. Frequent negative spikes are in the signal.",y,y,y,
165,2,sushi:noisy\11\0000001,noisy,positive spike,"Additionally, there are large positive spikes throughout the signal.","The pattern follows the graph of a positive cubic function, first increasing, then decreasing in the middle, and finally increasing once more. This forms a mirrored S-shape that's been rotated by 90 degrees. Additionally, there are large positive spikes throughout the signal.",y,y,y,
166,2,sushi:n_spike\01\0000001,negative spike,smooth,"Mainly, minor noise is observed in the smooth signal.","Rising constantly is the pattern. Mainly, minor noise is observed in the smooth signal.",y,y,y,
167,2,sushi:step\20\0000001,step,noisy,The signal contains frequent noise.,"Signal presents a periodically repeating pattern that echoes a sinusoidal wave, consistent over a fixed time frame. The signal contains frequent noise.",y,n,n,contains frequent noise' has no magnitude — minor noise plausible in any signal; neither pins 'noisy' class nor is clearly false for step truth (same as row 15)
168,2,sushi:p_spike\09\0000001,positive spike,step,"Also, there are substantial step changes throughout the signal.","The pattern is consistently going up like an S-curve, and it's slowing down as it gets close to a certain value. Also, there are substantial step changes throughout the signal.",y,y,y,
169,2,sushi:smooth\07\0000007,smooth,positive-and-negative spike,"Also, the signal scatters sizable positive and negative spikes.","The pathway is marked by a decrease and is drawn to a specific value by exponential decay. Also, the signal scatters sizable positive and negative spikes.",y,y,y,"the signal scatters sizable... spikes' — odd transitive use, parses; swap judgment unaffected"
170,2,sushi:noisy\20\0000006,noisy,negative spike,"Negative spikes of considerable size are frequently contained in the signal, in addition.","The signal, mirroring a sinusoidal wave, presents a pattern that repeats at regular intervals. Negative spikes of considerable size are frequently contained in the signal, in addition.",y,y,y,
171,2,sushi:step\22\0000006,step,positive spike,Frequent positive spikes are found in the signal.,"The signal demonstrates a pattern that perpetually reiterates at regular intervals, like a sawtooth wave. Frequent positive spikes are found in the signal.",y,y,y,
172,2,sushi:noisy\06\0000004,noisy,smooth,Minor noise is in the smooth signal.,Decreasing inverse exponential development with a depression is shown by the direction. Minor noise is in the smooth signal.,y,y,y,
173,2,sushi:p_spike\24\0000005,positive spike,noisy,"A large amount of noise covers the signal throughout, furthermore.","The signal, mirroring a triangular wave, presents a rhythm that is regularly replicated. A large amount of noise covers the signal throughout, furthermore.",y,y,y,
174,2,sushi:step\24\0000002,step,negative spike,The signal has considerable negative spikes.,"Like a triangular wave, the signal presents a regular rhythm. The signal has considerable negative spikes.",y,y,y,
175,2,sushi:pn_spike\01\0000001,positive-and-negative spike,positive spike,"In the same vein, the signal is occasionally interrupted by large positive spikes.","The course represents a continual linear increase. In the same vein, the signal is occasionally interrupted by large positive spikes.",y,y,n,±spike truth does contain large positive spikes; 'occasionally interrupted' fits — claim still true
176,2,sushi:pn_spike\07\0000003,positive-and-negative spike,smooth,"Generally speaking, the signal is smooth, showing only minor disturbances and fluctuations.","The pathway is marked by a decrease and is drawn to a specific value by exponential decay. Generally speaking, the signal is smooth, showing only minor disturbances and fluctuations.",y,y,y,
177,2,sushi:pn_spike\00\0000007,positive-and-negative spike,step,"In addition, the signal is separated by step changes of considerable magnitude.","The trajectory remains stable and does not fluctuate from a specific value. In addition, the signal is separated by step changes of considerable magnitude.",y,y,y,separated by step changes' odd collocation; spikes-vs-steps still distinguishable — kept y
178,2,sushi:n_spike\14\0000000,negative spike,noisy,"A large amount of noise covers the signal throughout, furthermore.","The course is like a valley, starting with a drop and then a rise, and both ends finishing at the same level. A large amount of noise covers the signal throughout, furthermore.",y,y,y,
179,2,sushi:step\07\0000004,step,positive-and-negative spike,"In addition, the signal frequently shows positive and negative spikes.","Flow marked by decrease nears a certain value through exponential decay. In addition, the signal frequently shows positive and negative spikes.",y,y,y,
180,2,sushi:step\03\0000004,step,negative spike,Large negative spikes separate the signal.,"The pattern mimics a concave curve, initially rising and falling. Large negative spikes separate the signal.",y,y,y,"spikes separate the signal' odd collocation, parses; swap judgment unaffected"
181,2,sushi:noisy\02\0000001,noisy,positive spike,"Frequent positive spikes of significant magnitude are in the signal, moreover.","The path is linearly declining at a steady pace. Frequent positive spikes of significant magnitude are in the signal, moreover.",y,y,y,
182,2,sushi:p_spike\08\0000007,positive spike,smooth,Slight noise remains in the smooth signal.,"With an increase in inverted exponential decay, the trend is approaching saturation. Slight noise remains in the smooth signal.",y,y,y,
183,2,sushi:step\07\0000009,step,noisy,"Substantial noise plagues the signal throughout, additionally.","Trajectories decrease and approach a specific value via exponential decay. Substantial noise plagues the signal throughout, additionally.",y,y,y,
184,2,sushi:n_spike\00\0000001,negative spike,step,"In the same vein, large step changes are seen intermittently within the signal.","Trend unwavering, no modifications from values. In the same vein, large step changes are seen intermittently within the signal.",y,y,y,"retained trend clause 'Trend unwavering, no modifications from values' awkward (both captions share it); swap clean"
185,2,sushi:p_spike\20\0000004,positive spike,negative spike,"Additionally, there are large negative spikes throughout the signal.","The signal portrays a recurring pattern at regular intervals, much like a sinusoidal wave. Additionally, there are large negative spikes throughout the signal.",y,y,y,
186,2,sushi:pn_spike\21\0000000,positive-and-negative spike,positive spike,"Frequent positive spikes of significant magnitude are in the signal, moreover.","Similar to a square wave, the signal displays a repeating pattern. Frequent positive spikes of significant magnitude are in the signal, moreover.",y,y,n,±spike truth: frequent significant positive spikes present — claim still true
187,2,sushi:step\04\0000009,step,smooth,"Generally, the signal is smooth with minor noise.","Decreasing and increasing, the line is like a convex curve. Generally, the signal is smooth with minor noise.",y,y,y,
188,2,sushi:smooth\06\0000004,smooth,noisy,"A considerable amount of noise litters the signal, in addition.","The trend, ending with a fall, shows decreasing inverse exponential growth. A considerable amount of noise litters the signal, in addition.",y,y,y,
189,2,sushi:pn_spike\06\0000002,positive-and-negative spike,step,Step changes of large magnitude are a common occurrence in the signal.,"Characterised by a sharp decline towards the end, the pathway exhibits a diminishing inverse exponential multiplier. Step changes of large magnitude are a common occurrence in the signal.",y,y,y,
190,2,sushi:smooth\22\0000008,smooth,positive-and-negative spike,"Furthermore, the signal is sporadically interrupted by large positive and negative spikes throughout.","Like a sawtooth wave, the signal shows a periodic pattern. Furthermore, the signal is sporadically interrupted by large positive and negative spikes throughout.",y,y,y,sporadically ... throughout' mildly contradictory wording; claim clearly false for smooth truth — kept y
191,2,sushi:step\22\0000000,step,negative spike,"Besides, the signal shows large negative spikes intermittently.","A recurrent pattern, similar to a sawtooth wave, is manifested by the signal. Besides, the signal shows large negative spikes intermittently.",y,y,y,
192,2,sushi:noisy\13\0000004,noisy,positive spike,"Large positive spikes saturate the signal, furthermore.","Firstly ascending and then descending, the pattern follows the shape of a Gaussian function, with both ends eventually becoming a fixed value. Large positive spikes saturate the signal, furthermore.",y,y,y,
193,2,sushi:pn_spike\01\0000001,positive-and-negative spike,smooth,"Generally, the signal shows a smooth trajectory, with only a little noise and rare spikes.","The course represents a continual linear increase. Generally, the signal shows a smooth trajectory, with only a little noise and rare spikes.",y,y,y,"rare spikes' concedes some spikes, but 'smooth... only a little noise' contradicts LARGE ±spikes on magnitude — hesitated, kept y"
194,2,sushi:pn_spike\08\0000001,positive-and-negative spike,noisy,"A significant amount of noise is interspersed within the signal, in addition.","The trajectory is on its way to saturation due to the growth of inverse exponential decay. A significant amount of noise is interspersed within the signal, in addition.",y,y,n,"noise interspersed within the signal' = scattered, plausibly describes sporadic ±spikes — not clearly false (same as row 137)"
195,2,sushi:pn_spike\11\0000006,positive-and-negative spike,step,"Also, there are substantial step changes throughout the signal.","The pattern resembles the trajectory of a positive cubic function, starting with an increase, then a decrease in the middle and finally returning to an upward trend. This forms an inverted, 90-degree rotated S-shape. Also, there are substantial step changes throughout the signal.",y,y,y,
196,2,sushi:step\23\0000003,step,negative spike,"Additionally, there are large negative spikes throughout the signal.","Signal, like a reverse sawtooth wave, shows a rhythmic sequence. Additionally, there are large negative spikes throughout the signal.",y,y,y,
197,2,sushi:noisy\05\0000001,noisy,positive spike,"Additionally, the signal is plagued by substantial positive spikes throughout.","The trajectory is known for its exponential escalation, leading to a sharp increase at the culmination. Additionally, the signal is plagued by substantial positive spikes throughout.",y,y,y,
198,2,sushi:n_spike\13\0000003,negative spike,smooth,"Mainly, the signal shows a smooth pattern with slight irregularities.","The course is modeled after a Gaussian function, with an initial climb followed by a descent, and both ends eventually reaching a constant. Mainly, the signal shows a smooth pattern with slight irregularities.",y,y,y,
199,2,sushi:n_spike\11\0000008,negative spike,noisy,"Substantial noise plagues the signal throughout, additionally.","The pathway follows the curve of a positive cubic function, initially escalating, then declining in the middle, and finally escalating once more. This results in a mirrored S-shape that's been rotated by 90 degrees. Substantial noise plagues the signal throughout, additionally.",y,y,y,n_spike→noisy: 'plagues throughout' pins pervasive noise — false for sporadic spikes; kept y
200,2,sushi:step\01\0000003,step,positive-and-negative spike,"Additionally, the signal is peppered with large positive and negative spikes.","The trend is escalating at a persistent and steady speed. Additionally, the signal is peppered with large positive and negative spikes.",y,y,y,
201,3,sushi:step\14\0000007,step,negative spike,"Also, the signal displays significant negative spikes throughout.","Initially going down, then going up, the trend reflects the trajectory of an inverse Gaussian function, both ends stabilizing at a specific value. Also, the signal displays significant negative spikes throughout.",y,y,y,
202,3,sushi:pn_spike\22\0000008,positive-and-negative spike,positive spike,"Frequent positive spikes of significant magnitude are in the signal, moreover.","The signal, akin to saw waves, shows a systematic repetition. Frequent positive spikes of significant magnitude are in the signal, moreover.",y,y,n,±spike truth: frequent significant positive spikes present — claim still true
203,3,sushi:noisy\13\0000004,noisy,smooth,Minor interruptions remain in the smooth signal.,"Firstly ascending and then descending, the pattern follows the shape of a Gaussian function, with both ends eventually becoming a fixed value. Minor interruptions remain in the smooth signal.",y,y,y,
204,3,sushi:p_spike\11\0000006,positive spike,step,Large step changes are evident in the signal.,"The trend is like a hill, it starts by going up, then down, then up again, forming a sideways S shape if you flip it. Large step changes are evident in the signal.",y,y,y,
205,3,sushi:smooth\02\0000005,smooth,noisy,"Considerable noise frequently taints the signal, besides.","The linear decrease is evident in the trend. Considerable noise frequently taints the signal, besides.",y,y,y,
206,3,sushi:noisy\07\0000000,noisy,negative spike,"Also, the signal has sizeable negative spikes at various intervals.","The metamorphosis is indicated by a decreasing trend and edges towards a specific value by exponential decay. Also, the signal has sizeable negative spikes at various intervals.",y,y,y,noisy→negative spike: 'sizeable' gives magnitude — distinguishes from jitter; kept y
207,3,sushi:n_spike\00\0000005,negative spike,positive spike,"Additionally, there are large positive spikes throughout the signal.","The direction is sustained without any alterations from a specific value. Additionally, there are large positive spikes throughout the signal.",y,y,y,
208,3,sushi:pn_spike\05\0000007,positive-and-negative spike,smooth,"Primarily, only slight interference and occasional spikes are observed in the smooth signal.","The trajectory's exponential escalation leads to a sharp culmination ascent. Primarily, only slight interference and occasional spikes are observed in the smooth signal.",y,y,y,"only slight interference and occasional spikes' concedes spikes but 'only slight'+'smooth' contradicts LARGE ±spikes — hesitated, kept y"
209,3,sushi:n_spike\13\0000003,negative spike,step,"Additionally, the signal contains a high number of step changes.","The course is modeled after a Gaussian function, with an initial climb followed by a descent, and both ends eventually reaching a constant. Additionally, the signal contains a high number of step changes.",y,y,y,
210,3,sushi:step\06\0000005,step,noisy,"Additionally, the signal is plagued by substantial noise throughout.","The inclination shows decreasing inverse exponential upswing with a downturn. Additionally, the signal is plagued by substantial noise throughout.",y,y,y,
211,3,sushi:p_spike\00\0000007,positive spike,positive-and-negative spike,"Both large positive and negative spikes fill the signal, significantly.","The trend stays constant, no alterations from the value. Both large positive and negative spikes fill the signal, significantly.",y,y,y,"p_spike→±spike: claims both polarities, truth has no negative spikes — false, ok"
212,3,sushi:noisy\14\0000008,noisy,negative spike,The signal has considerable negative spikes.,"First descending, then ascending, the pattern follows an upside-down Gaussian function, both ends becoming a fixed value. The signal has considerable negative spikes.",y,y,y,noisy→negative spike with magnitude ('considerable') — kept y
213,3,sushi:smooth\23\0000006,smooth,positive spike,"Large positive spikes frequently taint the signal, besides.","Signal, resembling an inverse sawtooth wave, exhibits a sequence that recurs at regular intervals. Large positive spikes frequently taint the signal, besides.",y,y,y,
214,3,sushi:pn_spike\21\0000003,positive-and-negative spike,smooth,"By and large, the smooth signal remains with only slight noise and spikes.","Mirroring a square wave, the signal shows a pattern that repeats regularly at regular intervals. By and large, the smooth signal remains with only slight noise and spikes.",y,y,y,the smooth signal remains with only slight noise and spikes' awkward phrasing; magnitude still contradicts large ±spikes — kept y
215,3,sushi:p_spike\05\0000006,positive spike,noisy,"A considerable amount of noise litters the signal, in addition.","The trend shows exponential increase, with a sharp escalation at the end. A considerable amount of noise litters the signal, in addition.",y,y,n,"litters' = scattered considerable noise — plausibly describes sporadic large positive spikes; non-pervasive wording, not clearly false"
216,3,sushi:pn_spike\24\0000002,positive-and-negative spike,step,"Equally important, the signal exhibits significant step changes at different intervals.","The signal, comparable to a triangular wave, illustrates a uniform pattern. Equally important, the signal exhibits significant step changes at different intervals.",y,y,y,
217,3,sushi:noisy\00\0000001,noisy,negative spike,"Equally important, the signal is characterised by intermittent negative spikes of considerable magnitude.","The pattern is constant and doesn't deviate from a specific value. Equally important, the signal is characterised by intermittent negative spikes of considerable magnitude.",y,y,y,noisy→negative spike: 'intermittent... considerable magnitude' distinguishes from continuous noise — kept y
218,3,sushi:step\13\0000002,step,positive spike,"Large positive spikes are throughout the signal, additionally.","The trend is like a hill, going up first and then coming down, with both ends at the same level. Large positive spikes are throughout the signal, additionally.",y,y,y,
219,3,sushi:step\09\0000000,step,smooth,"Generally speaking, the signal is smooth, showing only minor disturbances and fluctuations.","The trend indicates an upward pattern, akin to a sigmoid curve, with a decreasing growth rate, reaching a value. Generally speaking, the signal is smooth, showing only minor disturbances and fluctuations.",y,y,y,
220,3,sushi:p_spike\01\0000007,positive spike,positive-and-negative spike,"In addition, the signal frequently shows positive and negative spikes.","Steady escalation is observed in the trend. In addition, the signal frequently shows positive and negative spikes.",y,y,y,"no magnitude, but claims both polarities and truth has no negative spikes — false, ok"
221,3,sushi:p_spike\09\0000001,positive spike,noisy,"A large amount of noise saturates the signal, furthermore.","The pattern is consistently going up like an S-curve, and it's slowing down as it gets close to a certain value. A large amount of noise saturates the signal, furthermore.",y,y,y,p_spike→noisy: 'saturates' pins pervasive noise — false for sporadic spikes; kept y
222,3,sushi:noisy\08\0000004,noisy,negative spike,"Additionally, the signal is marked by considerable negative spikes at different points.","The trajectory is being moved towards saturation by increasing inverse decay. Additionally, the signal is marked by considerable negative spikes at different points.",y,y,y,
223,3,sushi:noisy\23\0000007,noisy,positive spike,"Positive spikes of considerable size are frequently in the signal, in addition.","The signal demonstrates a repeating rhythm at regular intervals, comparable to an inverse sawtooth wave. Positive spikes of considerable size are frequently in the signal, in addition.",y,y,y,
224,3,sushi:pn_spike\10\0000006,positive-and-negative spike,smooth,A large part of the signal is smooth with minor interference.,"Similar to an inverted sigmoid curve, the process shows a descending trend, with the descent subsiding, finally approaching a value. A large part of the signal is smooth with minor interference.",y,y,y,"A large part of the signal is smooth...' — grammatical here (unlike the 'Large part,' truncations); q1 ok"
225,3,sushi:p_spike\05\0000006,positive spike,step,"Additionally, the signal contains a high number of step changes.","The trend shows exponential increase, with a sharp escalation at the end. Additionally, the signal contains a high number of step changes.",y,y,y,
226,3,sushi:p_spike\23\0000003,positive spike,noisy,"Considerable amounts of noise fill the signal, also.","Signal shows a regular pattern like an inverse sawtooth wave. Considerable amounts of noise fill the signal, also.",y,y,y,p_spike→noisy: 'fill' pins pervasive noise — false for sporadic spikes; kept y
227,3,sushi:p_spike\12\0000001,positive spike,negative spike,"Besides, the signal is interrupted sporadically by large negative spikes.","Starting with a dip, increasing at the midpoint and finally dipping again, the trend is akin to the curve of a negative cubic function. This forms an S-shape rotated by 90 degrees. Besides, the signal is interrupted sporadically by large negative spikes.",y,y,y,
228,3,sushi:step\23\0000003,step,positive spike,"Additionally, the signal is scattered with large positive spikes.","Signal, like a reverse sawtooth wave, shows a rhythmic sequence. Additionally, the signal is scattered with large positive spikes.",y,y,y,
229,3,sushi:pn_spike\08\0000007,positive-and-negative spike,smooth,"Generally speaking, minor disturbances and fluctuations are shown in the smooth signal.","Escalating inverse exponential decay is making the trend near saturation. Generally speaking, minor disturbances and fluctuations are shown in the smooth signal.",y,y,y,
230,3,sushi:n_spike\04\0000003,negative spike,step,"Additionally, the signal contains a high number of step changes.","The route follows a convex curve, like a quadratic function, first descending, then rising rapidly. Additionally, the signal contains a high number of step changes.",y,y,y,
231,3,sushi:smooth\05\0000008,smooth,positive-and-negative spike,"Also, the signal is laced with large positive and negative spikes throughout.","Ending with a sharp end spike, the trend is illustrated by exponential expansion. Also, the signal is laced with large positive and negative spikes throughout.",y,y,y,
232,3,sushi:n_spike\09\0000001,negative spike,noisy,Intermittent noise is in the signal.,"Resembling an S-shaped sigmoid curve, the pattern manifests an unbroken ascending trend, which progressively slows down its rate of increase and eventually nears a constant value. Intermittent noise is in the signal.",y,n,n,"Intermittent noise is in the signal' — no magnitude: doesn't pin the noisy class (minor noise plausible anywhere), and intermittent disturbances genuinely occur in a spike signal — neither pins swap_to nor clearly false"
233,3,sushi:p_spike\09\0000007,positive spike,negative spike,Large negative spikes are present in the signal.,"Echoing an S-shaped sigmoid curve, the trajectory shows a steady ascent, with its rate of increase slowing, eventually nearing a constant value. Large negative spikes are present in the signal.",y,y,y,
234,3,sushi:pn_spike\14\0000000,positive-and-negative spike,positive spike,"Furthermore, the signal is sporadically interrupted by large positive spikes throughout.","The shift is in tune with an inverted Gaussian function, dropping at first and then climbing, with both ends eventually equating to a constant value. Furthermore, the signal is sporadically interrupted by large positive spikes throughout.",y,y,n,±spike truth: large positive spikes genuinely present — claim still true (subset)
235,3,sushi:step\08\0000005,step,smooth,"In general, the signal is smooth with slight spikes.","The course is on the path to saturation due to the burgeoning inverse exponential decay. In general, the signal is smooth with slight spikes.",y,y,y,
236,3,sushi:p_spike\01\0000007,positive spike,step,"Also, there are notable step changes scattered throughout the signal.","Steady escalation is observed in the trend. Also, there are notable step changes scattered throughout the signal.",y,y,y,
237,3,sushi:step\07\0000004,step,negative spike,"Also, the signal has sizeable negative spikes at various intervals.","Flow marked by decrease nears a certain value through exponential decay. Also, the signal has sizeable negative spikes at various intervals.",y,y,y,
238,3,sushi:noisy\22\0000001,noisy,positive spike,Positive spikes separate the signal.,"A periodic pattern, similar to a sawtooth wave, is reflected by the signal. Positive spikes separate the signal.",y,y,y,"Positive spikes separate the signal' — odd collocation; no magnitude vs noisy truth: 'spikes' still implies discrete impulses vs continuous jitter — hesitated, kept y"
239,3,sushi:pn_spike\04\0000004,positive-and-negative spike,smooth,A large part of the signal is smooth with minor interference.,"The trajectory follows a convex curve similar to a quadratic function, initially descending and then ascending. A large part of the signal is smooth with minor interference.",y,y,y,
240,3,sushi:pn_spike\04\0000004,positive-and-negative spike,noisy,"Equally importantly, the signal is characterised by intermittent and considerable noise.","The trajectory follows a convex curve similar to a quadratic function, initially descending and then ascending. Equally importantly, the signal is characterised by intermittent and considerable noise.",y,y,n,intermittent and considerable noise' plausibly describes ±spikes; non-pervasive — not clearly false
241,3,sushi:noisy\05\0000001,noisy,positive-and-negative spike,"In addition, the signal frequently shows positive and negative spikes.","The trajectory is known for its exponential escalation, leading to a sharp increase at the culmination. In addition, the signal frequently shows positive and negative spikes.",y,y,n,noisy→±spike with NO magnitude: 'frequently shows positive and negative spikes' — frequent bidirectional excursions is close to a description of noise itself; can't cleanly tell the classes apart
242,3,sushi:n_spike\03\0000004,negative spike,step,Signal has considerable step changes.,"The trend reproduces a concave curve, initially rising and falling. Signal has considerable step changes.",y,y,y,"Signal has considerable step changes' — missing article, telegraphic but readable"
243,3,sushi:step\01\0000003,step,negative spike,"Additionally, the signal is laced with considerable amounts of negative spikes.","The trend is escalating at a persistent and steady speed. Additionally, the signal is laced with considerable amounts of negative spikes.",y,y,y,considerable amounts of negative spikes' slightly awkward quantifier; steps-vs-spikes still distinct — ok
244,3,sushi:noisy\06\0000002,noisy,positive spike,"Also, the signal is filled with sizable positive spikes.","The flow shows a decreasing inverse exponential enhancement, characterised by a steep plunge at the finish. Also, the signal is filled with sizable positive spikes.",y,y,y,noisy→positive spike with magnitude ('sizable') — kept y
245,3,sushi:n_spike\03\0000004,negative spike,smooth,Minor noise is in the smooth signal.,"The trend reproduces a concave curve, initially rising and falling. Minor noise is in the smooth signal.",y,y,y,
246,3,sushi:pn_spike\02\0000009,positive-and-negative spike,noisy,"Equally importantly, the signal is characterised by intermittent and considerable noise.","The decrease is consistent in the trend. Equally importantly, the signal is characterised by intermittent and considerable noise.",y,y,n,intermittent and considerable noise' plausibly describes ±spikes — not clearly false
247,3,sushi:pn_spike\24\0000002,positive-and-negative spike,negative spike,"Additionally, the signal is laced with considerable amounts of negative spikes.","The signal, comparable to a triangular wave, illustrates a uniform pattern. Additionally, the signal is laced with considerable amounts of negative spikes.",y,y,n,±spike truth: considerable negative spikes genuinely present — claim still true (subset)
248,3,sushi:smooth\04\0000006,smooth,positive spike,"Frequent positive spikes of significant magnitude are in the signal, moreover.","The line decreases and increases, like a convex curve. Frequent positive spikes of significant magnitude are in the signal, moreover.",y,y,y,
249,3,sushi:p_spike\23\0000001,positive spike,smooth,Minor noise is often observed in the primarily smooth signal.,"Replicated at regular intervals, the signal shows a rhythmic pattern similar to an inverse sawtooth wave. Minor noise is often observed in the primarily smooth signal.",y,y,y,
250,3,sushi:pn_spike\01\0000004,positive-and-negative spike,step,Intermittent large step changes occur in the signal.,The course is demonstrating a steady linear climb. Intermittent large step changes occur in the signal.,y,y,y,
251,3,sushi:p_spike\03\0000002,positive spike,noisy,"A significant amount of noise is interspersed within the signal, in addition.","The movement follows a concave curve, just like a quadratic function, initially rising and then dropping. A significant amount of noise is interspersed within the signal, in addition.",y,y,n,"interspersed' = scattered noise — plausibly describes sporadic large positive spikes; non-pervasive, not clearly false"
252,3,sushi:smooth\21\0000002,smooth,positive-and-negative spike,"Besides, the signal contains sporadic large positive and negative spikes.","A periodic pattern, similar to a square wave, is what the signal shows. Besides, the signal contains sporadic large positive and negative spikes.",y,y,y,
253,3,sushi:pn_spike\05\0000004,positive-and-negative spike,negative spike,"Besides, the signal is spotted with considerable amounts of negative spikes.","The course shows exponential undulation, with a sharp conclusion rise. Besides, the signal is spotted with considerable amounts of negative spikes.",y,y,n,±spike truth: considerable negative spikes genuinely present — claim still true (subset). q1: 'spotted with considerable amounts of' slightly awkward
254,3,sushi:pn_spike\23\0000001,positive-and-negative spike,positive spike,"Furthermore, the signal is sporadically interrupted by large positive spikes throughout.","The signal shows a rhythmic tendency similar to an inverse sawtooth wave. Furthermore, the signal is sporadically interrupted by large positive spikes throughout.",y,y,n,±spike truth: large positive spikes genuinely present — claim still true (subset); 'sporadically...throughout' also mildly contradictory
255,3,sushi:n_spike\24\0000004,negative spike,smooth,"Overall, the signal is smooth, with only minor interference and spikes.","The signal, analogous to a triangular wave, reveals a periodically repeating pattern. Overall, the signal is smooth, with only minor interference and spikes.",y,y,y,only minor interference and spikes' concedes spikes but magnitude ('only minor') contradicts large negative spikes — kept y
256,3,sushi:n_spike\05\0000000,negative spike,noisy,The signal has high levels of noise.,"The trend is defined by exponential progression, culminating in a sharp upturn at the end. The signal has high levels of noise.",y,y,n,has high levels of noise' — magnitude but no pervasiveness cue; recurring large negative spikes could read as high noise levels — not cleanly distinguishable
257,3,sushi:smooth\10\0000005,smooth,step,Large step changes are in the signal.,"Comparable to an inverted sigmoid curve, the direction illustrates a decreasing trend, its descent decelerating, approaching a value. Large step changes are in the signal.",y,y,y,
258,3,sushi:pn_spike\04\0000003,positive-and-negative spike,negative spike,"Besides, the signal is spotted with considerable amounts of negative spikes.","Like a convex curve, the direction initially decreases and increases. Besides, the signal is spotted with considerable amounts of negative spikes.",y,y,n,±spike truth: considerable negative spikes genuinely present — claim still true (subset)
259,3,sushi:pn_spike\08\0000007,positive-and-negative spike,positive spike,"Notably, the signal is characterised by large positive spikes at various points.","Escalating inverse exponential decay is making the trend near saturation. Notably, the signal is characterised by large positive spikes at various points.",y,y,n,±spike truth: large positive spikes at various points genuinely present — claim still true (subset)
260,3,sushi:n_spike\11\0000008,negative spike,smooth,Minor interruptions remain in the smooth signal.,"The pathway follows the curve of a positive cubic function, initially escalating, then declining in the middle, and finally escalating once more. This results in a mirrored S-shape that's been rotated by 90 degrees. Minor interruptions remain in the smooth signal.",y,y,y,
261,3,sushi:step\05\0000005,step,noisy,"Besides, the signal is frequently tainted by considerable noise.","The progression is typified by exponential expansion, concluding with a significant surge towards the end. Besides, the signal is frequently tainted by considerable noise.",y,y,y,
262,3,sushi:p_spike\23\0000001,positive spike,positive-and-negative spike,"In addition, the signal frequently shows positive and negative spikes.","Replicated at regular intervals, the signal shows a rhythmic pattern similar to an inverse sawtooth wave. In addition, the signal frequently shows positive and negative spikes.",y,y,y,p_spike→±spike: claims negative spikes which truth lacks — false despite no magnitude; ok
263,3,sushi:p_spike\04\0000001,positive spike,step,Signal exhibits significant step changes.,"The pattern, similar to a convex curve, initially falls and then rises. Signal exhibits significant step changes.",y,y,y,"Signal exhibits significant step changes' — missing article, telegraphic but readable"
264,3,sushi:pn_spike\12\0000007,positive-and-negative spike,negative spike,"Negative spikes of considerable size are frequently contained in the signal, in addition.","Starting with a dip, increasing, and dipping, the trend is akin to a negative cubic function's curve and forms a rotated 90-degree S-shape. Negative spikes of considerable size are frequently contained in the signal, in addition.",y,y,n,±spike truth: considerable negative spikes genuinely present — claim still true (subset)
265,3,sushi:noisy\00\0000001,noisy,positive spike,"In the same vein, the signal is occasionally interrupted by large positive spikes.","The pattern is constant and doesn't deviate from a specific value. In the same vein, the signal is occasionally interrupted by large positive spikes.",y,y,y,noisy→positive spike with magnitude ('large') — kept y
266,3,sushi:p_spike\14\0000009,positive spike,smooth,Minor interruptions remain in the smooth signal.,"Following an inverted Gaussian function, the trend initially descends then ascends, with both ends converging to a value. Minor interruptions remain in the smooth signal.",y,y,y,
267,3,sushi:step\12\0000006,step,noisy,"Additionally, the signal is plagued by substantial noise throughout.","The progression reflects the graph of a negative cubic function, initially dipping, then surging in the middle and finally dipping again. This forms an S-shape rotated by 90 degrees. Additionally, the signal is plagued by substantial noise throughout.",y,y,y,
268,3,sushi:p_spike\13\0000006,positive spike,step,"Also, there are notable step changes scattered throughout the signal.","The fashion is like a hill, it goes up first and then comes down, with both ends ending up at the same point. Also, there are notable step changes scattered throughout the signal.",y,y,y,
269,3,sushi:p_spike\02\0000000,positive spike,negative spike,"Besides, the signal shows large negative spikes intermittently.","The course shows linear descent. Besides, the signal shows large negative spikes intermittently.",y,y,y,
270,3,sushi:noisy\13\0000003,noisy,positive spike,Positive spikes appear throughout the signal.,"The trend is similar to a Gaussian function, initially rising and then falling, with both ends ultimately merging at a constant value. Positive spikes appear throughout the signal.",y,y,y,"no magnitude + 'throughout' leans noise-like timing, but 'spikes' still implies discrete impulses — hesitated, kept y"
271,3,sushi:n_spike\03\0000006,negative spike,smooth,"Generally, the signal is smooth with minor noise.","The direction, conforming to a concave curvature, is initially rising and falling. Generally, the signal is smooth with minor noise.",y,y,y,
272,3,sushi:n_spike\09\0000003,negative spike,noisy,"Considerable amounts of noise fill the signal, also.","Analogous to a sigmoid curve, the progression illustrates a steady upward trend, with the speed of increase gradually diminishing, eventually culminating at a specific value. Considerable amounts of noise fill the signal, also.",y,y,y,n_spike→noisy: 'fill' pins pervasive noise — false for sporadic spikes; kept y
273,3,sushi:n_spike\04\0000003,negative spike,positive-and-negative spike,"Both large positive and negative spikes fill the signal, significantly.","The route follows a convex curve, like a quadratic function, first descending, then rising rapidly. Both large positive and negative spikes fill the signal, significantly.",y,y,y,n_spike→±spike: claims positive spikes which truth lacks — false; ok
274,3,sushi:step\06\0000008,step,negative spike,"Considerable negative spikes mark the signal at different points, additionally.","Decreasing inverse exponential growth with a drop is exhibited by the lapse. Considerable negative spikes mark the signal at different points, additionally.",y,y,y,retained trend clause 'exhibited by the lapse' awkward (not swap-related)
275,3,sushi:pn_spike\11\0000008,positive-and-negative spike,positive spike,"Frequent positive spikes of significant magnitude are in the signal, moreover.","The sequence parallels the curve of a positive cubic function, starting with an increase, followed by a decrease in the middle, and ending with an increase. This forms a reflected S-shape, rotated by 90 degrees. Frequent positive spikes of significant magnitude are in the signal, moreover.",y,y,n,±spike truth: frequent significant positive spikes genuinely present — claim still true (subset)
276,3,sushi:n_spike\05\0000007,negative spike,smooth,"Generally, the signal demonstrates a smooth trend with minor disturbances.","Ending with a sharp climax rise, the trend's progression is exponential. Generally, the signal demonstrates a smooth trend with minor disturbances.",y,y,y,
277,3,sushi:noisy\13\0000003,noisy,step,Signal frequently shows large step changes.,"The trend is similar to a Gaussian function, initially rising and then falling, with both ends ultimately merging at a constant value. Signal frequently shows large step changes.",y,y,y,"Signal frequently shows large step changes' — missing article, telegraphic but readable"
278,3,sushi:n_spike\24\0000000,negative spike,noisy,"Considerable noise frequently taints the signal, besides.","Presenting a regular rhythm, the signal is like a triangular wave. Considerable noise frequently taints the signal, besides.",y,y,n,Considerable noise frequently taints' — non-pervasive noise wording; recurring large negative spikes plausibly read as frequent considerable noise — not clearly false
279,3,sushi:pn_spike\01\0000004,positive-and-negative spike,negative spike,Large negative spikes are present in the signal.,The course is demonstrating a steady linear climb. Large negative spikes are present in the signal.,y,y,n,±spike truth: large negative spikes genuinely present — claim still true (subset)
280,3,sushi:noisy\10\0000000,noisy,positive spike,Positive spikes interrupt the signal.,"Similar to an inverted S-shaped curve with a mirrored S-shape, the trajectory shows a monotonically decreasing pattern, eventually approaching a certain value, but with a gradual deceleration in its rate of decrease. Positive spikes interrupt the signal.",y,y,y,"Positive spikes interrupt the signal' — no magnitude vs noisy truth; 'interrupt' implies discrete impulses vs continuous jitter — hesitated, kept y"
281,3,sushi:p_spike\00\0000007,positive spike,smooth,"Generally, the signal demonstrates a smooth trend with minor disturbances.","The trend stays constant, no alterations from the value. Generally, the signal demonstrates a smooth trend with minor disturbances.",y,y,y,
282,3,sushi:smooth\14\0000009,smooth,step,"Additionally, there are large step changes throughout the signal.","The change follows the curve of a flipped Gaussian function, first decreasing and then increasing, with both ends finally converging to a steady value. Additionally, there are large step changes throughout the signal.",y,y,y,
283,3,sushi:smooth\05\0000004,smooth,positive-and-negative spike,"In addition, the signal frequently shows positive and negative spikes.","The trend is recognised by an exponential increase, with a sharp ascent towards the peak. In addition, the signal frequently shows positive and negative spikes.",y,y,y,"no magnitude, but smooth truth has no spikes at all — clearly false; ok"
284,3,sushi:smooth\24\0000007,smooth,noisy,"In the same vein, the signal is smeared with high levels of noise.","Like a triangular wave, the signal discloses a regular rhythm that is constantly echoed. In the same vein, the signal is smeared with high levels of noise.",y,y,y,
285,3,sushi:p_spike\04\0000001,positive spike,negative spike,Negative spikes punctuate the signal.,"The pattern, similar to a convex curve, initially falls and then rises. Negative spikes punctuate the signal.",y,y,y,
286,3,sushi:step\14\0000007,step,positive spike,"Large positive spikes frequently taint the signal, besides.","Initially going down, then going up, the trend reflects the trajectory of an inverse Gaussian function, both ends stabilizing at a specific value. Large positive spikes frequently taint the signal, besides.",y,y,y,
287,3,sushi:step\07\0000009,step,smooth,Minor noise is in the smooth signal.,Trajectories decrease and approach a specific value via exponential decay. Minor noise is in the smooth signal.,y,y,y,
288,3,sushi:n_spike\01\0000001,negative spike,noisy,"Additionally, the signal is plagued by substantial noise throughout.","Rising constantly is the pattern. Additionally, the signal is plagued by substantial noise throughout.",y,y,y,n_spike→noisy: 'plagued...throughout' pins pervasive noise — false for sporadic spikes; kept y
289,3,sushi:smooth\08\0000007,smooth,step,"Notably, the signal is characterised by large step changes at various points.","Increasing inverse exponential decay is causing the trajectory to move towards saturation. Notably, the signal is characterised by large step changes at various points.",y,y,y,
290,3,sushi:smooth\02\0000005,smooth,negative spike,Frequent negative spikes are in the signal.,The linear decrease is evident in the trend. Frequent negative spikes are in the signal.,y,y,y,
291,3,sushi:step\04\0000009,step,positive spike,"Large positive spikes are throughout the signal, additionally.","Decreasing and increasing, the line is like a convex curve. Large positive spikes are throughout the signal, additionally.",y,y,y,
292,3,sushi:step\10\0000007,step,smooth,Slight noise remains in the smooth signal.,"The path is consistently falling, like an upside-down S-curve, and it's starting to slow down as it approaches a certain point. Slight noise remains in the smooth signal.",y,y,y,
293,3,sushi:step\20\0000008,step,positive-and-negative spike,"Both large positive and negative spikes fill the signal, significantly.","The signal, bearing similarity to a sinusoidal wave, manifests a pattern that echoes at regular intervals. Both large positive and negative spikes fill the signal, significantly.",y,y,y,
294,3,sushi:n_spike\04\0000003,negative spike,noisy,"A large amount of noise covers the signal throughout, furthermore.","The route follows a convex curve, like a quadratic function, first descending, then rising rapidly. A large amount of noise covers the signal throughout, furthermore.",y,y,y,n_spike→noisy: 'covers...throughout' pervasive — false for sporadic spikes; kept y
295,3,sushi:smooth\00\0000006,smooth,step,"In addition, the signal is separated by step changes of considerable magnitude.","The trend is steady, with no amendments from the predetermined values. In addition, the signal is separated by step changes of considerable magnitude.",y,y,y,separated by step changes' odd collocation; otherwise clean
296,3,sushi:step\04\0000009,step,negative spike,"Besides, the signal shows large negative spikes intermittently.","Decreasing and increasing, the line is like a convex curve. Besides, the signal shows large negative spikes intermittently.",y,y,y,
297,3,sushi:smooth\11\0000005,smooth,positive spike,"Equally important, the signal is characterised by intermittent positive spikes of considerable magnitude.","The pattern mirrors a positive cubic function's trajectory, with expansion, contraction, and another expansion, forming a 90-degree rotated S-shape that is reversed. Equally important, the signal is characterised by intermittent positive spikes of considerable magnitude.",y,y,y,
298,3,sushi:step\00\0000007,step,smooth,"For the most part, the signal is smooth with slight disturbances.","The pattern remains steady without straying from a determined value. For the most part, the signal is smooth with slight disturbances.",y,y,y,
299,3,sushi:smooth\01\0000002,smooth,noisy,"Considerable amounts of noise infiltrate the signal, furthermore.","The trend is straight in its growth. Considerable amounts of noise infiltrate the signal, furthermore.",y,y,y,
300,3,sushi:noisy\21\0000002,noisy,negative spike,"Moreover, the signal is consistently pestered by high levels of negative spikes.","Much like a square wave, the signal mirrors a rhythmic pattern that repeats at regular intervals. Moreover, the signal is consistently pestered by high levels of negative spikes.",y,y,y,pestered by' odd word choice; magnitude ('high levels') distinguishes from noise jitter — kept y
301,4,sushi:noisy\09\0000000,noisy,positive spike,Positive spikes appear throughout the signal.,"The process shows an upward trend, similar to a sigmoid curve, settles at a value, while its expansion decelerates. Positive spikes appear throughout the signal.",y,y,y,"noisy→p_spike, no magnitude but 'throughout': 'spikes' still implies discrete impulses vs continuous jitter — kept y with hesitation"
302,4,sushi:p_spike\10\0000008,positive spike,smooth,Minor noise is in the smooth signal.,"The direction is steadily going down, like an upside-down S-curve, and it's starting to slow down as it gets closer to a certain value. Minor noise is in the smooth signal.",y,y,y,
303,4,sushi:p_spike\10\0000000,positive spike,step,"Notably, the signal is characterised by large step changes at various points.","The direction presents a steadily declining trend, comparable to an inverse sigmoid curve with a mirrored S-shape, with its rate of descent gradually decelerating, eventually approaching a fixed value. Notably, the signal is characterised by large step changes at various points.",y,y,y,
304,4,sushi:p_spike\05\0000004,positive spike,positive-and-negative spike,"Besides, the signal contains sporadic large positive and negative spikes.","Ending with a significant end increase, the course is outlined by exponential acceleration. Besides, the signal contains sporadic large positive and negative spikes.",y,y,y,"claims both polarities; truth has only positive spikes — false, ok"
305,4,sushi:p_spike\21\0000004,positive spike,noisy,"A considerable amount of noise litters the signal, in addition.","The signal displays a consistent pattern that perpetually repeats at regular intervals, bearing similarity to a square wave. A considerable amount of noise litters the signal, in addition.",y,y,n,litters' = scattered noise; sporadic large positive spikes could read as scattered considerable noise — not clearly false
306,4,sushi:pn_spike\20\0000001,positive-and-negative spike,negative spike,"Besides, the signal shows large negative spikes intermittently.","The signal, similar to a sine wave, shows a repeating periodic pattern. Besides, the signal shows large negative spikes intermittently.",y,y,n,±spike truth does contain intermittent large negative spikes — claim still true (subset)
307,4,sushi:step\08\0000005,step,positive spike,"Additionally, there are large positive spikes throughout the signal.","The course is on the path to saturation due to the burgeoning inverse exponential decay. Additionally, there are large positive spikes throughout the signal.",y,y,y,
308,4,sushi:n_spike\01\0000002,negative spike,smooth,Minor interruptions remain in the smooth signal.,The trend is consistently linear. Minor interruptions remain in the smooth signal.,y,y,y,
309,4,sushi:pn_spike\02\0000006,positive-and-negative spike,step,Large step changes are evident in the signal.,The sequence is uniformly decreasing in a linear fashion. Large step changes are evident in the signal.,y,y,y,
310,4,sushi:smooth\09\0000001,smooth,noisy,"A significant amount of noise permeates the signal, in addition.","The direction shows an unbroken upward pattern, similar to an S-shaped sigmoid curve, which eventually converges to a specific value, while its rate of expansion gradually slows down. A significant amount of noise permeates the signal, in addition.",y,y,y,
311,4,sushi:smooth\04\0000006,smooth,negative spike,"Besides, the signal is speckled with high levels of negative spikes.","The line decreases and increases, like a convex curve. Besides, the signal is speckled with high levels of negative spikes.",y,y,y,
312,4,sushi:noisy\04\0000000,noisy,positive spike,Positive spikes interrupt the signal.,"First descending, then rising rapidly, the route follows a convex curve, like a quadratic function. Positive spikes interrupt the signal.",y,y,y,"noisy→p_spike, no magnitude: 'interrupt' implies discrete events vs continuous jitter — kept y with hesitation"
313,4,sushi:n_spike\20\0000008,negative spike,smooth,"Generally speaking, the signal is smooth, showing only minor disturbances and fluctuations.","Signal displays a recurring, sine wave-like pattern. Generally speaking, the signal is smooth, showing only minor disturbances and fluctuations.",y,y,y,
314,4,sushi:smooth\04\0000006,smooth,positive-and-negative spike,"Additionally, there are large positive and negative spikes throughout the signal.","The line decreases and increases, like a convex curve. Additionally, there are large positive and negative spikes throughout the signal.",y,y,y,
315,4,sushi:noisy\14\0000008,noisy,step,Signal frequently shows large step changes.,"First descending, then ascending, the pattern follows an upside-down Gaussian function, both ends becoming a fixed value. Signal frequently shows large step changes.",y,y,y,"q1: 'Signal frequently shows...' missing article, telegraphic but readable — kept y"
316,4,sushi:step\24\0000000,step,negative spike,Considerable negative spikes are in the signal.,"The signal exhibits a rhythmic tendency to reverberate at regular intervals, similar to a triangular wave. Considerable negative spikes are in the signal.",y,y,y,
317,4,sushi:n_spike\01\0000001,negative spike,positive spike,"Additionally, there are large positive spikes throughout the signal.","Rising constantly is the pattern. Additionally, there are large positive spikes throughout the signal.",y,y,y,
318,4,sushi:pn_spike\00\0000008,positive-and-negative spike,smooth,"Generally speaking, the signal is smooth, showing only minor disturbances and fluctuations.","Trend remains identical, doesn't vary from the value. Generally speaking, the signal is smooth, showing only minor disturbances and fluctuations.",y,y,y,"retained trend clause 'Trend remains identical, doesn't vary from the value' telegraphic (both captions, not swap-related); swap clean"
319,4,sushi:smooth\22\0000000,smooth,noisy,"A large amount of noise covers the signal throughout, furthermore.","A rhythmic sequence, similar to saw waves, is shown by the signal. A large amount of noise covers the signal throughout, furthermore.",y,y,y,
320,4,sushi:step\04\0000005,step,negative spike,Intermittent negative spikes are in the signal.,"The sequence, initially descending and then ascending, mirrors a convex curve, akin to a quadratic function. Intermittent negative spikes are in the signal.",y,y,y,
321,4,sushi:n_spike\01\0000002,negative spike,positive spike,"Large positive spikes saturate the signal, furthermore.","The trend is consistently linear. Large positive spikes saturate the signal, furthermore.",y,y,y,
322,4,sushi:noisy\22\0000004,noisy,smooth,"Mainly, minor noise is observed in the smooth signal.","Replicating at regular intervals, the signal shows a rhythmic pattern similar to saw waves. Mainly, minor noise is observed in the smooth signal.",y,y,y,
323,4,sushi:noisy\24\0000007,noisy,step,"Equally important, the signal is characterised by intermittent large step changes.","The signal presents a repeating pattern that's comparable to a triangular wave. Equally important, the signal is characterised by intermittent large step changes.",y,y,y,
324,4,sushi:n_spike\12\0000000,negative spike,noisy,"Substantial noise plagues the signal throughout, additionally.","The trend mirrors the curve of a negative cubic function, starting with a decrease, then experiencing an increase and finally decreasing again. This forms a 90-degree rotated S-shape. Substantial noise plagues the signal throughout, additionally.",y,y,y,"n_spike→noisy but 'plagues throughout' = pervasive, false for sporadic spikes — kept y"
325,4,sushi:noisy\07\0000000,noisy,positive-and-negative spike,"In addition, the signal frequently shows positive and negative spikes.","The metamorphosis is indicated by a decreasing trend and edges towards a specific value by exponential decay. In addition, the signal frequently shows positive and negative spikes.",y,y,n,noisy→±spike with no magnitude: 'frequently shows positive and negative spikes' plausibly describes noise's bidirectional excursions — can't cleanly tell classes apart
326,4,sushi:pn_spike\13\0000004,positive-and-negative spike,negative spike,"Moreover, the signal is characterized by frequent negative spikes of large magnitude.","Ascending then descending, the movement corresponds to a Gaussian function, aligning to a constant. Moreover, the signal is characterized by frequent negative spikes of large magnitude.",y,y,n,±spike truth does contain frequent large negative spikes — claim still true (subset)
327,4,sushi:n_spike\02\0000000,negative spike,positive spike,"Large positive spikes are throughout the signal, additionally.","The pattern is witnessing a linear and constant decline. Large positive spikes are throughout the signal, additionally.",y,y,y,
328,4,sushi:noisy\21\0000002,noisy,smooth,A smooth pattern with slight interference is generally shown by the signal.,"Much like a square wave, the signal mirrors a rhythmic pattern that repeats at regular intervals. A smooth pattern with slight interference is generally shown by the signal.",y,y,y,
329,4,sushi:pn_spike\07\0000003,positive-and-negative spike,noisy,"Furthermore, the signal is covered by a large amount of noise throughout.","The pathway is marked by a decrease and is drawn to a specific value by exponential decay. Furthermore, the signal is covered by a large amount of noise throughout.",y,y,y,"pn_spike→noisy but 'covered…throughout' = pervasive, false for sporadic spikes — kept y"
330,4,sushi:smooth\01\0000002,smooth,step,Intermittent large step changes occur in the signal.,The trend is straight in its growth. Intermittent large step changes occur in the signal.,y,y,y,
331,4,sushi:p_spike\14\0000005,positive spike,negative spike,"Besides, the signal is spotted with considerable amounts of negative spikes.","The course models a flipped Gaussian function, starting with a decline then incline, both ends equalizing at a constant. Besides, the signal is spotted with considerable amounts of negative spikes.",y,y,y,q1: 'spotted with considerable amounts of negative spikes' awkward but grammatical; polarity decides q3 — clean
332,4,sushi:noisy\14\0000006,noisy,positive spike,"Notably, the signal is characterised by large positive spikes at various points.","The progression is like a valley, it starts by going down and then goes up, ending at the same level on both ends. Notably, the signal is characterised by large positive spikes at various points.",y,y,y,noisy→p_spike with magnitude ('large…at various points') distinguishes from continuous noise — kept y
333,4,sushi:noisy\13\0000003,noisy,smooth,Slight noise remains in the smooth signal.,"The trend is similar to a Gaussian function, initially rising and then falling, with both ends ultimately merging at a constant value. Slight noise remains in the smooth signal.",y,y,y,
334,4,sushi:smooth\07\0000004,smooth,noisy,"In the same vein, the signal is smeared with high levels of noise.","The movement is signified by a decrease and converges to a certain value through exponential decay. In the same vein, the signal is smeared with high levels of noise.",y,y,y,
335,4,sushi:smooth\09\0000006,smooth,positive-and-negative spike,"Furthermore, large positive and negative spikes appear consistently.","Like the sigmoid curve that generates an S-shape, the trend manifests a monotonous increasing pattern, with its rate of increase gradually subsiding and eventually approaching a constant value. Furthermore, large positive and negative spikes appear consistently.",y,y,y,
336,4,sushi:p_spike\01\0000004,positive spike,step,Signal frequently shows large step changes.,The pattern is linearly increasing in a consistent manner. Signal frequently shows large step changes.,y,y,y,q1: 'Signal frequently shows...' missing article — kept y
337,4,sushi:noisy\10\0000008,noisy,negative spike,Negative spikes punctuate the signal.,"The process shows a pattern of consistent downward movement, like an inverse sigmoid curve drawing a mirrored S-shape, with its rate of decrease gradually subsiding, finally approaching a specific value. Negative spikes punctuate the signal.",y,y,y,"noisy→n_spike, no magnitude: 'punctuate' implies discrete impulses vs jitter — kept y with hesitation"
338,4,sushi:noisy\23\0000009,noisy,positive spike,Positive spikes interrupt the signal.,The signal shows a rhythmic tendency similar to an inverse sawtooth wave. Positive spikes interrupt the signal.,y,y,y,"noisy→p_spike, no magnitude: 'interrupt' implies discrete events — kept y with hesitation"
339,4,sushi:pn_spike\02\0000009,positive-and-negative spike,smooth,A large part of the signal is smooth with minor interference.,The decrease is consistent in the trend. A large part of the signal is smooth with minor interference.,y,y,y,
340,4,sushi:step\08\0000004,step,noisy,"Correspondingly, the signal is contaminated with significant noise.","The trajectory is nearing saturation through the rise of inverse exponential decay. Correspondingly, the signal is contaminated with significant noise.",y,y,y,"step→noisy 'contaminated with significant noise': steps are clean level shifts, not noise-like — kept y (contrast spike truths)"
341,4,sushi:noisy\10\0000000,noisy,step,Signal exhibits significant step changes.,"Similar to an inverted S-shaped curve with a mirrored S-shape, the trajectory shows a monotonically decreasing pattern, eventually approaching a certain value, but with a gradual deceleration in its rate of decrease. Signal exhibits significant step changes.",y,y,y,q1: 'Signal exhibits...' missing article — kept y
342,4,sushi:noisy\04\0000004,noisy,negative spike,"Additionally, the signal is marked by considerable negative spikes at different points.","Similar to a convex curve, the trend initially descends then ascends. Additionally, the signal is marked by considerable negative spikes at different points.",y,y,y,
343,4,sushi:smooth\09\0000001,smooth,positive spike,"Additionally, the signal is plagued by substantial positive spikes throughout.","The direction shows an unbroken upward pattern, similar to an S-shaped sigmoid curve, which eventually converges to a specific value, while its rate of expansion gradually slows down. Additionally, the signal is plagued by substantial positive spikes throughout.",y,y,y,
344,4,sushi:pn_spike\14\0000000,positive-and-negative spike,smooth,A large part of the signal is smooth with minor interference.,"The shift is in tune with an inverted Gaussian function, dropping at first and then climbing, with both ends eventually equating to a constant value. A large part of the signal is smooth with minor interference.",y,y,y,
345,4,sushi:smooth\21\0000009,smooth,positive-and-negative spike,"Also, the signal is laced with large positive and negative spikes throughout.","The signal presents a consistent pattern, similar to a square wave. Also, the signal is laced with large positive and negative spikes throughout.",y,y,y,
346,4,sushi:n_spike\13\0000003,negative spike,noisy,"A large amount of noise covers the signal throughout, furthermore.","The course is modeled after a Gaussian function, with an initial climb followed by a descent, and both ends eventually reaching a constant. A large amount of noise covers the signal throughout, furthermore.",y,y,y,n_spike→noisy but 'covers…throughout' = pervasive — kept y
347,4,sushi:step\21\0000004,step,negative spike,"Correspondingly, the signal is contaminated with significant negative spikes.","The signal shows a rhythmic pattern, similar to a square wave, that recurs at regular intervals. Correspondingly, the signal is contaminated with significant negative spikes.",y,y,y,
348,4,sushi:smooth\02\0000000,smooth,positive spike,Positive spikes are displayed within the signal.,The decline in the trend is uniform. Positive spikes are displayed within the signal.,y,y,y,"no magnitude, but smooth truth has no spikes at all — clearly false, clean"
349,4,sushi:pn_spike\08\0000001,positive-and-negative spike,smooth,A smooth pattern with slight interference is generally shown by the signal.,The trajectory is on its way to saturation due to the growth of inverse exponential decay. A smooth pattern with slight interference is generally shown by the signal.,y,y,y,
350,4,sushi:noisy\05\0000001,noisy,step,Consistent large step changes can be seen in the signal.,"The trajectory is known for its exponential escalation, leading to a sharp increase at the culmination. Consistent large step changes can be seen in the signal.",y,y,y,
351,4,sushi:p_spike\01\0000007,positive spike,noisy,"A considerable amount of noise litters the signal, in addition.","Steady escalation is observed in the trend. A considerable amount of noise litters the signal, in addition.",y,y,n,litters' = scattered noise; sporadic large positive spikes could read as scattered considerable noise — not clearly false
352,4,sushi:p_spike\22\0000008,positive spike,negative spike,"Besides, the signal shows large negative spikes intermittently.","A periodic pattern, similar to a sawtooth wave, is presented by the signal. Besides, the signal shows large negative spikes intermittently.",y,y,y,
353,4,sushi:step\09\0000009,step,positive spike,"Large positive spikes are throughout the signal, additionally.","The direction exhibits an ascending trend, akin to a sigmoid curve, reaching a value, with a declining growth speed. Large positive spikes are throughout the signal, additionally.",y,y,y,
354,4,sushi:p_spike\03\0000002,positive spike,smooth,"Generally speaking, the signal is smooth, showing only minor disturbances and fluctuations.","The movement follows a concave curve, just like a quadratic function, initially rising and then dropping. Generally speaking, the signal is smooth, showing only minor disturbances and fluctuations.",y,y,y,
355,4,sushi:smooth\00\0000006,smooth,positive-and-negative spike,"Also, the signal is laced with large positive and negative spikes throughout.","The trend is steady, with no amendments from the predetermined values. Also, the signal is laced with large positive and negative spikes throughout.",y,y,y,
356,4,sushi:smooth\20\0000000,smooth,step,"Notably, the signal is characterised by large step changes at various points.","The signal, akin to a sinusoidal wave, demonstrates a pattern that reoccurs at regular intervals. Notably, the signal is characterised by large step changes at various points.",y,y,y,
357,4,sushi:step\03\0000007,step,noisy,Noise pervades throughout the signal.,"Similar to a concave curve, the trend initially ascends and then descends. Noise pervades throughout the signal.",y,y,y,"no magnitude, but 'pervades throughout' is a strong pervasiveness claim — false for a clean step signal; kept y with hesitation (contrast bare 'noise is exhibited' rows)"
358,4,sushi:smooth\02\0000000,smooth,negative spike,Considerable negative spikes are in the signal.,The decline in the trend is uniform. Considerable negative spikes are in the signal.,y,y,y,
359,4,sushi:n_spike\08\0000001,negative spike,positive spike,"Furthermore, the signal is riddled with large positive spikes at various intervals.","Amplifying inverse decay, the trend nears saturation. Furthermore, the signal is riddled with large positive spikes at various intervals.",y,y,y,
360,4,sushi:pn_spike\24\0000002,positive-and-negative spike,smooth,A large part of the signal is smooth with minor interference.,"The signal, comparable to a triangular wave, illustrates a uniform pattern. A large part of the signal is smooth with minor interference.",y,y,y,
361,4,sushi:n_spike\10\0000003,negative spike,noisy,Noise is throughout the signal.,"The pattern depicts a consistent downward trajectory, akin to an inverted sigmoid curve that exhibits a mirrored S-shape, with its rate of decrease progressively slowing down, finally nearing a definite value. Noise is throughout the signal.",y,y,y,"no magnitude, but pervasive 'throughout' distinguishes from sporadic spikes — kept y with hesitation"
362,4,sushi:noisy\01\0000008,noisy,step,Signal frequently shows large step changes.,The trajectory is on a linear rise. Signal frequently shows large step changes.,y,y,y,q1: 'Signal frequently shows...' missing article — kept y
363,4,sushi:pn_spike\00\0000007,positive-and-negative spike,negative spike,"Moreover, the signal is characterized by frequent negative spikes of large magnitude.","The trajectory remains stable and does not fluctuate from a specific value. Moreover, the signal is characterized by frequent negative spikes of large magnitude.",y,y,n,±spike truth does contain frequent large negative spikes — claim still true (subset)
364,4,sushi:smooth\13\0000002,smooth,positive spike,"Equally important, the signal is characterised by intermittent positive spikes of considerable magnitude.","Initially ascending and later descending, the drift is consistent with a Gaussian function, with both ends finally equal to a constant. Equally important, the signal is characterised by intermittent positive spikes of considerable magnitude.",y,y,y,
365,4,sushi:step\23\0000007,step,smooth,"Mainly, minor noise is observed in the smooth signal.","Showing a rhythmic tendency to repeat at regular intervals, the signal is similar to an inverse sawtooth wave. Mainly, minor noise is observed in the smooth signal.",y,y,y,
366,4,sushi:step\05\0000009,step,positive-and-negative spike,"In addition, the signal frequently shows positive and negative spikes.","The trajectory is known for its exponential escalation, leading to a sharp increase at the culmination. In addition, the signal frequently shows positive and negative spikes.",y,y,y,"step→±spike, no magnitude: spikes revert vs steps persist — classes distinct, kept y"
367,4,sushi:smooth\13\0000002,smooth,noisy,"A significant amount of noise is interspersed within the signal, in addition.","Initially ascending and later descending, the drift is consistent with a Gaussian function, with both ends finally equal to a constant. A significant amount of noise is interspersed within the signal, in addition.",y,y,y,smooth→noisy 'significant…interspersed': magnitude contradicts slight-noise truth — kept y (interspersed-rule applies to spike truths only)
368,4,sushi:pn_spike\20\0000001,positive-and-negative spike,step,Intermittent large step changes occur in the signal.,"The signal, similar to a sine wave, shows a repeating periodic pattern. Intermittent large step changes occur in the signal.",y,y,y,
369,4,sushi:step\09\0000009,step,negative spike,Large negative spikes are present in the signal.,"The direction exhibits an ascending trend, akin to a sigmoid curve, reaching a value, with a declining growth speed. Large negative spikes are present in the signal.",y,y,y,
370,4,sushi:step\02\0000001,step,positive spike,"Also, the signal is filled with sizable positive spikes.","The trend is linearly decreasing at a constant rate. Also, the signal is filled with sizable positive spikes.",y,y,y,
371,4,sushi:step\00\0000004,step,smooth,"Mainly, the signal shows a smooth pattern with slight irregularities.","The trend stays the same and doesn't vary from the stipulated value. Mainly, the signal shows a smooth pattern with slight irregularities.",y,y,y,
372,4,sushi:n_spike\06\0000002,negative spike,noisy,"Considerable noise frequently taints the signal, besides.","The inclination shows a decreasing inverse exponential upswing, signified by a severe downturn as it approaches its conclusion. Considerable noise frequently taints the signal, besides.",y,y,n,Considerable noise frequently taints' — non-pervasive noise claim vs sporadic large negative spikes; plausibly true — not clearly false
373,4,sushi:pn_spike\10\0000006,positive-and-negative spike,negative spike,"Additionally, the signal is laced with considerable amounts of negative spikes.","Similar to an inverted sigmoid curve, the process shows a descending trend, with the descent subsiding, finally approaching a value. Additionally, the signal is laced with considerable amounts of negative spikes.",y,y,n,±spike truth does contain considerable negative spikes — claim still true (subset)
374,4,sushi:noisy\04\0000004,noisy,positive spike,"Positive spikes of considerable size are frequently in the signal, in addition.","Similar to a convex curve, the trend initially descends then ascends. Positive spikes of considerable size are frequently in the signal, in addition.",y,y,y,"noisy→p_spike with magnitude ('considerable size') — distinguishes from noise, kept y"
375,4,sushi:n_spike\13\0000008,negative spike,smooth,Minor interruptions remain in the smooth signal.,"The pattern tracks the path of a Gaussian function, first increasing and then decreasing, with both extremities finally balancing at a constant figure. Minor interruptions remain in the smooth signal.",y,y,y,
376,4,sushi:noisy\03\0000002,noisy,positive-and-negative spike,"Both large positive and negative spikes fill the signal, significantly.","The progression, conforming to a concave curve identical to a quadratic function, initially slopes and then descends. Both large positive and negative spikes fill the signal, significantly.",y,y,y,"noisy→±spike with magnitude ('large…fill') — distinguishes from continuous noise, kept y"
377,4,sushi:pn_spike\05\0000007,positive-and-negative spike,step,"In the same vein, large step changes are seen intermittently within the signal.","The trajectory's exponential escalation leads to a sharp culmination ascent. In the same vein, large step changes are seen intermittently within the signal.",y,y,y,
378,4,sushi:step\04\0000005,step,noisy,"Considerable noise frequently taints the signal, besides.","The sequence, initially descending and then ascending, mirrors a convex curve, akin to a quadratic function. Considerable noise frequently taints the signal, besides.",y,y,y,"step→noisy 'frequently taints': steps are clean level shifts, not noise-like — kept y"
379,4,sushi:pn_spike\08\0000007,positive-and-negative spike,negative spike,"Additionally, the signal is marked by considerable negative spikes at different points.","Escalating inverse exponential decay is making the trend near saturation. Additionally, the signal is marked by considerable negative spikes at different points.",y,y,n,±spike truth does contain considerable negative spikes — claim still true (subset)
380,4,sushi:pn_spike\00\0000008,positive-and-negative spike,positive spike,"Positive spikes of considerable size are frequently in the signal, in addition.","Trend remains identical, doesn't vary from the value. Positive spikes of considerable size are frequently in the signal, in addition.",y,y,n,±spike truth does contain frequent considerable positive spikes — claim still true (subset)
381,4,sushi:p_spike\11\0000001,positive spike,smooth,Minor interruptions remain in the smooth signal.,"The progression reflects the curve of a positive cubic function, escalating, descending, and then rising again, producing an inverted S-shape rotated 90 degrees. Minor interruptions remain in the smooth signal.",y,y,y,
382,4,sushi:noisy\11\0000001,noisy,step,"Also, there are substantial step changes throughout the signal.","The pattern follows the graph of a positive cubic function, first increasing, then decreasing in the middle, and finally increasing once more. This forms a mirrored S-shape that's been rotated by 90 degrees. Also, there are substantial step changes throughout the signal.",y,y,y,
383,4,sushi:p_spike\22\0000008,positive spike,noisy,"Considerable amounts of noise fill the signal, also.","A periodic pattern, similar to a sawtooth wave, is presented by the signal. Considerable amounts of noise fill the signal, also.",y,y,y,"p_spike→noisy but 'fill' = pervasive, false for sporadic spikes — kept y"
384,4,sushi:p_spike\09\0000001,positive spike,negative spike,"Correspondingly, the signal is contaminated with significant negative spikes.","The pattern is consistently going up like an S-curve, and it's slowing down as it gets close to a certain value. Correspondingly, the signal is contaminated with significant negative spikes.",y,y,y,
385,4,sushi:smooth\10\0000007,smooth,positive spike,"Furthermore, the signal is riddled with large positive spikes at various intervals.","Comparable to an inverse sigmoid curve with a mirrored S-shape, the direction presents a steadily declining trend, with its rate of descent gradually decelerating, eventually approaching a fixed value. Furthermore, the signal is riddled with large positive spikes at various intervals.",y,y,y,
386,4,sushi:noisy\09\0000009,noisy,smooth,Minor noise is often observed in the primarily smooth signal.,"The trend is consistently going up, like an S-shaped curve, and it slowly starts to level off at a certain point. Minor noise is often observed in the primarily smooth signal.",y,y,y,
387,4,sushi:smooth\24\0000007,smooth,positive-and-negative spike,"Large positive and negative spikes are seen in the signal at various points, notably.","Like a triangular wave, the signal discloses a regular rhythm that is constantly echoed. Large positive and negative spikes are seen in the signal at various points, notably.",y,y,y,
388,4,sushi:n_spike\05\0000000,negative spike,step,Large step changes are throughout the signal.,"The trend is defined by exponential progression, culminating in a sharp upturn at the end. Large step changes are throughout the signal.",y,y,y,
389,4,sushi:pn_spike\00\0000007,positive-and-negative spike,noisy,"Furthermore, the signal is covered by a large amount of noise throughout.","The trajectory remains stable and does not fluctuate from a specific value. Furthermore, the signal is covered by a large amount of noise throughout.",y,y,y,pn_spike→noisy but 'covered…throughout' = pervasive — kept y
390,4,sushi:pn_spike\07\0000003,positive-and-negative spike,negative spike,"Moreover, the signal is characterized by frequent negative spikes of large magnitude.","The pathway is marked by a decrease and is drawn to a specific value by exponential decay. Moreover, the signal is characterized by frequent negative spikes of large magnitude.",y,y,n,±spike truth does contain frequent large negative spikes — claim still true (subset)
391,4,sushi:n_spike\05\0000000,negative spike,positive spike,Positive spikes are found within the signal.,"The trend is defined by exponential progression, culminating in a sharp upturn at the end. Positive spikes are found within the signal.",y,y,y,"no magnitude, but polarity decides: truth has negative spikes only — claim of positive spikes false, clean"
392,4,sushi:step\11\0000000,step,smooth,"Large part, the signal is smooth with minor interference.","The sequence resembles the trajectory of a positive cubic function, starting with an increase, followed by a decrease in the middle, and ending with another increase. This constitutes an inverted S-shape, rotated by 90 degrees. Large part, the signal is smooth with minor interference.",n,y,y,"q1: 'Large part, the signal is smooth…' truncated/malformed (should be 'For the most part') — same defect as rows 56, 82, 125"
393,4,sushi:pn_spike\23\0000007,positive-and-negative spike,negative spike,"Correspondingly, the signal is contaminated with significant negative spikes.","The signal indicates a regular cycle that perpetually reiterates at uniform intervals, similar to an inverse sawtooth wave. Correspondingly, the signal is contaminated with significant negative spikes.",y,y,n,±spike truth does contain significant negative spikes — claim still true (subset)
394,4,sushi:step\11\0000009,step,positive spike,"Large positive spikes frequently taint the signal, besides.","The pattern is like a slide, it goes up first, dips in the middle, then goes up again, forming an upside-down sideways S shape. Large positive spikes frequently taint the signal, besides.",y,y,y,
395,4,sushi:n_spike\05\0000000,negative spike,smooth,Slight noise remains in the smooth signal.,"The trend is defined by exponential progression, culminating in a sharp upturn at the end. Slight noise remains in the smooth signal.",y,y,y,
396,4,sushi:noisy\14\0000006,noisy,step,"In addition, the signal is separated by step changes of considerable magnitude.","The progression is like a valley, it starts by going down and then goes up, ending at the same level on both ends. In addition, the signal is separated by step changes of considerable magnitude.",y,y,y,q1: 'separated by step changes' odd collocation but grammatical — kept y
397,4,sushi:pn_spike\03\0000004,positive-and-negative spike,noisy,"In the same vein, the signal is smeared with high levels of noise.","Duplicating a concave curve similar to a quadratic function, the progression initially ascends and then descends. In the same vein, the signal is smeared with high levels of noise.",y,y,y,pn_spike→noisy 'smeared with high levels': pervasive-leaning coating wording — kept y (as row 110)
398,4,sushi:smooth\10\0000007,smooth,positive-and-negative spike,"Large positive and negative spikes are seen in the signal at various points, notably.","Comparable to an inverse sigmoid curve with a mirrored S-shape, the direction presents a steadily declining trend, with its rate of descent gradually decelerating, eventually approaching a fixed value. Large positive and negative spikes are seen in the signal at various points, notably.",y,y,y,
399,4,sushi:p_spike\13\0000004,positive spike,negative spike,"Considerable negative spikes mark the signal at different points, additionally.","The tendency is like a hill, starting with an increase and then a decrease, with both ends at the same level. Considerable negative spikes mark the signal at different points, additionally.",y,y,y,
400,4,sushi:pn_spike\05\0000004,positive-and-negative spike,positive spike,"Furthermore, the signal is sporadically interrupted by large positive spikes throughout.","The course shows exponential undulation, with a sharp conclusion rise. Furthermore, the signal is sporadically interrupted by large positive spikes throughout.",y,y,n,±spike truth does contain large positive spikes — claim still true (subset)
401,5,sushi:p_spike\13\0000004,positive spike,smooth,Minor noise is often observed in the primarily smooth signal.,"The tendency is like a hill, starting with an increase and then a decrease, with both ends at the same level. Minor noise is often observed in the primarily smooth signal.",y,y,y,
402,5,sushi:p_spike\02\0000003,positive spike,noisy,"Additionally, there is a large amount of noise throughout the signal.","The trajectory consistently shows a linear decline. Additionally, there is a large amount of noise throughout the signal.",y,y,y,pervasive 'throughout' distinguishes noise claim from sporadic spike truth — kept y
403,5,sushi:pn_spike\12\0000007,positive-and-negative spike,step,"In addition, the signal is separated by step changes of considerable magnitude.","Starting with a dip, increasing, and dipping, the trend is akin to a negative cubic function's curve and forms a rotated 90-degree S-shape. In addition, the signal is separated by step changes of considerable magnitude.",y,y,y,"q1: 'separated by step changes' odd collocation; swap itself clean (spikes revert, steps persist)"
404,5,sushi:noisy\01\0000008,noisy,negative spike,Large negative spikes interrupt the signal.,The trajectory is on a linear rise. Large negative spikes interrupt the signal.,y,y,y,noisy→n_spike: 'large' magnitude distinguishes spikes from continuous noise — kept y
405,5,sushi:smooth\00\0000004,smooth,positive spike,"Furthermore, the signal is riddled with large positive spikes at various intervals.","Trend unchanging, no amendments from established values. Furthermore, the signal is riddled with large positive spikes at various intervals.",y,y,y,retained trend clause 'no amendments from established values' telegraphic (both captions share it)
406,5,sushi:step\04\0000005,step,smooth,Minor noise is in the smooth signal.,"The sequence, initially descending and then ascending, mirrors a convex curve, akin to a quadratic function. Minor noise is in the smooth signal.",y,y,y,
407,5,sushi:step\00\0000004,step,positive-and-negative spike,"Besides, the signal contains sporadic large positive and negative spikes.","The trend stays the same and doesn't vary from the stipulated value. Besides, the signal contains sporadic large positive and negative spikes.",y,y,y,
408,5,sushi:pn_spike\21\0000000,positive-and-negative spike,noisy,"Besides, the signal is sporadically interrupted by large amounts of noise.","Similar to a square wave, the signal displays a repeating pattern. Besides, the signal is sporadically interrupted by large amounts of noise.",y,y,n,sporadically interrupted by large amounts of noise' plausibly describes sporadic large ±spikes — not clearly false
409,5,sushi:noisy\03\0000002,noisy,step,"Additionally, the signal contains a high number of step changes.","The progression, conforming to a concave curve identical to a quadratic function, initially slopes and then descends. Additionally, the signal contains a high number of step changes.",y,y,y,
410,5,sushi:p_spike\21\0000001,positive spike,negative spike,Considerable negative spikes are in the signal.,"Like a square wave, the signal shows a periodic pattern. Considerable negative spikes are in the signal.",y,y,y,
411,5,sushi:pn_spike\20\0000007,positive-and-negative spike,positive spike,The signal bears notable positive spikes.,"The signal, comparable to a sinusoidal wave, exhibits a pattern that repeats rhythmically. The signal bears notable positive spikes.",y,y,n,±spike truth does bear notable positive spikes; clause lacks exclusivity — claim still true (subset)
412,5,sushi:step\13\0000002,step,smooth,"Generally, the signal is smooth with minor spikes.","The trend is like a hill, going up first and then coming down, with both ends at the same level. Generally, the signal is smooth with minor spikes.",y,y,y,
413,5,sushi:step\00\0000007,step,noisy,"Additionally, there is a large amount of noise throughout the signal.","The pattern remains steady without straying from a determined value. Additionally, there is a large amount of noise throughout the signal.",y,y,y,
414,5,sushi:p_spike\04\0000008,positive spike,step,"Also, there are substantial step changes throughout the signal.","Like a convex curve, the direction decreases and increases. Also, there are substantial step changes throughout the signal.",y,y,y,
415,5,sushi:noisy\21\0000008,noisy,negative spike,"Correspondingly, the signal is contaminated with significant negative spikes.","Mirroring a square wave, the signal shows a repeating pattern. Correspondingly, the signal is contaminated with significant negative spikes.",y,y,y,noisy→n_spike: 'significant' magnitude distinguishes — kept y
416,5,sushi:step\21\0000002,step,positive spike,The signal contains positive spikes.,"The signal exhibits a periodic tendency to reverberate at regular intervals, comparable to square waves. The signal contains positive spikes.",y,y,y,"no magnitude on 'positive spikes' but steps persist vs spikes revert — class-distinguishing, kept y"
417,5,sushi:pn_spike\03\0000004,positive-and-negative spike,smooth,"By and large, only slight disturbances and fluctuations are seen in the smooth signal.","Duplicating a concave curve similar to a quadratic function, the progression initially ascends and then descends. By and large, only slight disturbances and fluctuations are seen in the smooth signal.",y,y,y,
418,5,sushi:p_spike\07\0000009,positive spike,positive-and-negative spike,"In addition, the signal frequently shows positive and negative spikes.","The trend approaches a value by exponential decay. In addition, the signal frequently shows positive and negative spikes.",y,y,y,"no magnitude but claims negative spikes absent from positive-only truth — polarity decides, false"
419,5,sushi:pn_spike\23\0000007,positive-and-negative spike,noisy,"Additionally, the signal is plagued by substantial noise throughout.","The signal indicates a regular cycle that perpetually reiterates at uniform intervals, similar to an inverse sawtooth wave. Additionally, the signal is plagued by substantial noise throughout.",y,y,y,pervasive 'plagued throughout' distinguishes from sporadic spikes — kept y
420,5,sushi:pn_spike\11\0000008,positive-and-negative spike,negative spike,"Additionally, the signal is laced with considerable amounts of negative spikes.","The sequence parallels the curve of a positive cubic function, starting with an increase, followed by a decrease in the middle, and ending with an increase. This forms a reflected S-shape, rotated by 90 degrees. Additionally, the signal is laced with considerable amounts of negative spikes.",y,y,n,±spike truth is laced with considerable negative spikes — claim still true (subset)
421,5,sushi:n_spike\04\0000003,negative spike,positive spike,"Additionally, the signal is plagued by substantial positive spikes throughout.","The route follows a convex curve, like a quadratic function, first descending, then rising rapidly. Additionally, the signal is plagued by substantial positive spikes throughout.",y,y,y,
422,5,sushi:n_spike\20\0000004,negative spike,smooth,"By and large, only slight disturbances and fluctuations are seen in the smooth signal.","Signal shows a pattern that repeats at regular intervals, comparable to a sine wave. By and large, only slight disturbances and fluctuations are seen in the smooth signal.",y,y,y,
423,5,sushi:pn_spike\24\0000004,positive-and-negative spike,step,"Equally important, the signal exhibits significant step changes at different intervals.","The signal indicates a repeating sequence like a triangular wave. Equally important, the signal exhibits significant step changes at different intervals.",y,y,y,
424,5,sushi:pn_spike\22\0000003,positive-and-negative spike,noisy,"Additionally, the signal is plagued by substantial noise throughout.","The signal shows a periodic pattern like a sawtooth wave. Additionally, the signal is plagued by substantial noise throughout.",y,y,y,pervasive 'plagued throughout' — kept y
425,5,sushi:pn_spike\02\0000009,positive-and-negative spike,negative spike,"Besides, the signal is spotted with considerable amounts of negative spikes.","The decrease is consistent in the trend. Besides, the signal is spotted with considerable amounts of negative spikes.",y,y,n,±spike truth is spotted with considerable negative spikes — claim still true (subset)
426,5,sushi:smooth\21\0000009,smooth,positive spike,"Positive spikes of considerable size are frequently in the signal, in addition.","The signal presents a consistent pattern, similar to a square wave. Positive spikes of considerable size are frequently in the signal, in addition.",y,y,y,
427,5,sushi:pn_spike\05\0000004,positive-and-negative spike,smooth,A large part of the signal is smooth with minor interference.,"The course shows exponential undulation, with a sharp conclusion rise. A large part of the signal is smooth with minor interference.",y,y,y,
428,5,sushi:smooth\24\0000002,smooth,positive-and-negative spike,"Furthermore, large positive and negative spikes appear consistently.","The signal shows a sequence repeating regularly, akin to a triangular wave. Furthermore, large positive and negative spikes appear consistently.",y,y,y,
429,5,sushi:pn_spike\04\0000003,positive-and-negative spike,step,"Furthermore, the signal is sporadically interrupted by large step changes throughout.","Like a convex curve, the direction initially decreases and increases. Furthermore, the signal is sporadically interrupted by large step changes throughout.",y,y,y,sporadically … throughout' mildly contradictory wording; swap itself clean (spikes ≠ steps)
430,5,sushi:pn_spike\04\0000003,positive-and-negative spike,noisy,"Additionally, there is a large amount of noise throughout the signal.","Like a convex curve, the direction initially decreases and increases. Additionally, there is a large amount of noise throughout the signal.",y,y,y,pervasive 'throughout' distinguishes noise claim from sporadic ±spikes — kept y
431,5,sushi:step\05\0000009,step,negative spike,"Besides, the signal is interrupted sporadically by large negative spikes.","The trajectory is known for its exponential escalation, leading to a sharp increase at the culmination. Besides, the signal is interrupted sporadically by large negative spikes.",y,y,y,
432,5,sushi:pn_spike\20\0000001,positive-and-negative spike,positive spike,"Large positive spikes frequently taint the signal, besides.","The signal, similar to a sine wave, shows a repeating periodic pattern. Large positive spikes frequently taint the signal, besides.",y,y,n,"±spike truth does have frequent large positive spikes — claim still true (subset). q1: trailing ', besides.' awkward but grammatical"
433,5,sushi:n_spike\14\0000000,negative spike,smooth,Minor noise is often observed in the primarily smooth signal.,"The course is like a valley, starting with a drop and then a rise, and both ends finishing at the same level. Minor noise is often observed in the primarily smooth signal.",y,y,y,
434,5,sushi:p_spike\01\0000004,positive spike,noisy,Frequent noise is in the signal.,The pattern is linearly increasing in a consistent manner. Frequent noise is in the signal.,y,n,n,"Frequent noise is in the signal' — no magnitude: doesn't pin the noisy class, and sporadic large positive spikes could read as frequent noise — not clearly false"
435,5,sushi:p_spike\09\0000007,positive spike,step,Large step changes are evident in the signal.,"Echoing an S-shaped sigmoid curve, the trajectory shows a steady ascent, with its rate of increase slowing, eventually nearing a constant value. Large step changes are evident in the signal.",y,y,y,
436,5,sushi:smooth\13\0000002,smooth,positive-and-negative spike,"In addition, the signal frequently shows spikes of considerable magnitude, both positive and negative.","Initially ascending and later descending, the drift is consistent with a Gaussian function, with both ends finally equal to a constant. In addition, the signal frequently shows spikes of considerable magnitude, both positive and negative.",y,y,y,
437,5,sushi:pn_spike\06\0000000,positive-and-negative spike,negative spike,"Additionally, the signal is laced with considerable amounts of negative spikes.","The direction shows decreasing inverse exponential development with a depression. Additionally, the signal is laced with considerable amounts of negative spikes.",y,y,n,±spike truth is laced with considerable negative spikes — claim still true (subset)
438,5,sushi:noisy\08\0000004,noisy,positive spike,"Positive spikes of considerable size are frequently in the signal, in addition.","The trajectory is being moved towards saturation by increasing inverse decay. Positive spikes of considerable size are frequently in the signal, in addition.",y,y,y,noisy→p_spike: 'considerable size' magnitude distinguishes — kept y
439,5,sushi:noisy\03\0000004,noisy,smooth,"For the most part, the signal is smooth with slight disturbances.","The trend mimics a concave curve, initially rising and falling. For the most part, the signal is smooth with slight disturbances.",y,y,y,
440,5,sushi:smooth\01\0000008,smooth,noisy,"In the same vein, the signal is smeared with high levels of noise.","The trend is on a persistent and steady incline. In the same vein, the signal is smeared with high levels of noise.",y,y,y,
441,5,sushi:pn_spike\07\0000001,positive-and-negative spike,step,"Equally important, the signal is characterised by intermittent large step changes.","The path is characterised by a decreasing trend and approaches a specific value by exponential decay. Equally important, the signal is characterised by intermittent large step changes.",y,y,y,
442,5,sushi:smooth\03\0000005,smooth,negative spike,"Additionally, the signal is marked by considerable negative spikes at different points.","Direction conforms to a concave curvature, initially rising and falling. Additionally, the signal is marked by considerable negative spikes at different points.",y,y,y,
443,5,sushi:step\03\0000007,step,positive spike,The signal contains positive spikes.,"Similar to a concave curve, the trend initially ascends and then descends. The signal contains positive spikes.",y,y,y,"no magnitude on 'positive spikes' but steps persist vs spikes revert — class-distinguishing, kept y"
444,5,sushi:p_spike\07\0000006,positive spike,smooth,"Generally, the signal demonstrates a smooth trend with minor disturbances.","The development is signified by a decrease, moving towards a certain value via exponential decay. Generally, the signal demonstrates a smooth trend with minor disturbances.",y,y,y,
445,5,sushi:step\11\0000009,step,noisy,"Correspondingly, the signal is contaminated with significant noise.","The pattern is like a slide, it goes up first, dips in the middle, then goes up again, forming an upside-down sideways S shape. Correspondingly, the signal is contaminated with significant noise.",y,y,y,"step truth: level shifts aren't noise — 'contaminated with significant noise' clearly false, kept y"
446,5,sushi:smooth\00\0000004,smooth,positive-and-negative spike,"Large positive and negative spikes are seen in the signal at various points, notably.","Trend unchanging, no amendments from established values. Large positive and negative spikes are seen in the signal at various points, notably.",y,y,y,
447,5,sushi:smooth\14\0000007,smooth,negative spike,"Moreover, the signal is characterized by frequent negative spikes of large magnitude.","The progression mirrors the curve of an upside-down Gaussian function, with a downward trend initially that later ascends, finally balancing at a constant at both ends. Moreover, the signal is characterized by frequent negative spikes of large magnitude.",y,y,y,
448,5,sushi:step\01\0000003,step,positive spike,"Frequent positive spikes of significant magnitude are in the signal, moreover.","The trend is escalating at a persistent and steady speed. Frequent positive spikes of significant magnitude are in the signal, moreover.",y,y,y,
449,5,sushi:n_spike\02\0000009,negative spike,smooth,"Generally, the signal demonstrates a smooth trend with minor disturbances.","The trend is steadily declining. Generally, the signal demonstrates a smooth trend with minor disturbances.",y,y,y,
450,5,sushi:pn_spike\20\0000007,positive-and-negative spike,step,Signal frequently shows large step changes.,"The signal, comparable to a sinusoidal wave, exhibits a pattern that repeats rhythmically. Signal frequently shows large step changes.",y,y,y,"q1: 'Signal frequently shows…' missing article, telegraphic but readable; swap clean"
451,5,sushi:n_spike\00\0000005,negative spike,noisy,"Additionally, the signal is plagued by substantial noise throughout.","The direction is sustained without any alterations from a specific value. Additionally, the signal is plagued by substantial noise throughout.",y,y,y,pervasive 'plagued throughout' distinguishes noise claim from sporadic negative spikes — kept y
452,5,sushi:noisy\12\0000008,noisy,negative spike,The signal has considerable negative spikes.,"The trajectory is similar to a negative cubic function's curve, declining, increasing, and declining. It results in a rotated 90-degree S-shape. The signal has considerable negative spikes.",y,y,y,noisy→n_spike: 'considerable' magnitude distinguishes — kept y
453,5,sushi:noisy\09\0000009,noisy,positive spike,"Additionally, the signal is sporadically punctuated with sizeable positive spikes.","The trend is consistently going up, like an S-shaped curve, and it slowly starts to level off at a certain point. Additionally, the signal is sporadically punctuated with sizeable positive spikes.",y,y,y,noisy→p_spike: 'sizeable' magnitude distinguishes — kept y
454,5,sushi:p_spike\21\0000004,positive spike,smooth,Minor noise is often observed in the primarily smooth signal.,"The signal displays a consistent pattern that perpetually repeats at regular intervals, bearing similarity to a square wave. Minor noise is often observed in the primarily smooth signal.",y,y,y,
455,5,sushi:p_spike\02\0000003,positive spike,step,"Equally important, the signal exhibits significant step changes at different intervals.","The trajectory consistently shows a linear decline. Equally important, the signal exhibits significant step changes at different intervals.",y,y,y,
456,5,sushi:p_spike\04\0000001,positive spike,noisy,Noise pervades throughout the signal.,"The pattern, similar to a convex curve, initially falls and then rises. Noise pervades throughout the signal.",y,y,y,"no magnitude, but 'pervades throughout' claims continuous noise — false for clean spike-only signal, kept y"
457,5,sushi:p_spike\13\0000004,positive spike,positive-and-negative spike,"In addition, the signal frequently shows positive and negative spikes.","The tendency is like a hill, starting with an increase and then a decrease, with both ends at the same level. In addition, the signal frequently shows positive and negative spikes.",y,y,y,"no magnitude but claims negative spikes absent from positive-only truth — polarity decides, false"
458,5,sushi:p_spike\05\0000004,positive spike,negative spike,"Considerable negative spikes mark the signal at different points, additionally.","Ending with a significant end increase, the course is outlined by exponential acceleration. Considerable negative spikes mark the signal at different points, additionally.",y,y,y,
459,5,sushi:pn_spike\14\0000001,positive-and-negative spike,positive spike,"Additionally, the signal is plagued by substantial positive spikes throughout.","The shift is in tune with an inverted Gaussian function, dropping at first and then climbing, with both ends eventually equating to a constant value. Additionally, the signal is plagued by substantial positive spikes throughout.",y,y,n,±spike truth is plagued by substantial positive spikes — claim still true (subset)
460,5,sushi:p_spike\22\0000008,positive spike,smooth,"Generally, the signal is smooth with minor noise.","A periodic pattern, similar to a sawtooth wave, is presented by the signal. Generally, the signal is smooth with minor noise.",y,y,y,
461,5,sushi:noisy\09\0000009,noisy,step,Consistent large step changes can be seen in the signal.,"The trend is consistently going up, like an S-shaped curve, and it slowly starts to level off at a certain point. Consistent large step changes can be seen in the signal.",y,y,y,
462,5,sushi:n_spike\02\0000000,negative spike,noisy,"Considerable amounts of noise fill the signal, also.","The pattern is witnessing a linear and constant decline. Considerable amounts of noise fill the signal, also.",y,y,y,pervasive 'fill' distinguishes noise claim from sporadic negative spikes — kept y
463,5,sushi:smooth\05\0000008,smooth,negative spike,"Additionally, the signal is marked by considerable negative spikes at different points.","Ending with a sharp end spike, the trend is illustrated by exponential expansion. Additionally, the signal is marked by considerable negative spikes at different points.",y,y,y,
464,5,sushi:n_spike\06\0000006,negative spike,positive spike,"Additionally, the signal is sporadically punctuated with sizeable positive spikes.","Decreasing inverse exponential growth with a drop is exhibited by the lapse. Additionally, the signal is sporadically punctuated with sizeable positive spikes.",y,y,y,retained trend clause 'exhibited by the lapse' awkward (shared by both captions); swap clean
465,5,sushi:n_spike\07\0000006,negative spike,smooth,Minor noise is in the smooth signal.,Process defined by decrease targets a certain value via exponential decay. Minor noise is in the smooth signal.,y,y,y,retained trend clause 'Process defined by decrease targets…' telegraphic; swap clean
466,5,sushi:n_spike\02\0000009,negative spike,positive-and-negative spike,"Both large positive and negative spikes fill the signal, significantly.","The trend is steadily declining. Both large positive and negative spikes fill the signal, significantly.",y,y,y,claims positive spikes absent from negative-only truth — false despite subset-like wording
467,5,sushi:n_spike\05\0000007,negative spike,noisy,"A large amount of noise covers the signal throughout, furthermore.","Ending with a sharp climax rise, the trend's progression is exponential. A large amount of noise covers the signal throughout, furthermore.",y,y,y,pervasive 'covers throughout' — kept y
468,5,sushi:noisy\20\0000006,noisy,step,"In addition, the signal is separated by step changes of considerable magnitude.","The signal, mirroring a sinusoidal wave, presents a pattern that repeats at regular intervals. In addition, the signal is separated by step changes of considerable magnitude.",y,y,y,q1: 'separated by step changes' odd collocation; swap clean
469,5,sushi:noisy\00\0000009,noisy,negative spike,"Besides, the signal shows large negative spikes intermittently.","The trend is steady, with no amendments from the predetermined values. Besides, the signal shows large negative spikes intermittently.",y,y,y,noisy→n_spike: 'large' magnitude distinguishes — kept y
470,5,sushi:n_spike\12\0000009,negative spike,positive spike,"Large positive spikes are throughout the signal, additionally.","Initially diminishing, then enlarging in the middle, and finally diminishing again, the pattern mirrors the curve of a negative cubic function. This creates a 90-degree rotated S-shape. Large positive spikes are throughout the signal, additionally.",y,y,y,
471,5,sushi:noisy\06\0000002,noisy,smooth,"Large part, the signal is smooth with minor interference.","The flow shows a decreasing inverse exponential enhancement, characterised by a steep plunge at the finish. Large part, the signal is smooth with minor interference.",n,y,y,"q1: 'Large part, the signal is smooth…' malformed truncation (should be 'For the most part'); swap itself judges clean"
472,5,sushi:smooth\01\0000002,smooth,negative spike,Large negative spikes are present in the signal.,The trend is straight in its growth. Large negative spikes are present in the signal.,y,y,y,
473,5,sushi:step\00\0000007,step,positive spike,"Furthermore, the signal is sporadically interrupted by large positive spikes throughout.","The pattern remains steady without straying from a determined value. Furthermore, the signal is sporadically interrupted by large positive spikes throughout.",y,y,y,
474,5,sushi:noisy\23\0000009,noisy,smooth,Minor interruptions remain in the smooth signal.,The signal shows a rhythmic tendency similar to an inverse sawtooth wave. Minor interruptions remain in the smooth signal.,y,y,y,
475,5,sushi:smooth\24\0000002,smooth,noisy,"Correspondingly, the signal is contaminated with significant noise.","The signal shows a sequence repeating regularly, akin to a triangular wave. Correspondingly, the signal is contaminated with significant noise.",y,y,y,
476,5,sushi:noisy\11\0000005,noisy,step,"Additionally, the signal contains a high number of step changes.","The sequence mimics the path of a positive cubic function, initially rising, falling in the middle and finally rising again. This constitutes a reflexive, 90-degree rotated S-shape. Additionally, the signal contains a high number of step changes.",y,y,y,
477,5,sushi:step\23\0000003,step,positive-and-negative spike,"Also, the signal scatters sizable positive and negative spikes.","Signal, like a reverse sawtooth wave, shows a rhythmic sequence. Also, the signal scatters sizable positive and negative spikes.",y,y,y,"q1: 'the signal scatters … spikes' odd transitive use, still parses; swap clean (steps ≠ spikes)"
478,5,sushi:noisy\02\0000001,noisy,negative spike,"Besides, the signal is spotted with considerable amounts of negative spikes.","The path is linearly declining at a steady pace. Besides, the signal is spotted with considerable amounts of negative spikes.",y,y,y,noisy→n_spike: 'considerable' magnitude distinguishes — kept y
479,5,sushi:noisy\14\0000008,noisy,positive spike,Positive spikes appear throughout the signal.,"First descending, then ascending, the pattern follows an upside-down Gaussian function, both ends becoming a fixed value. Positive spikes appear throughout the signal.",y,y,y,no magnitude and 'throughout' vs noisy truth — 'spikes' still implies discrete impulses vs continuous jitter; kept y with hesitation
480,5,sushi:step\05\0000009,step,smooth,"Generally, the signal demonstrates a smooth trend with minor disturbances.","The trajectory is known for its exponential escalation, leading to a sharp increase at the culmination. Generally, the signal demonstrates a smooth trend with minor disturbances.",y,y,y,
481,5,sushi:p_spike\06\0000002,positive spike,noisy,"A large amount of noise covers the signal throughout, furthermore.","The flow shows a decreasing inverse exponential enhancement, characterised by a steep plunge at the finish. A large amount of noise covers the signal throughout, furthermore.",y,y,y,pervasive 'covers throughout' distinguishes from sporadic spikes — kept y
482,5,sushi:smooth\02\0000005,smooth,step,Large step changes are in the signal.,The linear decrease is evident in the trend. Large step changes are in the signal.,y,y,y,
483,5,sushi:p_spike\23\0000001,positive spike,negative spike,"Also, the signal has sizeable negative spikes at various intervals.","Replicated at regular intervals, the signal shows a rhythmic pattern similar to an inverse sawtooth wave. Also, the signal has sizeable negative spikes at various intervals.",y,y,y,
484,5,sushi:noisy\22\0000004,noisy,positive spike,"Additionally, there are large positive spikes throughout the signal.","Replicating at regular intervals, the signal shows a rhythmic pattern similar to saw waves. Additionally, there are large positive spikes throughout the signal.",y,y,y,noisy→p_spike: 'large' magnitude distinguishes — kept y
485,5,sushi:pn_spike\09\0000004,positive-and-negative spike,smooth,"For the most part, the signal is smooth with slight disturbances.","The path reflects a continuous increase, similar to a sigmoid curve, approaching a value, with a slowing rate of acceleration. For the most part, the signal is smooth with slight disturbances.",y,y,y,
486,5,sushi:step\07\0000004,step,noisy,"A significant amount of noise permeates the signal, in addition.","Flow marked by decrease nears a certain value through exponential decay. A significant amount of noise permeates the signal, in addition.",y,y,y,
487,5,sushi:pn_spike\08\0000001,positive-and-negative spike,step,Step changes of large magnitude are a common occurrence in the signal.,The trajectory is on its way to saturation due to the growth of inverse exponential decay. Step changes of large magnitude are a common occurrence in the signal.,y,y,y,
488,5,sushi:smooth\08\0000007,smooth,positive-and-negative spike,"In addition, the signal frequently shows spikes of considerable magnitude, both positive and negative.","Increasing inverse exponential decay is causing the trajectory to move towards saturation. In addition, the signal frequently shows spikes of considerable magnitude, both positive and negative.",y,y,y,
489,5,sushi:smooth\10\0000007,smooth,negative spike,"Equally important, the signal is characterised by intermittent negative spikes of considerable magnitude.","Comparable to an inverse sigmoid curve with a mirrored S-shape, the direction presents a steadily declining trend, with its rate of descent gradually decelerating, eventually approaching a fixed value. Equally important, the signal is characterised by intermittent negative spikes of considerable magnitude.",y,y,y,
490,5,sushi:step\02\0000006,step,positive spike,Positive spikes interrupt the signal.,The decline is steady in the trend. Positive spikes interrupt the signal.,y,y,y,"no magnitude on 'positive spikes' but steps persist vs spikes revert — class-distinguishing, kept y"
491,5,sushi:n_spike\12\0000000,negative spike,smooth,Minor noise is in the smooth signal.,"The trend mirrors the curve of a negative cubic function, starting with a decrease, then experiencing an increase and finally decreasing again. This forms a 90-degree rotated S-shape. Minor noise is in the smooth signal.",y,y,y,
492,5,sushi:pn_spike\11\0000006,positive-and-negative spike,noisy,"Besides, the signal is frequently tainted by considerable noise.","The pattern resembles the trajectory of a positive cubic function, starting with an increase, then a decrease in the middle and finally returning to an upward trend. This forms an inverted, 90-degree rotated S-shape. Besides, the signal is frequently tainted by considerable noise.",y,y,n,"frequently tainted by considerable noise' could describe recurring large ±spikes — non-pervasive wording, not clearly false"
493,5,sushi:p_spike\23\0000003,positive spike,negative spike,Large negative spikes are present in the signal.,Signal shows a regular pattern like an inverse sawtooth wave. Large negative spikes are present in the signal.,y,y,y,
494,5,sushi:step\13\0000008,step,positive spike,"Additionally, there are large positive spikes throughout the signal.","The development is consistent with a Gaussian function, initially rising and subsequently descending, and both ends finally equal to a constant. Additionally, there are large positive spikes throughout the signal.",y,y,y,
495,5,sushi:step\01\0000008,step,smooth,"Mainly, minor noise is observed in the smooth signal.","The increase in the trend is uniform and linear. Mainly, minor noise is observed in the smooth signal.",y,y,y,
496,5,sushi:n_spike\10\0000003,negative spike,step,Signal has considerable step changes.,"The pattern depicts a consistent downward trajectory, akin to an inverted sigmoid curve that exhibits a mirrored S-shape, with its rate of decrease progressively slowing down, finally nearing a definite value. Signal has considerable step changes.",y,y,y,q1: 'Signal has considerable step changes' missing article; swap clean (spikes ≠ steps)
497,5,sushi:pn_spike\20\0000007,positive-and-negative spike,noisy,Noise is exhibited by the signal.,"The signal, comparable to a sinusoidal wave, exhibits a pattern that repeats rhythmically. Noise is exhibited by the signal.",y,n,n,"Noise is exhibited' — no magnitude: doesn't pin the noisy class, and sporadic ±spikes could loosely read as noise — not clearly false"
498,5,sushi:noisy\01\0000002,noisy,positive-and-negative spike,"In addition, the signal frequently shows positive and negative spikes.","The series observes linear elevation. In addition, the signal frequently shows positive and negative spikes.",y,y,n,frequently shows positive and negative spikes' with no magnitude — close to describing noise's own bidirectional excursions; can't cleanly tell classes apart
499,5,sushi:smooth\08\0000007,smooth,negative spike,"In addition, the signal is consistently marred by high levels of negative spikes.","Increasing inverse exponential decay is causing the trajectory to move towards saturation. In addition, the signal is consistently marred by high levels of negative spikes.",y,y,y,
500,5,sushi:smooth\07\0000007,smooth,positive spike,"Additionally, there are large positive spikes throughout the signal.","The pathway is marked by a decrease and is drawn to a specific value by exponential decay. Additionally, there are large positive spikes throughout the signal.",y,y,y,
501,6,sushi:n_spike\22\0000000,negative spike,smooth,Minor interruptions remain in the smooth signal.,"Unveiling a cyclical pattern, the signal recurs at regular intervals, reminiscent of a sawtooth wave. Minor interruptions remain in the smooth signal.",y,y,y,
502,6,sushi:smooth\00\0000004,smooth,step,"Notably, the signal is characterised by large step changes at various points.","Trend unchanging, no amendments from established values. Notably, the signal is characterised by large step changes at various points.",y,y,y,"retained trend clause 'Trend unchanging, no amendments from established values.' telegraphic (both captions, not swap-related)"
503,6,sushi:p_spike\09\0000007,positive spike,noisy,"Considerable amounts of noise infiltrate the signal, furthermore.","Echoing an S-shaped sigmoid curve, the trajectory shows a steady ascent, with its rate of increase slowing, eventually nearing a constant value. Considerable amounts of noise infiltrate the signal, furthermore.",y,y,y,"spike-truth vs noise claim; 'infiltrate' reads pervasive like 'permeates' — false for clean spike signal, kept y"
504,6,sushi:pn_spike\03\0000009,positive-and-negative spike,negative spike,"Besides, the signal is speckled with high levels of negative spikes.","Reproducing a concave curve similar to a quadratic function, the trend initially rises and then falls. Besides, the signal is speckled with high levels of negative spikes.",y,y,n,"±spike truth does contain high-level negative spikes ('speckled with') — claim still true, lacks exclusivity"
505,6,sushi:pn_spike\04\0000004,positive-and-negative spike,positive spike,"Furthermore, the signal is sporadically interrupted by large positive spikes throughout.","The trajectory follows a convex curve similar to a quadratic function, initially descending and then ascending. Furthermore, the signal is sporadically interrupted by large positive spikes throughout.",y,y,n,±spike truth is sporadically interrupted by large positive spikes — claim still true ('sporadically…throughout' also mildly contradictory)
506,6,sushi:n_spike\04\0000000,negative spike,smooth,"In general, the signal is smooth with slight spikes.","The trajectory follows a convex curve similar to a quadratic function, initially descending and then ascending. In general, the signal is smooth with slight spikes.",y,y,y,
507,6,sushi:smooth\05\0000004,smooth,noisy,"A significant amount of noise permeates the signal, in addition.","The trend is recognised by an exponential increase, with a sharp ascent towards the peak. A significant amount of noise permeates the signal, in addition.",y,y,y,
508,6,sushi:smooth\01\0000008,smooth,step,"In the same vein, large step changes are seen intermittently within the signal.","The trend is on a persistent and steady incline. In the same vein, large step changes are seen intermittently within the signal.",y,y,y,
509,6,sushi:step\21\0000004,step,positive-and-negative spike,"Also, the signal scatters sizable positive and negative spikes.","The signal shows a rhythmic pattern, similar to a square wave, that recurs at regular intervals. Also, the signal scatters sizable positive and negative spikes.",y,y,y,"the signal scatters sizable spikes' odd transitive collocation; grammatical, steps≠spikes — kept y"
510,6,sushi:p_spike\21\0000004,positive spike,negative spike,"Also, the signal has sizeable negative spikes at various intervals.","The signal displays a consistent pattern that perpetually repeats at regular intervals, bearing similarity to a square wave. Also, the signal has sizeable negative spikes at various intervals.",y,y,y,
511,6,sushi:smooth\03\0000009,smooth,positive spike,"Large positive spikes are throughout the signal, additionally.","The progression, mimicking a concave curve identical to a quadratic function, initially ascends and then descends. Large positive spikes are throughout the signal, additionally.",y,y,y,
512,6,sushi:noisy\14\0000006,noisy,smooth,A smooth pattern with slight interference is generally shown by the signal.,"The progression is like a valley, it starts by going down and then goes up, ending at the same level on both ends. A smooth pattern with slight interference is generally shown by the signal.",y,y,y,
513,6,sushi:step\10\0000007,step,noisy,"Considerable noise frequently taints the signal, besides.","The path is consistently falling, like an upside-down S-curve, and it's starting to slow down as it approaches a certain point. Considerable noise frequently taints the signal, besides.",y,y,y,step-truth vs noise claim; steps aren't noise — kept y
514,6,sushi:p_spike\20\0000004,positive spike,step,"Also, there are substantial step changes throughout the signal.","The signal portrays a recurring pattern at regular intervals, much like a sinusoidal wave. Also, there are substantial step changes throughout the signal.",y,y,y,
515,6,sushi:smooth\04\0000008,smooth,negative spike,"Equally important, the signal is characterised by intermittent negative spikes of considerable magnitude.","The trend decreases and increases, like a convex curve. Equally important, the signal is characterised by intermittent negative spikes of considerable magnitude.",y,y,y,
516,6,sushi:step\23\0000007,step,positive spike,"Additionally, there are large positive spikes throughout the signal.","Showing a rhythmic tendency to repeat at regular intervals, the signal is similar to an inverse sawtooth wave. Additionally, there are large positive spikes throughout the signal.",y,y,y,
517,6,sushi:pn_spike\23\0000007,positive-and-negative spike,smooth,"Mainly, minor noise is observed in the smooth signal.","The signal indicates a regular cycle that perpetually reiterates at uniform intervals, similar to an inverse sawtooth wave. Mainly, minor noise is observed in the smooth signal.",y,y,y,
518,6,sushi:pn_spike\23\0000001,positive-and-negative spike,noisy,"Besides, the signal is sporadically interrupted by large amounts of noise.","The signal shows a rhythmic tendency similar to an inverse sawtooth wave. Besides, the signal is sporadically interrupted by large amounts of noise.",y,y,n,sporadically interrupted by large amounts of noise' plausibly describes sporadic large ±spikes — not clearly false
519,6,sushi:noisy\02\0000001,noisy,positive-and-negative spike,"Additionally, the signal is peppered with large positive and negative spikes.","The path is linearly declining at a steady pace. Additionally, the signal is peppered with large positive and negative spikes.",y,y,y,"noisy→±spike close pair; 'peppered with large spikes' — magnitude distinguishes from noise, kept y"
520,6,sushi:smooth\21\0000009,smooth,negative spike,"Moreover, the signal is characterized by frequent negative spikes of large magnitude.","The signal presents a consistent pattern, similar to a square wave. Moreover, the signal is characterized by frequent negative spikes of large magnitude.",y,y,y,
521,6,sushi:step\04\0000005,step,positive spike,"Large positive spikes saturate the signal, furthermore.","The sequence, initially descending and then ascending, mirrors a convex curve, akin to a quadratic function. Large positive spikes saturate the signal, furthermore.",y,y,y,
522,6,sushi:p_spike\12\0000001,positive spike,smooth,"Mainly, the signal shows a smooth pattern with slight irregularities.","Starting with a dip, increasing at the midpoint and finally dipping again, the trend is akin to the curve of a negative cubic function. This forms an S-shape rotated by 90 degrees. Mainly, the signal shows a smooth pattern with slight irregularities.",y,y,y,
523,6,sushi:n_spike\02\0000009,negative spike,step,Consistent large step changes can be seen in the signal.,The trend is steadily declining. Consistent large step changes can be seen in the signal.,y,y,y,
524,6,sushi:p_spike\05\0000004,positive spike,noisy,"A large amount of noise covers the signal throughout, furthermore.","Ending with a significant end increase, the course is outlined by exponential acceleration. A large amount of noise covers the signal throughout, furthermore.",y,y,y,"spike-truth vs noise claim; 'covers throughout' pervasive — false for clean spike signal, kept y"
525,6,sushi:noisy\01\0000002,noisy,negative spike,"Also, the signal has sizeable negative spikes at various intervals.","The series observes linear elevation. Also, the signal has sizeable negative spikes at various intervals.",y,y,y,noisy→n_spike; 'sizeable' magnitude distinguishes from noise — kept y
526,6,sushi:step\14\0000005,step,positive spike,"Additionally, there are large positive spikes throughout the signal.","Resembling an inverse Gaussian function, the orientation initially decreases then increases, with both ends equalizing at a fixed value. Additionally, there are large positive spikes throughout the signal.",y,y,y,
527,6,sushi:n_spike\07\0000003,negative spike,smooth,Minor interruptions remain in the smooth signal.,The phase is indicated by a decreasing trend and edges towards a specific value by exponential decay. Minor interruptions remain in the smooth signal.,y,y,y,
528,6,sushi:p_spike\00\0000007,positive spike,step,"Also, there are notable step changes scattered throughout the signal.","The trend stays constant, no alterations from the value. Also, there are notable step changes scattered throughout the signal.",y,y,y,
529,6,sushi:p_spike\11\0000006,positive spike,positive-and-negative spike,"Furthermore, large positive and negative spikes appear consistently.","The trend is like a hill, it starts by going up, then down, then up again, forming a sideways S shape if you flip it. Furthermore, large positive and negative spikes appear consistently.",y,y,y,"claims both polarities; truth has only positive spikes — false, ok"
530,6,sushi:step\24\0000000,step,noisy,"Substantial noise plagues the signal throughout, additionally.","The signal exhibits a rhythmic tendency to reverberate at regular intervals, similar to a triangular wave. Substantial noise plagues the signal throughout, additionally.",y,y,y,
531,6,sushi:p_spike\01\0000004,positive spike,negative spike,The signal has considerable negative spikes.,The pattern is linearly increasing in a consistent manner. The signal has considerable negative spikes.,y,y,y,
532,6,sushi:step\12\0000001,step,positive spike,"Also, the signal is filled with sizable positive spikes.","The pattern parallels the curve of a negative cubic function, initially dipping, then surging and finally dipping again. It forms a 90-degree rotated S-shape. Also, the signal is filled with sizable positive spikes.",y,y,y,
533,6,sushi:pn_spike\12\0000007,positive-and-negative spike,smooth,"By and large, the smooth signal remains with only slight noise and spikes.","Starting with a dip, increasing, and dipping, the trend is akin to a negative cubic function's curve and forms a rotated 90-degree S-shape. By and large, the smooth signal remains with only slight noise and spikes.",y,y,y,q1: 'the smooth signal remains with only slight noise and spikes' awkward; 'only slight' contradicts large ±spikes on magnitude — kept y
534,6,sushi:noisy\09\0000000,noisy,step,Large step changes mark the signal.,"The process shows an upward trend, similar to a sigmoid curve, settles at a value, while its expansion decelerates. Large step changes mark the signal.",y,y,y,
535,6,sushi:step\09\0000000,step,noisy,"Furthermore, the signal is covered by a large amount of noise throughout.","The trend indicates an upward pattern, akin to a sigmoid curve, with a decreasing growth rate, reaching a value. Furthermore, the signal is covered by a large amount of noise throughout.",y,y,y,
536,6,sushi:noisy\03\0000002,noisy,negative spike,"Considerable negative spikes mark the signal at different points, additionally.","The progression, conforming to a concave curve identical to a quadratic function, initially slopes and then descends. Considerable negative spikes mark the signal at different points, additionally.",y,y,y,noisy→n_spike; 'considerable' magnitude distinguishes — kept y
537,6,sushi:noisy\24\0000007,noisy,positive spike,"Furthermore, the signal is sporadically interrupted by large positive spikes throughout.","The signal presents a repeating pattern that's comparable to a triangular wave. Furthermore, the signal is sporadically interrupted by large positive spikes throughout.",y,y,y,noisy→p_spike; 'large' magnitude distinguishes from noise — kept y
538,6,sushi:step\01\0000003,step,smooth,"Overall, the signal is smooth, with only minor interference and spikes.","The trend is escalating at a persistent and steady speed. Overall, the signal is smooth, with only minor interference and spikes.",y,y,y,
539,6,sushi:n_spike\24\0000004,negative spike,positive-and-negative spike,"Additionally, there are large positive and negative spikes throughout the signal.","The signal, analogous to a triangular wave, reveals a periodically repeating pattern. Additionally, there are large positive and negative spikes throughout the signal.",y,y,y,"claims both polarities; truth negative-only — false, ok"
540,6,sushi:n_spike\03\0000004,negative spike,noisy,The signal contains frequent noise.,"The trend reproduces a concave curve, initially rising and falling. The signal contains frequent noise.",y,n,n,The signal contains frequent noise' — no magnitude; neither pins the noisy class nor is clearly false for a spike signal (sporadic large disturbances could read as frequent noise)
541,6,sushi:pn_spike\14\0000000,positive-and-negative spike,step,"Equally important, the signal exhibits significant step changes at different intervals.","The shift is in tune with an inverted Gaussian function, dropping at first and then climbing, with both ends eventually equating to a constant value. Equally important, the signal exhibits significant step changes at different intervals.",y,y,y,
542,6,sushi:step\21\0000002,step,negative spike,The signal contains negative spikes.,"The signal exhibits a periodic tendency to reverberate at regular intervals, comparable to square waves. The signal contains negative spikes.",y,y,y,"no magnitude, but steps persist vs spikes revert — class-distinguishing, kept y"
543,6,sushi:n_spike\03\0000004,negative spike,positive spike,The signal contains positive spikes.,"The trend reproduces a concave curve, initially rising and falling. The signal contains positive spikes.",y,y,y,"no magnitude, but polarity decides: truth negative-only, positives absent — false, ok"
544,6,sushi:step\03\0000007,step,smooth,Minor interruptions remain in the smooth signal.,"Similar to a concave curve, the trend initially ascends and then descends. Minor interruptions remain in the smooth signal.",y,y,y,
545,6,sushi:smooth\02\0000000,smooth,noisy,The signal has high levels of noise.,The decline in the trend is uniform. The signal has high levels of noise.,y,y,y,"smooth truth: 'high levels of noise' contradicts slight-noise-only — false, ok"
546,6,sushi:step\12\0000006,step,negative spike,"Correspondingly, the signal is contaminated with significant negative spikes.","The progression reflects the graph of a negative cubic function, initially dipping, then surging in the middle and finally dipping again. This forms an S-shape rotated by 90 degrees. Correspondingly, the signal is contaminated with significant negative spikes.",y,y,y,
547,6,sushi:pn_spike\13\0000004,positive-and-negative spike,positive spike,"Furthermore, the signal is riddled with large positive spikes at various intervals.","Ascending then descending, the movement corresponds to a Gaussian function, aligning to a constant. Furthermore, the signal is riddled with large positive spikes at various intervals.",y,y,n,"±spike truth is riddled with large positive spikes — claim still true, lacks exclusivity"
548,6,sushi:step\14\0000005,step,smooth,"In general, the signal is smooth with slight spikes.","Resembling an inverse Gaussian function, the orientation initially decreases then increases, with both ends equalizing at a fixed value. In general, the signal is smooth with slight spikes.",y,y,y,
549,6,sushi:n_spike\24\0000000,negative spike,step,Large step changes are in the signal.,"Presenting a regular rhythm, the signal is like a triangular wave. Large step changes are in the signal.",y,y,y,
550,6,sushi:p_spike\06\0000002,positive spike,positive-and-negative spike,"Both large positive and negative spikes fill the signal, significantly.","The flow shows a decreasing inverse exponential enhancement, characterised by a steep plunge at the finish. Both large positive and negative spikes fill the signal, significantly.",y,y,y,"claims both polarities; truth positive-only — false, ok"
551,6,sushi:smooth\06\0000001,smooth,negative spike,"Also, the signal displays significant negative spikes throughout.","The progression shows a reducing inverse exponential rise, characterised by a steep decline at the culmination. Also, the signal displays significant negative spikes throughout.",y,y,y,
552,6,sushi:step\00\0000004,step,positive spike,"Additionally, the signal is sporadically punctuated with sizeable positive spikes.","The trend stays the same and doesn't vary from the stipulated value. Additionally, the signal is sporadically punctuated with sizeable positive spikes.",y,y,y,
553,6,sushi:pn_spike\12\0000006,positive-and-negative spike,smooth,"Large part, the signal is smooth with minor interference.","The motion reflects a negative cubic function, starting with a decline, then a rise, and finally a fall. This forms a 90-degree rotated S-shape. Large part, the signal is smooth with minor interference.",n,y,y,"Large part, the signal is smooth…' — truncated opener (should be 'For the most part' / 'In large part'); recurring malformation. Swap claim itself clearly false for ±spike truth"
554,6,sushi:step\01\0000008,step,noisy,"A large amount of noise saturates the signal, furthermore.","The increase in the trend is uniform and linear. A large amount of noise saturates the signal, furthermore.",y,y,y,"step-truth vs noise claim; 'saturates' pervasive, steps aren't noise — kept y"
555,6,sushi:smooth\03\0000005,smooth,step,"Notably, the signal is characterised by large step changes at various points.","Direction conforms to a concave curvature, initially rising and falling. Notably, the signal is characterised by large step changes at various points.",y,y,y,
556,6,sushi:smooth\03\0000009,smooth,negative spike,"Also, the signal displays significant negative spikes throughout.","The progression, mimicking a concave curve identical to a quadratic function, initially ascends and then descends. Also, the signal displays significant negative spikes throughout.",y,y,y,
557,6,sushi:pn_spike\09\0000009,positive-and-negative spike,positive spike,Frequent positive spikes are found in the signal.,"The pattern displays an unbroken upward trajectory, resembling an S-shaped sigmoid curve, eventually nearing a constant value, with a progressively slowing rate of increase. Frequent positive spikes are found in the signal.",y,y,n,"±spike truth does contain frequent positive spikes — claim still true, lacks exclusivity"
558,6,sushi:step\02\0000006,step,smooth,Minor interruptions remain in the smooth signal.,The decline is steady in the trend. Minor interruptions remain in the smooth signal.,y,y,y,
559,6,sushi:step\13\0000008,step,noisy,"Besides, the signal is frequently tainted by considerable noise.","The development is consistent with a Gaussian function, initially rising and subsequently descending, and both ends finally equal to a constant. Besides, the signal is frequently tainted by considerable noise.",y,y,y,step-truth vs noise claim; steps aren't noise — kept y
560,6,sushi:n_spike\06\0000006,negative spike,positive-and-negative spike,"Both large positive and negative spikes fill the signal, significantly.","Decreasing inverse exponential growth with a drop is exhibited by the lapse. Both large positive and negative spikes fill the signal, significantly.",y,y,y,"claims both polarities, truth negative-only — false ok; retained trend clause 'exhibited by the lapse' awkward (not swap-related)"
561,6,sushi:smooth\09\0000006,smooth,step,Large step changes are evident in the signal.,"Like the sigmoid curve that generates an S-shape, the trend manifests a monotonous increasing pattern, with its rate of increase gradually subsiding and eventually approaching a constant value. Large step changes are evident in the signal.",y,y,y,
562,6,sushi:smooth\13\0000002,smooth,negative spike,"In the same vein, the signal is smeared with high levels of negative spikes.","Initially ascending and later descending, the drift is consistent with a Gaussian function, with both ends finally equal to a constant. In the same vein, the signal is smeared with high levels of negative spikes.",y,y,y,
563,6,sushi:n_spike\09\0000003,negative spike,positive spike,"Large positive spikes are throughout the signal, additionally.","Analogous to a sigmoid curve, the progression illustrates a steady upward trend, with the speed of increase gradually diminishing, eventually culminating at a specific value. Large positive spikes are throughout the signal, additionally.",y,y,y,
564,6,sushi:noisy\07\0000006,noisy,smooth,"For the most part, the signal is smooth with slight disturbances.","A value is inclined to by the tendency through exponential decay. For the most part, the signal is smooth with slight disturbances.",y,y,y,"retained trend clause 'A value is inclined to by the tendency…' tortured passive (both captions, not swap-related); swap claim clearly false"
565,6,sushi:step\11\0000000,step,noisy,"A large amount of noise saturates the signal, furthermore.","The sequence resembles the trajectory of a positive cubic function, starting with an increase, followed by a decrease in the middle, and ending with another increase. This constitutes an inverted S-shape, rotated by 90 degrees. A large amount of noise saturates the signal, furthermore.",y,y,y,
566,6,sushi:noisy\13\0000003,noisy,negative spike,Large negative spikes separate the signal.,"The trend is similar to a Gaussian function, initially rising and then falling, with both ends ultimately merging at a constant value. Large negative spikes separate the signal.",y,y,y,"noisy→n_spike; 'large' magnitude distinguishes — kept y. q1: 'spikes separate the signal' odd collocation, grammatical"
567,6,sushi:smooth\23\0000005,smooth,positive spike,"In the same vein, the signal is occasionally interrupted by large positive spikes.","Signal, similar to an inverse sawtooth wave, shows a pattern that reverberates at regular intervals. In the same vein, the signal is occasionally interrupted by large positive spikes.",y,y,y,
568,6,sushi:pn_spike\21\0000000,positive-and-negative spike,smooth,"For the most part, the signal is smooth with slight disturbances.","Similar to a square wave, the signal displays a repeating pattern. For the most part, the signal is smooth with slight disturbances.",y,y,y,
569,6,sushi:smooth\07\0000004,smooth,step,"Notably, the signal is characterised by large step changes at various points.","The movement is signified by a decrease and converges to a certain value through exponential decay. Notably, the signal is characterised by large step changes at various points.",y,y,y,
570,6,sushi:p_spike\24\0000007,positive spike,noisy,Noise pervades throughout the signal.,The signal reflects a rhythm that's akin to a triangular wave. Noise pervades throughout the signal.,y,y,y,"no magnitude, but 'pervades throughout' claims pervasive noise — false for clean spike signal, kept y"
571,6,sushi:n_spike\14\0000000,negative spike,positive-and-negative spike,"Both large positive and negative spikes fill the signal, significantly.","The course is like a valley, starting with a drop and then a rise, and both ends finishing at the same level. Both large positive and negative spikes fill the signal, significantly.",y,y,y,"claims both polarities; truth negative-only — false, ok"
572,6,sushi:pn_spike\14\0000000,positive-and-negative spike,negative spike,"Besides, the signal is speckled with high levels of negative spikes.","The shift is in tune with an inverted Gaussian function, dropping at first and then climbing, with both ends eventually equating to a constant value. Besides, the signal is speckled with high levels of negative spikes.",y,y,n,"±spike truth is speckled with high-level negative spikes — claim still true, lacks exclusivity"
573,6,sushi:smooth\01\0000002,smooth,positive spike,Frequent positive spikes are found in the signal.,The trend is straight in its growth. Frequent positive spikes are found in the signal.,y,y,y,
574,6,sushi:step\20\0000001,step,smooth,Minor interruptions remain in the smooth signal.,"Signal presents a periodically repeating pattern that echoes a sinusoidal wave, consistent over a fixed time frame. Minor interruptions remain in the smooth signal.",y,y,y,retained trend clause 'Signal presents…' missing article (not swap-related)
575,6,sushi:p_spike\06\0000007,positive spike,step,"Additionally, there are large step changes throughout the signal.","The course indicates a decreasing inverse exponential growth, highlighted by a sharp plummet towards the end. Additionally, there are large step changes throughout the signal.",y,y,y,
576,6,sushi:n_spike\06\0000006,negative spike,noisy,"A large amount of noise covers the signal throughout, furthermore.","Decreasing inverse exponential growth with a drop is exhibited by the lapse. A large amount of noise covers the signal throughout, furthermore.",y,y,y,"spike-truth vs noise; 'covers throughout' pervasive — false, kept y. Retained trend 'exhibited by the lapse' awkward"
577,6,sushi:p_spike\06\0000002,positive spike,negative spike,"Besides, the signal is interrupted sporadically by large negative spikes.","The flow shows a decreasing inverse exponential enhancement, characterised by a steep plunge at the finish. Besides, the signal is interrupted sporadically by large negative spikes.",y,y,y,
578,6,sushi:noisy\11\0000005,noisy,positive spike,"Also, the signal frequently exhibits positive spikes of noticeable size.","The sequence mimics the path of a positive cubic function, initially rising, falling in the middle and finally rising again. This constitutes a reflexive, 90-degree rotated S-shape. Also, the signal frequently exhibits positive spikes of noticeable size.",y,y,y,noisy→p_spike; 'noticeable size' magnitude distinguishes — kept y
579,6,sushi:p_spike\09\0000001,positive spike,smooth,"Mainly, minor noise is observed in the smooth signal.","The pattern is consistently going up like an S-curve, and it's slowing down as it gets close to a certain value. Mainly, minor noise is observed in the smooth signal.",y,y,y,
580,6,sushi:pn_spike\13\0000000,positive-and-negative spike,noisy,"Additionally, the signal is plagued by substantial noise throughout.","First ascending and then descending, the movement corresponds to a Gaussian function, with both edges finally aligning to a constant value. Additionally, the signal is plagued by substantial noise throughout.",y,y,y,"spike-truth vs noise; 'plagued…throughout' pervasive — false, kept y"
581,6,sushi:smooth\07\0000004,smooth,positive-and-negative spike,Also noteworthy is the signal's consistent display of large positive and negative spikes.,The movement is signified by a decrease and converges to a certain value through exponential decay. Also noteworthy is the signal's consistent display of large positive and negative spikes.,y,y,y,
582,6,sushi:smooth\06\0000004,smooth,step,Consistent large step changes can be seen in the signal.,"The trend, ending with a fall, shows decreasing inverse exponential growth. Consistent large step changes can be seen in the signal.",y,y,y,
583,6,sushi:p_spike\20\0000008,positive spike,negative spike,"Additionally, there are large negative spikes throughout the signal.","The signal is showing a periodic pattern that repeats at regular intervals, like a sinusoidal wave. Additionally, there are large negative spikes throughout the signal.",y,y,y,
584,6,sushi:smooth\20\0000004,smooth,positive spike,"Additionally, the signal is scattered with large positive spikes.","Signal manifests a periodic, sine wave-like pattern. Additionally, the signal is scattered with large positive spikes.",y,y,y,
585,6,sushi:pn_spike\01\0000004,positive-and-negative spike,smooth,"Generally, the signal is smooth with minor disturbances.","The course is demonstrating a steady linear climb. Generally, the signal is smooth with minor disturbances.",y,y,y,
586,6,sushi:n_spike\12\0000009,negative spike,noisy,"Correspondingly, the signal is contaminated with significant noise.","Initially diminishing, then enlarging in the middle, and finally diminishing again, the pattern mirrors the curve of a negative cubic function. This creates a 90-degree rotated S-shape. Correspondingly, the signal is contaminated with significant noise.",y,y,n,contaminated with significant noise' — no pervasiveness cue; sporadic large negative spikes could read as significant noise contamination — not clearly false
587,6,sushi:n_spike\00\0000005,negative spike,step,"Also, there are substantial step changes throughout the signal.","The direction is sustained without any alterations from a specific value. Also, there are substantial step changes throughout the signal.",y,y,y,
588,6,sushi:step\11\0000009,step,negative spike,"Also, the signal displays significant negative spikes throughout.","The pattern is like a slide, it goes up first, dips in the middle, then goes up again, forming an upside-down sideways S shape. Also, the signal displays significant negative spikes throughout.",y,y,y,
589,6,sushi:n_spike\20\0000008,negative spike,positive spike,"Notably, the signal is characterised by large positive spikes at various points.","Signal displays a recurring, sine wave-like pattern. Notably, the signal is characterised by large positive spikes at various points.",y,y,y,
590,6,sushi:p_spike\21\0000001,positive spike,smooth,Minor interruptions remain in the smooth signal.,"Like a square wave, the signal shows a periodic pattern. Minor interruptions remain in the smooth signal.",y,y,y,
591,6,sushi:smooth\06\0000004,smooth,positive-and-negative spike,"In addition, the signal frequently shows positive and negative spikes.","The trend, ending with a fall, shows decreasing inverse exponential growth. In addition, the signal frequently shows positive and negative spikes.",y,y,y,"no magnitude, but smooth truth has no spikes at all — clearly false, ok"
592,6,sushi:n_spike\07\0000006,negative spike,noisy,"Substantial noise plagues the signal throughout, additionally.","Process defined by decrease targets a certain value via exponential decay. Substantial noise plagues the signal throughout, additionally.",y,y,y,"spike-truth vs noise; 'plagues throughout' pervasive — false, kept y. Retained trend 'Process defined by decrease targets…' telegraphic"
593,6,sushi:step\11\0000000,step,negative spike,"Correspondingly, the signal is contaminated with significant negative spikes.","The sequence resembles the trajectory of a positive cubic function, starting with an increase, followed by a decrease in the middle, and ending with another increase. This constitutes an inverted S-shape, rotated by 90 degrees. Correspondingly, the signal is contaminated with significant negative spikes.",y,y,y,
594,6,sushi:smooth\05\0000008,smooth,positive spike,"Furthermore, the signal is riddled with large positive spikes at various intervals.","Ending with a sharp end spike, the trend is illustrated by exponential expansion. Furthermore, the signal is riddled with large positive spikes at various intervals.",y,y,y,
595,6,sushi:p_spike\12\0000000,positive spike,smooth,A large part of the signal is smooth with minor interference.,"Declining, peaking, and declining, the pattern follows a negative cubic function's path and creates a rotated 90-degree S-shape. A large part of the signal is smooth with minor interference.",y,y,y,A large part of the signal is smooth…' — grammatical variant of the truncated opener; q1 ok
596,6,sushi:p_spike\14\0000005,positive spike,step,"Equally important, the signal is characterised by intermittent large step changes.","The course models a flipped Gaussian function, starting with a decline then incline, both ends equalizing at a constant. Equally important, the signal is characterised by intermittent large step changes.",y,y,y,
597,6,sushi:pn_spike\10\0000006,positive-and-negative spike,noisy,"Additionally, there is a large amount of noise throughout the signal.","Similar to an inverted sigmoid curve, the process shows a descending trend, with the descent subsiding, finally approaching a value. Additionally, there is a large amount of noise throughout the signal.",y,y,y,
598,6,sushi:step\09\0000000,step,negative spike,"Moreover, the signal is consistently pestered by high levels of negative spikes.","The trend indicates an upward pattern, akin to a sigmoid curve, with a decreasing growth rate, reaching a value. Moreover, the signal is consistently pestered by high levels of negative spikes.",y,y,y,"consistently pestered by' odd collocation, grammatical; steps≠spikes — kept y"
599,6,sushi:pn_spike\21\0000003,positive-and-negative spike,positive spike,"Furthermore, the signal is riddled with large positive spikes at various intervals.","Mirroring a square wave, the signal shows a pattern that repeats regularly at regular intervals. Furthermore, the signal is riddled with large positive spikes at various intervals.",y,y,n,"±spike truth is riddled with large positive spikes — claim still true, lacks exclusivity"
600,6,sushi:p_spike\06\0000007,positive spike,smooth,"Mainly, minor noise is observed in the smooth signal.","The course indicates a decreasing inverse exponential growth, highlighted by a sharp plummet towards the end. Mainly, minor noise is observed in the smooth signal.",y,y,y,
601,7,sushi:p_spike\20\0000008,positive spike,step,"Additionally, there are large step changes throughout the signal.","The signal is showing a periodic pattern that repeats at regular intervals, like a sinusoidal wave. Additionally, there are large step changes throughout the signal.",y,y,y,
602,7,sushi:smooth\11\0000005,smooth,positive-and-negative spike,"In the same vein, the signal is riddled with large positive and negative spikes.","The pattern mirrors a positive cubic function's trajectory, with expansion, contraction, and another expansion, forming a 90-degree rotated S-shape that is reversed. In the same vein, the signal is riddled with large positive and negative spikes.",y,y,y,
603,7,sushi:smooth\00\0000006,smooth,noisy,"A significant amount of noise is interspersed within the signal, in addition.","The trend is steady, with no amendments from the predetermined values. A significant amount of noise is interspersed within the signal, in addition.",y,y,y,"smooth truth: 'significant' noise contradicts slight-noise-only — clearly false, kept y"
604,7,sushi:p_spike\08\0000002,positive spike,negative spike,"Also, the signal is interspersed with significant negative spikes.","The pattern is progressing towards saturation through increasing inverse exponential decay. Also, the signal is interspersed with significant negative spikes.",y,y,y,
605,7,sushi:noisy\03\0000002,noisy,positive spike,"Additionally, the signal is sporadically punctuated with sizeable positive spikes.","The progression, conforming to a concave curve identical to a quadratic function, initially slopes and then descends. Additionally, the signal is sporadically punctuated with sizeable positive spikes.",y,y,y,noisy→p_spike close pair; 'sizeable' magnitude distinguishes from noise — kept y
606,7,sushi:step\09\0000009,step,smooth,"Generally, the signal is smooth with minor noise.","The direction exhibits an ascending trend, akin to a sigmoid curve, reaching a value, with a declining growth speed. Generally, the signal is smooth with minor noise.",y,y,y,
607,7,sushi:n_spike\14\0000000,negative spike,step,"Additionally, the signal contains a high number of step changes.","The course is like a valley, starting with a drop and then a rise, and both ends finishing at the same level. Additionally, the signal contains a high number of step changes.",y,y,y,
608,7,sushi:step\22\0000000,step,noisy,"Considerable amounts of noise fill the signal, also.","A recurrent pattern, similar to a sawtooth wave, is manifested by the signal. Considerable amounts of noise fill the signal, also.",y,y,y,step truth: steps aren't noise; 'fill' claim clearly false — kept y
609,7,sushi:noisy\11\0000005,noisy,negative spike,"Besides, the signal is interrupted sporadically by large negative spikes.","The sequence mimics the path of a positive cubic function, initially rising, falling in the middle and finally rising again. This constitutes a reflexive, 90-degree rotated S-shape. Besides, the signal is interrupted sporadically by large negative spikes.",y,y,y,noisy→n_spike; 'large' + 'sporadically interrupted' distinguishes from continuous noise — kept y
610,7,sushi:smooth\21\0000002,smooth,positive spike,"Additionally, the signal is plagued by substantial positive spikes throughout.","A periodic pattern, similar to a square wave, is what the signal shows. Additionally, the signal is plagued by substantial positive spikes throughout.",y,y,y,
611,7,sushi:pn_spike\06\0000000,positive-and-negative spike,smooth,"Overall, the signal is smooth, with only minor interference and spikes.","The direction shows decreasing inverse exponential development with a depression. Overall, the signal is smooth, with only minor interference and spikes.",y,y,y,only minor interference and spikes' contradicts large ±spikes on magnitude — kept y
612,7,sushi:n_spike\20\0000004,negative spike,positive-and-negative spike,"In the same vein, the signal is riddled with large positive and negative spikes.","Signal shows a pattern that repeats at regular intervals, comparable to a sine wave. In the same vein, the signal is riddled with large positive and negative spikes.",y,y,y,claims both polarities; truth has negative only — false. Retained 'Signal shows...' missing article (not swap-related)
613,7,sushi:p_spike\00\0000007,positive spike,noisy,"A considerable amount of noise litters the signal, in addition.","The trend stays constant, no alterations from the value. A considerable amount of noise litters the signal, in addition.",y,y,n,litters' = scattered noise; sporadic large positive spikes could read as scattered considerable noise — not clearly false
614,7,sushi:n_spike\20\0000008,negative spike,step,"Notably, the signal is characterised by large step changes at various points.","Signal displays a recurring, sine wave-like pattern. Notably, the signal is characterised by large step changes at various points.",y,y,y,
615,7,sushi:smooth\00\0000004,smooth,negative spike,"In addition, the signal is consistently marred by high levels of negative spikes.","Trend unchanging, no amendments from established values. In addition, the signal is consistently marred by high levels of negative spikes.",y,y,y,"retained trend clause 'Trend unchanging, no amendments...' telegraphic (not swap-related)"
616,7,sushi:pn_spike\12\0000006,positive-and-negative spike,positive spike,"Also, the signal is filled with sizable positive spikes.","The motion reflects a negative cubic function, starting with a decline, then a rise, and finally a fall. This forms a 90-degree rotated S-shape. Also, the signal is filled with sizable positive spikes.",y,y,n,±spike truth does contain sizable positive spikes; no exclusivity — claim still true (subset)
617,7,sushi:pn_spike\11\0000008,positive-and-negative spike,smooth,A large part of the signal is smooth with minor interference.,"The sequence parallels the curve of a positive cubic function, starting with an increase, followed by a decrease in the middle, and ending with an increase. This forms a reflected S-shape, rotated by 90 degrees. A large part of the signal is smooth with minor interference.",y,y,y,
618,7,sushi:n_spike\10\0000002,negative spike,noisy,"Substantial noise plagues the signal throughout, additionally.","The direction shows a decreasing pattern, similar to an inverse sigmoid curve, with its contraction slowing down, finally merging towards a value. Substantial noise plagues the signal throughout, additionally.",y,y,y,"n_spike truth vs pervasive 'plagues throughout' noise claim — distinguishes from sporadic spikes, kept y"
619,7,sushi:smooth\07\0000007,smooth,negative spike,"Also, the signal is interspersed with significant negative spikes.","The pathway is marked by a decrease and is drawn to a specific value by exponential decay. Also, the signal is interspersed with significant negative spikes.",y,y,y,
620,7,sushi:n_spike\10\0000002,negative spike,positive spike,Positive spikes are found within the signal.,"The direction shows a decreasing pattern, similar to an inverse sigmoid curve, with its contraction slowing down, finally merging towards a value. Positive spikes are found within the signal.",y,y,y,"no magnitude but polarity decides: truth negative-only, positives absent — clearly false"
621,7,sushi:p_spike\23\0000003,positive spike,smooth,"Generally, the signal is smooth with minor disturbances.","Signal shows a regular pattern like an inverse sawtooth wave. Generally, the signal is smooth with minor disturbances.",y,y,y,
622,7,sushi:n_spike\06\0000006,negative spike,step,"Also, there are notable step changes scattered throughout the signal.","Decreasing inverse exponential growth with a drop is exhibited by the lapse. Also, there are notable step changes scattered throughout the signal.",y,y,y,retained trend clause 'exhibited by the lapse' awkward (not swap-related)
623,7,sushi:noisy\05\0000006,noisy,positive-and-negative spike,"Furthermore, the signal is sporadically interrupted by large positive and negative spikes throughout.","The course is characterised by exponential undulation, culminating in a sharp rise towards the conclusion. Furthermore, the signal is sporadically interrupted by large positive and negative spikes throughout.",y,y,y,noisy→±spike close pair; 'large' magnitude distinguishes — kept y
624,7,sushi:p_spike\11\0000001,positive spike,noisy,The signal has high levels of noise.,"The progression reflects the curve of a positive cubic function, escalating, descending, and then rising again, producing an inverted S-shape rotated 90 degrees. The signal has high levels of noise.",y,y,n,has high levels of noise' — no pervasiveness cue; sporadic large positive spikes could read as high-level noise — not clearly false
625,7,sushi:smooth\24\0000002,smooth,negative spike,Large negative spikes are present in the signal.,"The signal shows a sequence repeating regularly, akin to a triangular wave. Large negative spikes are present in the signal.",y,y,y,
626,7,sushi:n_spike\04\0000000,negative spike,positive spike,"Additionally, there are large positive spikes throughout the signal.","The trajectory follows a convex curve similar to a quadratic function, initially descending and then ascending. Additionally, there are large positive spikes throughout the signal.",y,y,y,
627,7,sushi:noisy\10\0000000,noisy,smooth,Slight noise remains in the smooth signal.,"Similar to an inverted S-shaped curve with a mirrored S-shape, the trajectory shows a monotonically decreasing pattern, eventually approaching a certain value, but with a gradual deceleration in its rate of decrease. Slight noise remains in the smooth signal.",y,y,y,
628,7,sushi:pn_spike\02\0000009,positive-and-negative spike,step,"Equally important, the signal exhibits significant step changes at different intervals.","The decrease is consistent in the trend. Equally important, the signal exhibits significant step changes at different intervals.",y,y,y,
629,7,sushi:noisy\24\0000008,noisy,negative spike,The signal has considerable negative spikes.,The signal systematically repeats a pattern similar to a triangular wave. The signal has considerable negative spikes.,y,y,y,noisy→n_spike close pair; 'considerable' magnitude distinguishes — kept y
630,7,sushi:smooth\03\0000005,smooth,positive spike,"Notably, the signal is characterised by large positive spikes at various points.","Direction conforms to a concave curvature, initially rising and falling. Notably, the signal is characterised by large positive spikes at various points.",y,y,y,
631,7,sushi:pn_spike\00\0000007,positive-and-negative spike,smooth,"Generally speaking, minor disturbances and fluctuations are shown in the smooth signal.","The trajectory remains stable and does not fluctuate from a specific value. Generally speaking, minor disturbances and fluctuations are shown in the smooth signal.",y,y,y,
632,7,sushi:smooth\20\0000004,smooth,noisy,"Besides, the signal is frequently tainted by considerable noise.","Signal manifests a periodic, sine wave-like pattern. Besides, the signal is frequently tainted by considerable noise.",y,y,y,"smooth truth: 'considerable noise' contradicts slight-noise-only — clearly false, kept y"
633,7,sushi:noisy\22\0000004,noisy,positive-and-negative spike,"Also, the signal scatters sizable positive and negative spikes.","Replicating at regular intervals, the signal shows a rhythmic pattern similar to saw waves. Also, the signal scatters sizable positive and negative spikes.",y,y,y,"q1: 'the signal scatters spikes' odd transitive use, still parses. 'Sizable' magnitude distinguishes from noise — kept y"
634,7,sushi:smooth\14\0000007,smooth,step,"In addition, the signal is separated by step changes of considerable magnitude.","The progression mirrors the curve of an upside-down Gaussian function, with a downward trend initially that later ascends, finally balancing at a constant at both ends. In addition, the signal is separated by step changes of considerable magnitude.",y,y,y,"q1: 'separated by step changes' odd collocation, still parses"
635,7,sushi:p_spike\02\0000003,positive spike,negative spike,"Besides, the signal is spotted with considerable amounts of negative spikes.","The trajectory consistently shows a linear decline. Besides, the signal is spotted with considerable amounts of negative spikes.",y,y,y,
636,7,sushi:step\21\0000004,step,positive spike,"Also, the signal is filled with sizable positive spikes.","The signal shows a rhythmic pattern, similar to a square wave, that recurs at regular intervals. Also, the signal is filled with sizable positive spikes.",y,y,y,
637,7,sushi:pn_spike\22\0000008,positive-and-negative spike,smooth,"Overall, the signal is smooth, with only minor interference and spikes.","The signal, akin to saw waves, shows a systematic repetition. Overall, the signal is smooth, with only minor interference and spikes.",y,y,y,only minor interference and spikes' contradicts large ±spikes on magnitude — kept y
638,7,sushi:n_spike\04\0000000,negative spike,noisy,"Besides, the signal is frequently tainted by considerable noise.","The trajectory follows a convex curve similar to a quadratic function, initially descending and then ascending. Besides, the signal is frequently tainted by considerable noise.",y,y,n,frequently tainted by considerable noise' could describe recurring large negative spikes; no pervasiveness cue — not clearly false
639,7,sushi:smooth\04\0000008,smooth,step,"In addition, the signal is separated by step changes of considerable magnitude.","The trend decreases and increases, like a convex curve. In addition, the signal is separated by step changes of considerable magnitude.",y,y,y,"q1: 'separated by step changes' odd collocation, still parses"
640,7,sushi:smooth\23\0000005,smooth,negative spike,"Equally important, the signal is characterised by intermittent negative spikes of considerable magnitude.","Signal, similar to an inverse sawtooth wave, shows a pattern that reverberates at regular intervals. Equally important, the signal is characterised by intermittent negative spikes of considerable magnitude.",y,y,y,
641,7,sushi:noisy\08\0000001,noisy,positive spike,The signal bears notable positive spikes.,The trend is being driven towards saturation by the escalation of inverse exponential decay. The signal bears notable positive spikes.,y,y,y,noisy→p_spike close pair; 'notable' magnitude distinguishes — kept y
642,7,sushi:n_spike\00\0000001,negative spike,smooth,"For the most part, the smooth signal exhibits only minimal noise and spikes.","Trend unwavering, no modifications from values. For the most part, the smooth signal exhibits only minimal noise and spikes.",y,y,y,"only minimal noise and spikes' contradicts large negative spikes on magnitude — kept y. Retained 'Trend unwavering, no modifications from values.' awkward (not swap-related)"
643,7,sushi:smooth\20\0000000,smooth,noisy,"In the same vein, the signal is smeared with high levels of noise.","The signal, akin to a sinusoidal wave, demonstrates a pattern that reoccurs at regular intervals. In the same vein, the signal is smeared with high levels of noise.",y,y,y,
644,7,sushi:smooth\14\0000007,smooth,positive-and-negative spike,"Besides, the signal is interrupted sporadically by large positive and negative spikes.","The progression mirrors the curve of an upside-down Gaussian function, with a downward trend initially that later ascends, finally balancing at a constant at both ends. Besides, the signal is interrupted sporadically by large positive and negative spikes.",y,y,y,
645,7,sushi:smooth\14\0000009,smooth,negative spike,"Additionally, there are large negative spikes throughout the signal.","The change follows the curve of a flipped Gaussian function, first decreasing and then increasing, with both ends finally converging to a steady value. Additionally, there are large negative spikes throughout the signal.",y,y,y,
646,7,sushi:n_spike\21\0000009,negative spike,positive spike,The signal contains frequent positive spikes.,"Resembling a square wave, the signal unveils a cyclic pattern. The signal contains frequent positive spikes.",y,y,y,
647,7,sushi:noisy\24\0000007,noisy,smooth,"For the most part, the signal is smooth with slight disturbances.","The signal presents a repeating pattern that's comparable to a triangular wave. For the most part, the signal is smooth with slight disturbances.",y,y,y,
648,7,sushi:pn_spike\11\0000008,positive-and-negative spike,noisy,"Besides, the signal is sporadically interrupted by large amounts of noise.","The sequence parallels the curve of a positive cubic function, starting with an increase, followed by a decrease in the middle, and ending with an increase. This forms a reflected S-shape, rotated by 90 degrees. Besides, the signal is sporadically interrupted by large amounts of noise.",y,y,n,sporadically interrupted by large amounts of noise' plausibly describes sporadic large ±spikes — not clearly false
649,7,sushi:smooth\06\0000001,smooth,step,Intermittent large step changes occur in the signal.,"The progression shows a reducing inverse exponential rise, characterised by a steep decline at the culmination. Intermittent large step changes occur in the signal.",y,y,y,
650,7,sushi:smooth\22\0000008,smooth,negative spike,"Equally important, the signal is characterised by intermittent negative spikes of considerable magnitude.","Like a sawtooth wave, the signal shows a periodic pattern. Equally important, the signal is characterised by intermittent negative spikes of considerable magnitude.",y,y,y,
651,7,sushi:n_spike\07\0000003,negative spike,positive spike,The signal bears notable positive spikes.,The phase is indicated by a decreasing trend and edges towards a specific value by exponential decay. The signal bears notable positive spikes.,y,y,y,
652,7,sushi:noisy\00\0000001,noisy,smooth,"By and large, the smooth signal remains with only slight noise and spikes.","The pattern is constant and doesn't deviate from a specific value. By and large, the smooth signal remains with only slight noise and spikes.",y,y,y,"q1: 'the smooth signal remains with only slight noise' awkward, still parses; heavy-noise truth clearly contradicted — kept y"
653,7,sushi:step\13\0000008,step,positive-and-negative spike,"Also, the signal scatters sizable positive and negative spikes.","The development is consistent with a Gaussian function, initially rising and subsequently descending, and both ends finally equal to a constant. Also, the signal scatters sizable positive and negative spikes.",y,y,y,"q1: 'the signal scatters spikes' odd transitive use, still parses; steps≠spikes — kept y"
654,7,sushi:p_spike\12\0000000,positive spike,noisy,"Besides, the signal is sporadically interrupted by large amounts of noise.","Declining, peaking, and declining, the pattern follows a negative cubic function's path and creates a rotated 90-degree S-shape. Besides, the signal is sporadically interrupted by large amounts of noise.",y,y,n,sporadically interrupted by large amounts of noise' plausibly describes sporadic large positive spikes — not clearly false
655,7,sushi:pn_spike\09\0000004,positive-and-negative spike,step,"Equally important, the signal exhibits significant step changes at different intervals.","The path reflects a continuous increase, similar to a sigmoid curve, approaching a value, with a slowing rate of acceleration. Equally important, the signal exhibits significant step changes at different intervals.",y,y,y,
656,7,sushi:p_spike\07\0000006,positive spike,negative spike,"Also, the signal has sizeable negative spikes at various intervals.","The development is signified by a decrease, moving towards a certain value via exponential decay. Also, the signal has sizeable negative spikes at various intervals.",y,y,y,
657,7,sushi:smooth\06\0000004,smooth,positive spike,"Also, the signal frequently exhibits positive spikes of noticeable size.","The trend, ending with a fall, shows decreasing inverse exponential growth. Also, the signal frequently exhibits positive spikes of noticeable size.",y,y,y,
658,7,sushi:n_spike\22\0000007,negative spike,smooth,"Mainly, minor noise is observed in the smooth signal.","A rhythmic sequence, similar to saw waves, is shown by the signal. Mainly, minor noise is observed in the smooth signal.",y,y,y,
659,7,sushi:smooth\03\0000005,smooth,noisy,"A significant amount of noise is interspersed within the signal, in addition.","Direction conforms to a concave curvature, initially rising and falling. A significant amount of noise is interspersed within the signal, in addition.",y,y,y,"smooth truth: 'significant' noise contradicts slight-noise-only — clearly false, kept y"
660,7,sushi:noisy\04\0000004,noisy,step,"Notably, the signal is characterised by large step changes at various points.","Similar to a convex curve, the trend initially descends then ascends. Notably, the signal is characterised by large step changes at various points.",y,y,y,
661,7,sushi:step\00\0000004,step,negative spike,"Also, the signal has sizeable negative spikes at various intervals.","The trend stays the same and doesn't vary from the stipulated value. Also, the signal has sizeable negative spikes at various intervals.",y,y,y,
662,7,sushi:step\10\0000007,step,positive spike,"Large positive spikes saturate the signal, furthermore.","The path is consistently falling, like an upside-down S-curve, and it's starting to slow down as it approaches a certain point. Large positive spikes saturate the signal, furthermore.",y,y,y,
663,7,sushi:noisy\11\0000005,noisy,smooth,"Generally, the signal demonstrates a smooth trend with minor disturbances.","The sequence mimics the path of a positive cubic function, initially rising, falling in the middle and finally rising again. This constitutes a reflexive, 90-degree rotated S-shape. Generally, the signal demonstrates a smooth trend with minor disturbances.",y,y,y,
664,7,sushi:p_spike\20\0000008,positive spike,positive-and-negative spike,"Also, the signal scatters sizable positive and negative spikes.","The signal is showing a periodic pattern that repeats at regular intervals, like a sinusoidal wave. Also, the signal scatters sizable positive and negative spikes.",y,y,y,"claims both polarities; truth positive-only — false. q1: 'scatters' odd transitive, still parses"
665,7,sushi:n_spike\14\0000006,negative spike,noisy,Intermittent noise is in the signal.,"The trend, tracing the path of an inverted Gaussian function, descends first and then ascends, with both ends ultimately settling at a constant value. Intermittent noise is in the signal.",y,n,n,"Intermittent noise is in the signal' — no magnitude: doesn't pin noisy class (q2), and sporadic spike disturbances make it not clearly false (q3)"
666,7,sushi:noisy\20\0000007,noisy,negative spike,The signal has considerable negative spikes.,"The signal is showing a periodic pattern that repeats at regular intervals, like a sinusoidal wave. The signal has considerable negative spikes.",y,y,y,noisy→n_spike close pair; 'considerable' magnitude distinguishes — kept y
667,7,sushi:smooth\00\0000006,smooth,positive spike,"Positive spikes of considerable size are frequently in the signal, in addition.","The trend is steady, with no amendments from the predetermined values. Positive spikes of considerable size are frequently in the signal, in addition.",y,y,y,
668,7,sushi:noisy\02\0000004,noisy,smooth,"Generally speaking, the signal is smooth, showing only minor disturbances and fluctuations.","The trajectory is experiencing a constant linear decrease. Generally speaking, the signal is smooth, showing only minor disturbances and fluctuations.",y,y,y,
669,7,sushi:pn_spike\07\0000003,positive-and-negative spike,step,"In addition, the signal is separated by step changes of considerable magnitude.","The pathway is marked by a decrease and is drawn to a specific value by exponential decay. In addition, the signal is separated by step changes of considerable magnitude.",y,y,y,"q1: 'separated by step changes' odd collocation, still parses; spikes≠steps — kept y"
670,7,sushi:p_spike\11\0000006,positive spike,noisy,"Correspondingly, the signal is contaminated with significant noise.","The trend is like a hill, it starts by going up, then down, then up again, forming a sideways S shape if you flip it. Correspondingly, the signal is contaminated with significant noise.",y,y,n,contaminated with significant noise' — no pervasiveness cue; sporadic large positive spikes could read as significant noise — not clearly false
671,7,sushi:p_spike\22\0000005,positive spike,negative spike,"Besides, the signal shows large negative spikes intermittently.","The signal demonstrates a pattern that perpetually reiterates at regular intervals, like a sawtooth wave. Besides, the signal shows large negative spikes intermittently.",y,y,y,
672,7,sushi:smooth\14\0000007,smooth,positive spike,"Notably, the signal is characterised by large positive spikes at various points.","The progression mirrors the curve of an upside-down Gaussian function, with a downward trend initially that later ascends, finally balancing at a constant at both ends. Notably, the signal is characterised by large positive spikes at various points.",y,y,y,
673,7,sushi:p_spike\04\0000008,positive spike,smooth,"Large part, the signal is smooth with minor interference.","Like a convex curve, the direction decreases and increases. Large part, the signal is smooth with minor interference.",n,y,y,"Large part, the signal is smooth...' truncated/malformed opening (should be 'For the most part') — q1 fail; claim itself clearly false vs large positive spikes"
674,7,sushi:p_spike\13\0000006,positive spike,positive-and-negative spike,"Besides, the signal contains sporadic large positive and negative spikes.","The fashion is like a hill, it goes up first and then comes down, with both ends ending up at the same point. Besides, the signal contains sporadic large positive and negative spikes.",y,y,y,claims both polarities; truth positive-only — false
675,7,sushi:p_spike\11\0000001,positive spike,step,Large step changes consistently appear in signal.,"The progression reflects the curve of a positive cubic function, escalating, descending, and then rising again, producing an inverted S-shape rotated 90 degrees. Large step changes consistently appear in signal.",y,y,y,"q1: 'appear in signal' missing article, telegraphic but parses"
676,7,sushi:pn_spike\00\0000008,positive-and-negative spike,noisy,"A significant amount of noise is interspersed within the signal, in addition.","Trend remains identical, doesn't vary from the value. A significant amount of noise is interspersed within the signal, in addition.",y,y,n,significant noise interspersed' — interspersed = scattered; plausibly describes sporadic ±spikes — not clearly false
677,7,sushi:smooth\00\0000006,smooth,negative spike,"Additionally, the signal is marked by considerable negative spikes at different points.","The trend is steady, with no amendments from the predetermined values. Additionally, the signal is marked by considerable negative spikes at different points.",y,y,y,
678,7,sushi:smooth\24\0000007,smooth,positive spike,"Furthermore, the signal is riddled with large positive spikes at various intervals.","Like a triangular wave, the signal discloses a regular rhythm that is constantly echoed. Furthermore, the signal is riddled with large positive spikes at various intervals.",y,y,y,
679,7,sushi:pn_spike\13\0000000,positive-and-negative spike,smooth,"Large part, the signal is smooth with minor interference.","First ascending and then descending, the movement corresponds to a Gaussian function, with both edges finally aligning to a constant value. Large part, the signal is smooth with minor interference.",n,y,y,"Large part, the signal is smooth...' truncated/malformed opening — q1 fail; claim clearly false vs large ±spikes"
680,7,sushi:smooth\08\0000003,smooth,step,"In addition, the signal is separated by step changes of considerable magnitude.","Escalating inverse exponential decay is making the trend near saturation. In addition, the signal is separated by step changes of considerable magnitude.",y,y,y,"q1: 'separated by step changes' odd collocation, still parses"
681,7,sushi:p_spike\10\0000008,positive spike,noisy,Noise is exhibited by the signal.,"The direction is steadily going down, like an upside-down S-curve, and it's starting to slow down as it gets closer to a certain value. Noise is exhibited by the signal.",y,n,n,"Noise is exhibited' — no magnitude: doesn't pin noisy class (q2); sporadic large positive spikes could loosely read as noise, and minor noise plausible in any signal (q3)"
682,7,sushi:smooth\12\0000000,smooth,negative spike,"Moreover, the signal is characterized by frequent negative spikes of large magnitude.","The trend reflects a negative cubic function's trajectory, starting with a decrease, increasing, and finally decreasing. It follows a 90-degree rotated S-shape. Moreover, the signal is characterized by frequent negative spikes of large magnitude.",y,y,y,
683,7,sushi:smooth\14\0000009,smooth,positive spike,"Also, the signal is filled with sizable positive spikes.","The change follows the curve of a flipped Gaussian function, first decreasing and then increasing, with both ends finally converging to a steady value. Also, the signal is filled with sizable positive spikes.",y,y,y,
684,7,sushi:pn_spike\07\0000001,positive-and-negative spike,smooth,"For the most part, the signal is smooth with slight disturbances.","The path is characterised by a decreasing trend and approaches a specific value by exponential decay. For the most part, the signal is smooth with slight disturbances.",y,y,y,
685,7,sushi:noisy\02\0000004,noisy,positive-and-negative spike,"Besides, the signal is interrupted sporadically by large positive and negative spikes.","The trajectory is experiencing a constant linear decrease. Besides, the signal is interrupted sporadically by large positive and negative spikes.",y,y,y,noisy→±spike close pair; 'large' magnitude distinguishes discrete spikes from dense noise — kept y
686,7,sushi:p_spike\12\0000001,positive spike,noisy,"A significant amount of noise permeates the signal, in addition.","Starting with a dip, increasing at the midpoint and finally dipping again, the trend is akin to the curve of a negative cubic function. This forms an S-shape rotated by 90 degrees. A significant amount of noise permeates the signal, in addition.",y,y,y,permeates' = pervasive; false for sporadic-spike truth — kept y
687,7,sushi:smooth\24\0000007,smooth,step,"Notably, the signal is characterised by large step changes at various points.","Like a triangular wave, the signal discloses a regular rhythm that is constantly echoed. Notably, the signal is characterised by large step changes at various points.",y,y,y,
688,7,sushi:smooth\21\0000002,smooth,negative spike,"Considerable negative spikes mark the signal at different points, additionally.","A periodic pattern, similar to a square wave, is what the signal shows. Considerable negative spikes mark the signal at different points, additionally.",y,y,y,"square-wave trend has persistent level drops, not reverting spikes — distinguishable, kept y"
689,7,sushi:smooth\24\0000002,smooth,positive spike,Frequent positive spikes are found in the signal.,"The signal shows a sequence repeating regularly, akin to a triangular wave. Frequent positive spikes are found in the signal.",y,y,y,"hesitation: no magnitude, and triangular-wave peaks recur; but 'spikes' = transient impulses distinct from the smooth triangle — kept y"
690,7,sushi:noisy\01\0000008,noisy,smooth,Minor interruptions remain in the smooth signal.,The trajectory is on a linear rise. Minor interruptions remain in the smooth signal.,y,y,y,
691,7,sushi:pn_spike\13\0000004,positive-and-negative spike,noisy,"A significant amount of noise is interspersed within the signal, in addition.","Ascending then descending, the movement corresponds to a Gaussian function, aligning to a constant. A significant amount of noise is interspersed within the signal, in addition.",y,y,n,significant noise interspersed' — scattered wording plausibly describes sporadic ±spikes — not clearly false
692,7,sushi:p_spike\12\0000000,positive spike,negative spike,"Additionally, the signal is laced with considerable amounts of negative spikes.","Declining, peaking, and declining, the pattern follows a negative cubic function's path and creates a rotated 90-degree S-shape. Additionally, the signal is laced with considerable amounts of negative spikes.",y,y,y,
693,7,sushi:smooth\11\0000008,smooth,positive spike,"Large positive spikes frequently taint the signal, besides.","The sequence is reminiscent of a positive cubic function's path, starting with an increase, followed by a decrease in the middle, and ending with another increase. This forms an inverted S-shape, rotated by 90 degrees. Large positive spikes frequently taint the signal, besides.",y,y,y,
694,7,sushi:p_spike\07\0000009,positive spike,smooth,"Mainly, the signal shows a smooth pattern with slight irregularities.","The trend approaches a value by exponential decay. Mainly, the signal shows a smooth pattern with slight irregularities.",y,y,y,
695,7,sushi:p_spike\02\0000003,positive spike,positive-and-negative spike,"Additionally, there are large positive and negative spikes throughout the signal.","The trajectory consistently shows a linear decline. Additionally, there are large positive and negative spikes throughout the signal.",y,y,y,claims both polarities; truth positive-only — false
696,7,sushi:p_spike\08\0000007,positive spike,step,Large step changes are throughout the signal.,"With an increase in inverted exponential decay, the trend is approaching saturation. Large step changes are throughout the signal.",y,y,y,
697,7,sushi:n_spike\07\0000003,negative spike,noisy,Intermittent noise is in the signal.,The phase is indicated by a decreasing trend and edges towards a specific value by exponential decay. Intermittent noise is in the signal.,y,n,n,Intermittent noise is in the signal' — no magnitude: doesn't pin noisy class (q2); sporadic negative spikes make it not clearly false (q3)
698,7,sushi:pn_spike\20\0000007,positive-and-negative spike,negative spike,Large negative spikes separate the signal.,"The signal, comparable to a sinusoidal wave, exhibits a pattern that repeats rhythmically. Large negative spikes separate the signal.",y,y,n,"truth ±spikes DOES contain large negative spikes — claim still true (subset). q1: 'spikes separate the signal' odd collocation, still parses"
699,7,sushi:n_spike\22\0000000,negative spike,positive spike,Positive spikes are displayed within the signal.,"Unveiling a cyclical pattern, the signal recurs at regular intervals, reminiscent of a sawtooth wave. Positive spikes are displayed within the signal.",y,y,y,"no magnitude but polarity decides: truth negative-only, positive spikes absent — false"
700,7,sushi:noisy\24\0000008,noisy,smooth,Minor noise is in the smooth signal.,The signal systematically repeats a pattern similar to a triangular wave. Minor noise is in the smooth signal.,y,y,y,
701,8,sushi:pn_spike\04\0000004,positive-and-negative spike,step,"Furthermore, the signal is sporadically interrupted by large step changes throughout.","The trajectory follows a convex curve similar to a quadratic function, initially descending and then ascending. Furthermore, the signal is sporadically interrupted by large step changes throughout.",y,y,y,
702,8,sushi:step\09\0000009,step,noisy,"Considerable amounts of noise infiltrate the signal, furthermore.","The direction exhibits an ascending trend, akin to a sigmoid curve, reaching a value, with a declining growth speed. Considerable amounts of noise infiltrate the signal, furthermore.",y,y,y,
703,8,sushi:noisy\24\0000007,noisy,negative spike,"Besides, the signal is spotted with considerable amounts of negative spikes.","The signal presents a repeating pattern that's comparable to a triangular wave. Besides, the signal is spotted with considerable amounts of negative spikes.",y,y,y,noisy→negative spike: 'considerable amounts of negative spikes' — magnitude distinguishes from bidirectional jitter; kept y
704,8,sushi:smooth\06\0000001,smooth,positive spike,"Large positive spikes are throughout the signal, additionally.","The progression shows a reducing inverse exponential rise, characterised by a steep decline at the culmination. Large positive spikes are throughout the signal, additionally.",y,y,y,
705,8,sushi:p_spike\24\0000007,positive spike,smooth,Slight noise remains in the smooth signal.,The signal reflects a rhythm that's akin to a triangular wave. Slight noise remains in the smooth signal.,y,y,y,
706,8,sushi:p_spike\00\0000004,positive spike,positive-and-negative spike,"Both large positive and negative spikes fill the signal, significantly.","The trend stays unaltered, with no divergence from a specific value. Both large positive and negative spikes fill the signal, significantly.",y,y,y,"claims both polarities; truth has only positive spikes — negatives absent, so false; ok"
707,8,sushi:n_spike\08\0000007,negative spike,step,"Additionally, there are large step changes throughout the signal.","The trend shows increasing inverse decay as it converges towards saturation. Additionally, there are large step changes throughout the signal.",y,y,y,
708,8,sushi:p_spike\07\0000009,positive spike,negative spike,"Considerable negative spikes mark the signal at different points, additionally.","The trend approaches a value by exponential decay. Considerable negative spikes mark the signal at different points, additionally.",y,y,y,
709,8,sushi:noisy\01\0000002,noisy,positive spike,"Additionally, the signal is sporadically punctuated with sizeable positive spikes.","The series observes linear elevation. Additionally, the signal is sporadically punctuated with sizeable positive spikes.",y,y,y,noisy→positive spike: 'sizeable' magnitude distinguishes from noise; kept y
710,8,sushi:noisy\01\0000002,noisy,smooth,"Generally, the signal demonstrates a smooth trend with minor disturbances.","The series observes linear elevation. Generally, the signal demonstrates a smooth trend with minor disturbances.",y,y,y,
711,8,sushi:p_spike\14\0000009,positive spike,noisy,The signal has high levels of noise.,"Following an inverted Gaussian function, the trend initially descends then ascends, with both ends converging to a value. The signal has high levels of noise.",y,y,n,q3: 'has high levels of noise' vs positive-spike truth — no pervasiveness cue; sporadic large spikes could read as high levels of noise; not clearly false
712,8,sushi:smooth\05\0000004,smooth,step,"Additionally, the signal contains a high number of step changes.","The trend is recognised by an exponential increase, with a sharp ascent towards the peak. Additionally, the signal contains a high number of step changes.",y,y,y,
713,8,sushi:p_spike\00\0000007,positive spike,negative spike,"Besides, the signal is interrupted sporadically by large negative spikes.","The trend stays constant, no alterations from the value. Besides, the signal is interrupted sporadically by large negative spikes.",y,y,y,
714,8,sushi:smooth\09\0000006,smooth,positive spike,"Large positive spikes are throughout the signal, additionally.","Like the sigmoid curve that generates an S-shape, the trend manifests a monotonous increasing pattern, with its rate of increase gradually subsiding and eventually approaching a constant value. Large positive spikes are throughout the signal, additionally.",y,y,y,
715,8,sushi:p_spike\14\0000005,positive spike,smooth,"For the most part, the signal is smooth with slight disturbances.","The course models a flipped Gaussian function, starting with a decline then incline, both ends equalizing at a constant. For the most part, the signal is smooth with slight disturbances.",y,y,y,
716,8,sushi:smooth\03\0000005,smooth,positive-and-negative spike,"Correspondingly, the signal is riddled with sporadic large positive and negative spikes.","Direction conforms to a concave curvature, initially rising and falling. Correspondingly, the signal is riddled with sporadic large positive and negative spikes.",y,y,y,
717,8,sushi:pn_spike\01\0000001,positive-and-negative spike,noisy,"A significant amount of noise is interspersed within the signal, in addition.","The course represents a continual linear increase. A significant amount of noise is interspersed within the signal, in addition.",y,y,n,q3: 'noise is interspersed' vs ±spike truth — interspersed = scattered; sporadic large ±spikes plausibly read as interspersed noise; not clearly false
718,8,sushi:step\06\0000005,step,negative spike,"Additionally, there are large negative spikes throughout the signal.","The inclination shows decreasing inverse exponential upswing with a downturn. Additionally, there are large negative spikes throughout the signal.",y,y,y,
719,8,sushi:pn_spike\22\0000003,positive-and-negative spike,positive spike,"Also, the signal is filled with sizable positive spikes.","The signal shows a periodic pattern like a sawtooth wave. Also, the signal is filled with sizable positive spikes.",y,y,n,"q3: subset — ±spike truth does contain sizable positive spikes; clause lacks exclusivity, claim still true"
720,8,sushi:pn_spike\06\0000002,positive-and-negative spike,smooth,"Generally speaking, minor disturbances and fluctuations are shown in the smooth signal.","Characterised by a sharp decline towards the end, the pathway exhibits a diminishing inverse exponential multiplier. Generally speaking, minor disturbances and fluctuations are shown in the smooth signal.",y,y,y,
721,8,sushi:n_spike\20\0000008,negative spike,noisy,"Furthermore, the signal is covered by a large amount of noise throughout.","Signal displays a recurring, sine wave-like pattern. Furthermore, the signal is covered by a large amount of noise throughout.",y,y,y,n_spike→noisy: 'covered…throughout' pervasive — distinguishes from sporadic spikes; kept y
722,8,sushi:p_spike\13\0000004,positive spike,step,"Also, there are notable step changes scattered throughout the signal.","The tendency is like a hill, starting with an increase and then a decrease, with both ends at the same level. Also, there are notable step changes scattered throughout the signal.",y,y,y,
723,8,sushi:noisy\00\0000009,noisy,positive-and-negative spike,"Furthermore, large positive and negative spikes appear consistently.","The trend is steady, with no amendments from the predetermined values. Furthermore, large positive and negative spikes appear consistently.",y,y,y,noisy→±spike: 'large' magnitude distinguishes spikes from noise-level fluctuation; kept y
724,8,sushi:smooth\20\0000004,smooth,negative spike,"Additionally, there are large negative spikes throughout the signal.","Signal manifests a periodic, sine wave-like pattern. Additionally, there are large negative spikes throughout the signal.",y,y,y,
725,8,sushi:smooth\22\0000008,smooth,positive spike,"Equally important, the signal is characterised by intermittent positive spikes of considerable magnitude.","Like a sawtooth wave, the signal shows a periodic pattern. Equally important, the signal is characterised by intermittent positive spikes of considerable magnitude.",y,y,y,"smooth(sawtooth)→positive spike: sawtooth's sharp resets are part of the wave, not added impulses; 'considerable magnitude' spikes clearly absent — kept y"
726,8,sushi:pn_spike\02\0000006,positive-and-negative spike,smooth,"Generally, the signal is smooth with minor noise.","The sequence is uniformly decreasing in a linear fashion. Generally, the signal is smooth with minor noise.",y,y,y,
727,8,sushi:smooth\21\0000009,smooth,noisy,"Furthermore, the signal is covered by a large amount of noise throughout.","The signal presents a consistent pattern, similar to a square wave. Furthermore, the signal is covered by a large amount of noise throughout.",y,y,y,
728,8,sushi:n_spike\20\0000004,negative spike,step,"In addition, the signal is separated by step changes of considerable magnitude.","Signal shows a pattern that repeats at regular intervals, comparable to a sine wave. In addition, the signal is separated by step changes of considerable magnitude.",y,y,y,"q1: 'separated by step changes' odd collocation (interrupted intended); grammatical, kept y"
729,8,sushi:smooth\22\0000000,smooth,negative spike,"Also, the signal has sizeable negative spikes at various intervals.","A rhythmic sequence, similar to saw waves, is shown by the signal. Also, the signal has sizeable negative spikes at various intervals.",y,y,y,
730,8,sushi:n_spike\14\0000006,negative spike,positive spike,The signal contains frequent positive spikes.,"The trend, tracing the path of an inverted Gaussian function, descends first and then ascends, with both ends ultimately settling at a constant value. The signal contains frequent positive spikes.",y,y,y,
731,8,sushi:p_spike\06\0000002,positive spike,smooth,"Mainly, the signal shows a smooth pattern with slight irregularities.","The flow shows a decreasing inverse exponential enhancement, characterised by a steep plunge at the finish. Mainly, the signal shows a smooth pattern with slight irregularities.",y,y,y,
732,8,sushi:p_spike\21\0000001,positive spike,noisy,"Substantial noise plagues the signal throughout, additionally.","Like a square wave, the signal shows a periodic pattern. Substantial noise plagues the signal throughout, additionally.",y,y,y,p_spike→noisy: 'plagues…throughout' pervasive — distinguishes from sporadic spikes; kept y
733,8,sushi:smooth\10\0000007,smooth,step,"In addition, the signal is separated by step changes of considerable magnitude.","Comparable to an inverse sigmoid curve with a mirrored S-shape, the direction presents a steadily declining trend, with its rate of descent gradually decelerating, eventually approaching a fixed value. In addition, the signal is separated by step changes of considerable magnitude.",y,y,y,"q1: 'separated by step changes' odd collocation; grammatical, kept y"
734,8,sushi:step\08\0000005,step,positive-and-negative spike,"Also, the signal scatters sizable positive and negative spikes.","The course is on the path to saturation due to the burgeoning inverse exponential decay. Also, the signal scatters sizable positive and negative spikes.",y,y,y,"q1: 'the signal scatters sizable…spikes' odd transitive use; grammatical, kept y"
735,8,sushi:pn_spike\04\0000004,positive-and-negative spike,negative spike,"Additionally, the signal is laced with considerable amounts of negative spikes.","The trajectory follows a convex curve similar to a quadratic function, initially descending and then ascending. Additionally, the signal is laced with considerable amounts of negative spikes.",y,y,n,"q3: subset — ±spike truth does contain considerable negative spikes; clause lacks exclusivity, claim still true"
736,8,sushi:step\03\0000004,step,positive spike,The signal contains frequent positive spikes.,"The pattern mimics a concave curve, initially rising and falling. The signal contains frequent positive spikes.",y,y,y,"step→positive spike: no magnitude, but steps persist vs spikes revert — class-distinguishing; kept y"
737,8,sushi:n_spike\24\0000000,negative spike,smooth,Minor noise is in the smooth signal.,"Presenting a regular rhythm, the signal is like a triangular wave. Minor noise is in the smooth signal.",y,y,y,
738,8,sushi:n_spike\13\0000008,negative spike,noisy,"Substantial noise plagues the signal throughout, additionally.","The pattern tracks the path of a Gaussian function, first increasing and then decreasing, with both extremities finally balancing at a constant figure. Substantial noise plagues the signal throughout, additionally.",y,y,y,n_spike→noisy: 'plagues…throughout' pervasive — distinguishes from sporadic spikes; kept y
739,8,sushi:p_spike\10\0000008,positive spike,negative spike,Large negative spikes separate the signal.,"The direction is steadily going down, like an upside-down S-curve, and it's starting to slow down as it gets closer to a certain value. Large negative spikes separate the signal.",y,y,y,"q1: 'Large negative spikes separate the signal' odd collocation; grammatical, kept y"
740,8,sushi:smooth\10\0000005,smooth,positive spike,"Large positive spikes saturate the signal, furthermore.","Comparable to an inverted sigmoid curve, the direction illustrates a decreasing trend, its descent decelerating, approaching a value. Large positive spikes saturate the signal, furthermore.",y,y,y,
741,8,sushi:p_spike\01\0000004,positive spike,smooth,Minor noise is in the smooth signal.,The pattern is linearly increasing in a consistent manner. Minor noise is in the smooth signal.,y,y,y,
742,8,sushi:p_spike\03\0000002,positive spike,step,"Notably, the signal is characterised by large step changes at various points.","The movement follows a concave curve, just like a quadratic function, initially rising and then dropping. Notably, the signal is characterised by large step changes at various points.",y,y,y,
743,8,sushi:pn_spike\02\0000006,positive-and-negative spike,noisy,"Considerable amounts of noise infiltrate the signal, furthermore.","The sequence is uniformly decreasing in a linear fashion. Considerable amounts of noise infiltrate the signal, furthermore.",y,y,y,pn_spike→noisy: 'infiltrate' leans pervasive (spreads through signal) — distinguishes from sporadic spikes; kept y with slight hesitation
744,8,sushi:n_spike\21\0000004,negative spike,positive-and-negative spike,Also noteworthy is the signal's consistent display of large positive and negative spikes.,"Analogous to a square wave, the signal manifests a pattern that resonates rhythmically at regular intervals. Also noteworthy is the signal's consistent display of large positive and negative spikes.",y,y,y,
745,8,sushi:pn_spike\05\0000007,positive-and-negative spike,negative spike,"Equally important, the signal is characterised by intermittent negative spikes of considerable magnitude.","The trajectory's exponential escalation leads to a sharp culmination ascent. Equally important, the signal is characterised by intermittent negative spikes of considerable magnitude.",y,y,n,q3: subset — ±spike truth does contain intermittent considerable negative spikes; claim still true
746,8,sushi:pn_spike\07\0000001,positive-and-negative spike,positive spike,"Frequent positive spikes of significant magnitude are in the signal, moreover.","The path is characterised by a decreasing trend and approaches a specific value by exponential decay. Frequent positive spikes of significant magnitude are in the signal, moreover.",y,y,n,q3: subset — ±spike truth does contain frequent significant positive spikes; claim still true
747,8,sushi:step\21\0000004,step,smooth,"In general, the signal is smooth with slight spikes.","The signal shows a rhythmic pattern, similar to a square wave, that recurs at regular intervals. In general, the signal is smooth with slight spikes.",y,y,y,
748,8,sushi:p_spike\07\0000009,positive spike,step,"Additionally, the signal contains a high number of step changes.","The trend approaches a value by exponential decay. Additionally, the signal contains a high number of step changes.",y,y,y,
749,8,sushi:n_spike\08\0000007,negative spike,noisy,"A large amount of noise saturates the signal, furthermore.","The trend shows increasing inverse decay as it converges towards saturation. A large amount of noise saturates the signal, furthermore.",y,y,y,n_spike→noisy: 'saturates' pervasive — distinguishes from sporadic spikes; kept y
750,8,sushi:pn_spike\22\0000003,positive-and-negative spike,negative spike,"Additionally, there are large negative spikes throughout the signal.","The signal shows a periodic pattern like a sawtooth wave. Additionally, there are large negative spikes throughout the signal.",y,y,n,"q3: subset — ±spike truth does contain large negative spikes; clause lacks exclusivity, claim still true"
751,8,sushi:pn_spike\02\0000006,positive-and-negative spike,positive spike,Frequent positive spikes are found in the signal.,The sequence is uniformly decreasing in a linear fashion. Frequent positive spikes are found in the signal.,y,y,n,true class ±spikes does contain frequent positive spikes; clause lacks exclusivity — claim still true (subset problem)
752,8,sushi:pn_spike\20\0000001,positive-and-negative spike,smooth,"Generally, the signal is smooth with minor noise.","The signal, similar to a sine wave, shows a repeating periodic pattern. Generally, the signal is smooth with minor noise.",y,y,y,
753,8,sushi:pn_spike\11\0000008,positive-and-negative spike,step,"Equally important, the signal is characterised by intermittent large step changes.","The sequence parallels the curve of a positive cubic function, starting with an increase, followed by a decrease in the middle, and ending with an increase. This forms a reflected S-shape, rotated by 90 degrees. Equally important, the signal is characterised by intermittent large step changes.",y,y,y,
754,8,sushi:p_spike\07\0000009,positive spike,noisy,"A considerable amount of noise litters the signal, in addition.","The trend approaches a value by exponential decay. A considerable amount of noise litters the signal, in addition.",y,y,n,litters' = scattered noise; sporadic large positive spikes plausibly read as scattered considerable noise — doesn't cleanly distinguish
755,8,sushi:n_spike\00\0000001,negative spike,positive-and-negative spike,Also noteworthy is the signal's consistent display of large positive and negative spikes.,"Trend unwavering, no modifications from values. Also noteworthy is the signal's consistent display of large positive and negative spikes.",y,y,y,"claims both polarities; truth has only negative spikes — false. Retained trend clause 'Trend unwavering, no modifications from values.' is awkward (not swap-related)"
756,8,sushi:noisy\22\0000004,noisy,negative spike,"Also, the signal is interspersed with significant negative spikes.","Replicating at regular intervals, the signal shows a rhythmic pattern similar to saw waves. Also, the signal is interspersed with significant negative spikes.",y,y,y,noisy→n_spike: 'interspersed with significant negative spikes' — magnitude + single polarity distinguishes from bidirectional noise — kept y
757,8,sushi:n_spike\13\0000008,negative spike,positive spike,Positive spikes are displayed within the signal.,"The pattern tracks the path of a Gaussian function, first increasing and then decreasing, with both extremities finally balancing at a constant figure. Positive spikes are displayed within the signal.",y,y,y,
758,8,sushi:step\10\0000000,step,smooth,"Generally, the signal is smooth with minor spikes.","The progression shows an unbroken decreasing trend, similar to an inverted sigmoid curve with a mirrored S-shape, eventually merging to a constant value, with a gradual deceleration in its rate of decrease. Generally, the signal is smooth with minor spikes.",y,y,y,
759,8,sushi:smooth\03\0000009,smooth,noisy,"Correspondingly, the signal is contaminated with significant noise.","The progression, mimicking a concave curve identical to a quadratic function, initially ascends and then descends. Correspondingly, the signal is contaminated with significant noise.",y,y,y,
760,8,sushi:smooth\02\0000000,smooth,step,Large step changes are in the signal.,The decline in the trend is uniform. Large step changes are in the signal.,y,y,y,
761,8,sushi:step\13\0000008,step,negative spike,"Also, the signal is interspersed with significant negative spikes.","The development is consistent with a Gaussian function, initially rising and subsequently descending, and both ends finally equal to a constant. Also, the signal is interspersed with significant negative spikes.",y,y,y,
762,8,sushi:noisy\03\0000004,noisy,positive spike,"Frequent positive spikes of significant magnitude are in the signal, moreover.","The trend mimics a concave curve, initially rising and falling. Frequent positive spikes of significant magnitude are in the signal, moreover.",y,y,y,noisy→p_spike: 'significant magnitude' distinguishes from noise — kept y
763,8,sushi:p_spike\22\0000005,positive spike,smooth,"Generally, the signal is smooth with minor spikes.","The signal demonstrates a pattern that perpetually reiterates at regular intervals, like a sawtooth wave. Generally, the signal is smooth with minor spikes.",y,y,y,smooth with minor spikes' vs large-positive-spike truth: magnitude contradicts — ok
764,8,sushi:step\10\0000000,step,noisy,"Considerable amounts of noise fill the signal, also.","The progression shows an unbroken decreasing trend, similar to an inverted sigmoid curve with a mirrored S-shape, eventually merging to a constant value, with a gradual deceleration in its rate of decrease. Considerable amounts of noise fill the signal, also.",y,y,y,
765,8,sushi:step\08\0000004,step,positive-and-negative spike,"Furthermore, large positive and negative spikes appear consistently.","The trajectory is nearing saturation through the rise of inverse exponential decay. Furthermore, large positive and negative spikes appear consistently.",y,y,y,
766,8,sushi:pn_spike\09\0000004,positive-and-negative spike,negative spike,"Additionally, the signal is laced with considerable amounts of negative spikes.","The path reflects a continuous increase, similar to a sigmoid curve, approaching a value, with a slowing rate of acceleration. Additionally, the signal is laced with considerable amounts of negative spikes.",y,y,n,true class ±spikes does contain considerable negative spikes; clause lacks exclusivity — claim still true (subset problem)
767,8,sushi:pn_spike\04\0000003,positive-and-negative spike,positive spike,"Frequent positive spikes of significant magnitude are in the signal, moreover.","Like a convex curve, the direction initially decreases and increases. Frequent positive spikes of significant magnitude are in the signal, moreover.",y,y,n,true class ±spikes does contain frequent positive spikes of significant magnitude — claim still true (subset problem)
768,8,sushi:step\08\0000004,step,smooth,"Generally, the signal is smooth with minor disturbances.","The trajectory is nearing saturation through the rise of inverse exponential decay. Generally, the signal is smooth with minor disturbances.",y,y,y,
769,8,sushi:n_spike\07\0000003,negative spike,step,Signal frequently shows large step changes.,The phase is indicated by a decreasing trend and edges towards a specific value by exponential decay. Signal frequently shows large step changes.,y,y,y,q1: 'Signal frequently shows...' missing article — telegraphic but readable
770,8,sushi:p_spike\20\0000008,positive spike,noisy,"Additionally, the signal is plagued by substantial noise throughout.","The signal is showing a periodic pattern that repeats at regular intervals, like a sinusoidal wave. Additionally, the signal is plagued by substantial noise throughout.",y,y,y,p_spike→noisy: 'plagued...throughout' pervasive claim false for sporadic spikes — kept y
771,8,sushi:noisy\23\0000009,noisy,negative spike,The signal contains negative spikes.,The signal shows a rhythmic tendency similar to an inverse sawtooth wave. The signal contains negative spikes.,y,y,y,"noisy→n_spike with no magnitude ('contains negative spikes'); 'spikes' still implies discrete impulses vs continuous jitter — kept y, hesitation"
772,8,sushi:n_spike\24\0000000,negative spike,positive spike,Positive spikes are found within the signal.,"Presenting a regular rhythm, the signal is like a triangular wave. Positive spikes are found within the signal.",y,y,y,
773,8,sushi:step\02\0000001,step,smooth,"In general, the signal is smooth with slight spikes.","The trend is linearly decreasing at a constant rate. In general, the signal is smooth with slight spikes.",y,y,y,
774,8,sushi:noisy\01\0000002,noisy,step,"Additionally, the signal contains a high number of step changes.","The series observes linear elevation. Additionally, the signal contains a high number of step changes.",y,y,y,
775,8,sushi:p_spike\03\0000002,positive spike,positive-and-negative spike,"Correspondingly, the signal is riddled with sporadic large positive and negative spikes.","The movement follows a concave curve, just like a quadratic function, initially rising and then dropping. Correspondingly, the signal is riddled with sporadic large positive and negative spikes.",y,y,y,"claims negative spikes absent from positive-only truth — false, ok"
776,8,sushi:step\02\0000006,step,noisy,Noise pervades throughout the signal.,The decline is steady in the trend. Noise pervades throughout the signal.,y,y,y,"step→noisy: 'Noise pervades throughout' has no magnitude, but strong pervasiveness claim is false for a clean step signal — kept y, hesitation"
777,8,sushi:noisy\05\0000001,noisy,negative spike,"Also, the signal has sizeable negative spikes at various intervals.","The trajectory is known for its exponential escalation, leading to a sharp increase at the culmination. Also, the signal has sizeable negative spikes at various intervals.",y,y,y,noisy→n_spike: 'sizeable' magnitude + single polarity distinguishes — kept y
778,8,sushi:n_spike\11\0000008,negative spike,positive spike,"Large positive spikes saturate the signal, furthermore.","The pathway follows the curve of a positive cubic function, initially escalating, then declining in the middle, and finally escalating once more. This results in a mirrored S-shape that's been rotated by 90 degrees. Large positive spikes saturate the signal, furthermore.",y,y,y,
779,8,sushi:p_spike\01\0000007,positive spike,smooth,"Mainly, the signal shows a smooth pattern with slight irregularities.","Steady escalation is observed in the trend. Mainly, the signal shows a smooth pattern with slight irregularities.",y,y,y,
780,8,sushi:pn_spike\12\0000006,positive-and-negative spike,step,"Additionally, there are large step changes throughout the signal.","The motion reflects a negative cubic function, starting with a decline, then a rise, and finally a fall. This forms a 90-degree rotated S-shape. Additionally, there are large step changes throughout the signal.",y,y,y,
781,8,sushi:smooth\13\0000001,smooth,noisy,"A significant amount of noise is interspersed within the signal, in addition.","The sequence echoes a Gaussian function, on the rise then decline, balancing at a constant value. A significant amount of noise is interspersed within the signal, in addition.",y,y,y,smooth→noisy: 'significant' magnitude contradicts slight-noise-only truth; 'interspersed' rule not needed for smooth truths — ok
782,8,sushi:noisy\09\0000009,noisy,negative spike,"Considerable negative spikes mark the signal at different points, additionally.","The trend is consistently going up, like an S-shaped curve, and it slowly starts to level off at a certain point. Considerable negative spikes mark the signal at different points, additionally.",y,y,y,noisy→n_spike: 'considerable' magnitude distinguishes — kept y
783,8,sushi:step\06\0000005,step,positive spike,"Additionally, the signal is scattered with large positive spikes.","The inclination shows decreasing inverse exponential upswing with a downturn. Additionally, the signal is scattered with large positive spikes.",y,y,y,
784,8,sushi:step\13\0000008,step,smooth,"Mainly, minor noise is observed in the smooth signal.","The development is consistent with a Gaussian function, initially rising and subsequently descending, and both ends finally equal to a constant. Mainly, minor noise is observed in the smooth signal.",y,y,y,
785,8,sushi:noisy\23\0000007,noisy,positive-and-negative spike,"Besides, the signal is interrupted sporadically by large positive and negative spikes.","The signal demonstrates a repeating rhythm at regular intervals, comparable to an inverse sawtooth wave. Besides, the signal is interrupted sporadically by large positive and negative spikes.",y,y,y,noisy→±spike close pair; 'large' magnitude distinguishes spikes from noise excursions — kept y
786,8,sushi:noisy\07\0000006,noisy,step,"Furthermore, the signal is sporadically interrupted by large step changes throughout.","A value is inclined to by the tendency through exponential decay. Furthermore, the signal is sporadically interrupted by large step changes throughout.",y,y,y,"q1: retained trend clause 'A value is inclined to by the tendency' is tortured passive (present in both captions, not swap-related)"
787,8,sushi:step\02\0000001,step,negative spike,"Additionally, there are large negative spikes throughout the signal.","The trend is linearly decreasing at a constant rate. Additionally, there are large negative spikes throughout the signal.",y,y,y,
788,8,sushi:smooth\20\0000000,smooth,positive spike,"Furthermore, the signal is riddled with large positive spikes at various intervals.","The signal, akin to a sinusoidal wave, demonstrates a pattern that reoccurs at regular intervals. Furthermore, the signal is riddled with large positive spikes at various intervals.",y,y,y,
789,8,sushi:noisy\22\0000001,noisy,smooth,Minor noise is in the smooth signal.,"A periodic pattern, similar to a sawtooth wave, is reflected by the signal. Minor noise is in the smooth signal.",y,y,y,
790,8,sushi:n_spike\08\0000001,negative spike,noisy,"In the same vein, the signal is smeared with high levels of noise.","Amplifying inverse decay, the trend nears saturation. In the same vein, the signal is smeared with high levels of noise.",y,y,y,"n_spike→noisy: 'smeared with high levels' — smeared leans pervasive/coating, distinguishes from sporadic spikes — kept y"
791,8,sushi:smooth\08\0000003,smooth,negative spike,"Moreover, the signal is characterized by frequent negative spikes of large magnitude.","Escalating inverse exponential decay is making the trend near saturation. Moreover, the signal is characterized by frequent negative spikes of large magnitude.",y,y,y,
792,8,sushi:step\07\0000009,step,positive spike,"Large positive spikes saturate the signal, furthermore.","Trajectories decrease and approach a specific value via exponential decay. Large positive spikes saturate the signal, furthermore.",y,y,y,
793,8,sushi:pn_spike\04\0000003,positive-and-negative spike,smooth,"For the most part, the signal is smooth with slight disturbances.","Like a convex curve, the direction initially decreases and increases. For the most part, the signal is smooth with slight disturbances.",y,y,y,
794,8,sushi:smooth\11\0000008,smooth,noisy,"Considerable amounts of noise fill the signal, also.","The sequence is reminiscent of a positive cubic function's path, starting with an increase, followed by a decrease in the middle, and ending with another increase. This forms an inverted S-shape, rotated by 90 degrees. Considerable amounts of noise fill the signal, also.",y,y,y,
795,8,sushi:p_spike\10\0000008,positive spike,step,Large step changes mark the signal.,"The direction is steadily going down, like an upside-down S-curve, and it's starting to slow down as it gets closer to a certain value. Large step changes mark the signal.",y,y,y,
796,8,sushi:noisy\08\0000004,noisy,positive-and-negative spike,"Correspondingly, the signal is riddled with sporadic large positive and negative spikes.","The trajectory is being moved towards saturation by increasing inverse decay. Correspondingly, the signal is riddled with sporadic large positive and negative spikes.",y,y,y,noisy→±spike close pair; 'sporadic large' distinguishes — kept y
797,8,sushi:p_spike\03\0000002,positive spike,negative spike,"Moreover, the signal is characterized by frequent negative spikes of large magnitude.","The movement follows a concave curve, just like a quadratic function, initially rising and then dropping. Moreover, the signal is characterized by frequent negative spikes of large magnitude.",y,y,y,
798,8,sushi:pn_spike\10\0000008,positive-and-negative spike,positive spike,"Frequent positive spikes of significant magnitude are in the signal, moreover.","The path is always going down like an upside-down S-curve, and it's starting to slow down as it gets close to a certain point. Frequent positive spikes of significant magnitude are in the signal, moreover.",y,y,n,true class ±spikes does contain frequent positive spikes of significant magnitude; clause lacks exclusivity — claim still true (subset problem)
799,8,sushi:noisy\07\0000000,noisy,smooth,"Mainly, the signal shows a smooth pattern with slight irregularities.","The metamorphosis is indicated by a decreasing trend and edges towards a specific value by exponential decay. Mainly, the signal shows a smooth pattern with slight irregularities.",y,y,y,
800,8,sushi:step\13\0000002,step,noisy,"Considerable amounts of noise fill the signal, also.","The trend is like a hill, going up first and then coming down, with both ends at the same level. Considerable amounts of noise fill the signal, also.",y,y,y,
801,9,sushi:p_spike\06\0000002,positive spike,step,"Additionally, the signal contains a high number of step changes.","The flow shows a decreasing inverse exponential enhancement, characterised by a steep plunge at the finish. Additionally, the signal contains a high number of step changes.",y,y,y,
802,9,sushi:noisy\10\0000000,noisy,negative spike,The signal contains negative spikes.,"Similar to an inverted S-shaped curve with a mirrored S-shape, the trajectory shows a monotonically decreasing pattern, eventually approaching a certain value, but with a gradual deceleration in its rate of decrease. The signal contains negative spikes.",y,y,y,"noisy→n_spike, no magnitude ('contains negative spikes'): noise jitter has downward excursions, but 'spikes' implies discrete impulses — kept y with hesitation"
803,9,sushi:step\24\0000000,step,positive spike,Positive spikes are found within the signal.,"The signal exhibits a rhythmic tendency to reverberate at regular intervals, similar to a triangular wave. Positive spikes are found within the signal.",y,y,y,"no magnitude, but spikes (transient) vs steps (persistent) still class-distinguishing — kept y"
804,9,sushi:step\12\0000001,step,smooth,"Large part, the signal is smooth with minor interference.","The pattern parallels the curve of a negative cubic function, initially dipping, then surging and finally dipping again. It forms a 90-degree rotated S-shape. Large part, the signal is smooth with minor interference.",n,y,y,"q1: 'Large part, the signal is smooth...' truncated/malformed opener (recurring template defect). Swap claim itself asserts smooth and is false for step truth"
805,9,sushi:n_spike\22\0000000,negative spike,noisy,"Substantial noise plagues the signal throughout, additionally.","Unveiling a cyclical pattern, the signal recurs at regular intervals, reminiscent of a sawtooth wave. Substantial noise plagues the signal throughout, additionally.",y,y,y,plagues throughout' = pervasive noise claim — distinguishes from sporadic negative spikes — kept y
806,9,sushi:n_spike\05\0000007,negative spike,positive-and-negative spike,"In addition, the signal frequently shows positive and negative spikes.","Ending with a sharp climax rise, the trend's progression is exponential. In addition, the signal frequently shows positive and negative spikes.",y,y,y,"claims both polarities; truth has only negative spikes — false, ok (no magnitude but polarity decides)"
807,9,sushi:p_spike\14\0000009,positive spike,step,Large step changes are in the signal.,"Following an inverted Gaussian function, the trend initially descends then ascends, with both ends converging to a value. Large step changes are in the signal.",y,y,y,
808,9,sushi:smooth\05\0000004,smooth,negative spike,"Also, the signal has sizeable negative spikes at various intervals.","The trend is recognised by an exponential increase, with a sharp ascent towards the peak. Also, the signal has sizeable negative spikes at various intervals.",y,y,y,
809,9,sushi:n_spike\23\0000003,negative spike,positive spike,"Additionally, there are large positive spikes throughout the signal.","Signal, similar to a reverse sawtooth wave, shows a regular pattern that reverberates. Additionally, there are large positive spikes throughout the signal.",y,y,y,"q1: retained trend clause 'Signal, similar to...' missing article — telegraphic but parses; not swap-related"
810,9,sushi:noisy\04\0000000,noisy,smooth,Minor interruptions remain in the smooth signal.,"First descending, then rising rapidly, the route follows a convex curve, like a quadratic function. Minor interruptions remain in the smooth signal.",y,y,y,
811,9,sushi:step\08\0000005,step,noisy,"Additionally, the signal is plagued by substantial noise throughout.","The course is on the path to saturation due to the burgeoning inverse exponential decay. Additionally, the signal is plagued by substantial noise throughout.",y,y,y,
812,9,sushi:n_spike\10\0000002,negative spike,step,Large step changes consistently appear in signal.,"The direction shows a decreasing pattern, similar to an inverse sigmoid curve, with its contraction slowing down, finally merging towards a value. Large step changes consistently appear in signal.",y,y,y,q1: 'consistently appear in signal' missing article — telegraphic but parses
813,9,sushi:noisy\05\0000006,noisy,negative spike,"Equally important, the signal is characterised by intermittent negative spikes of considerable magnitude.","The course is characterised by exponential undulation, culminating in a sharp rise towards the conclusion. Equally important, the signal is characterised by intermittent negative spikes of considerable magnitude.",y,y,y,noisy→n_spike with magnitude ('considerable') — distinguishes spikes from noise jitter — kept y
814,9,sushi:noisy\12\0000006,noisy,positive spike,Positive spikes appear throughout the signal.,"The progression reflects a negative cubic function's graph, dipping, surging, and dipping. It forms a rotated 90-degree S-shape. Positive spikes appear throughout the signal.",y,y,y,"noisy→p_spike, no magnitude + 'throughout': noise's upward excursions could loosely fit, but 'spikes' implies discrete impulses — kept y with hesitation"
815,9,sushi:noisy\23\0000007,noisy,smooth,"Generally speaking, the signal is smooth, showing only minor disturbances and fluctuations.","The signal demonstrates a repeating rhythm at regular intervals, comparable to an inverse sawtooth wave. Generally speaking, the signal is smooth, showing only minor disturbances and fluctuations.",y,y,y,
816,9,sushi:pn_spike\06\0000000,positive-and-negative spike,noisy,"Additionally, there is a large amount of noise throughout the signal.","The direction shows decreasing inverse exponential development with a depression. Additionally, there is a large amount of noise throughout the signal.",y,y,y,large amount of noise throughout' = pervasive — distinguishes from sporadic ±spikes — kept y
817,9,sushi:smooth\08\0000003,smooth,positive-and-negative spike,"Correspondingly, the signal is riddled with sporadic large positive and negative spikes.","Escalating inverse exponential decay is making the trend near saturation. Correspondingly, the signal is riddled with sporadic large positive and negative spikes.",y,y,y,
818,9,sushi:noisy\07\0000006,noisy,negative spike,"Additionally, the signal is laced with considerable amounts of negative spikes.","A value is inclined to by the tendency through exponential decay. Additionally, the signal is laced with considerable amounts of negative spikes.",y,y,y,noisy→n_spike with magnitude ('considerable') — kept y
819,9,sushi:smooth\22\0000000,smooth,positive spike,"Also, the signal frequently exhibits positive spikes of noticeable size.","A rhythmic sequence, similar to saw waves, is shown by the signal. Also, the signal frequently exhibits positive spikes of noticeable size.",y,y,y,
820,9,sushi:p_spike\24\0000005,positive spike,smooth,"Generally, the signal demonstrates a smooth trend with minor disturbances.","The signal, mirroring a triangular wave, presents a rhythm that is regularly replicated. Generally, the signal demonstrates a smooth trend with minor disturbances.",y,y,y,
821,9,sushi:n_spike\07\0000006,negative spike,step,Large step changes are throughout the signal.,Process defined by decrease targets a certain value via exponential decay. Large step changes are throughout the signal.,y,y,y,
822,9,sushi:smooth\21\0000002,smooth,noisy,"A considerable amount of noise litters the signal, in addition.","A periodic pattern, similar to a square wave, is what the signal shows. A considerable amount of noise litters the signal, in addition.",y,y,y,"smooth→noisy: 'considerable... litters' contradicts slight-noise-only smooth truth — false, ok (litters-blur rule applies only to spike truths)"
823,9,sushi:pn_spike\21\0000000,positive-and-negative spike,negative spike,"Besides, the signal is speckled with high levels of negative spikes.","Similar to a square wave, the signal displays a repeating pattern. Besides, the signal is speckled with high levels of negative spikes.",y,y,n,true class ±spikes DOES contain high-level negative spikes; clause lacks exclusivity — claim still true (subset problem)
824,9,sushi:pn_spike\05\0000007,positive-and-negative spike,positive spike,"In the same vein, the signal is occasionally interrupted by large positive spikes.","The trajectory's exponential escalation leads to a sharp culmination ascent. In the same vein, the signal is occasionally interrupted by large positive spikes.",y,y,n,±spike truth does contain occasional large positive spikes — claim still true (subset problem)
825,9,sushi:p_spike\04\0000001,positive spike,smooth,Minor noise is in the smooth signal.,"The pattern, similar to a convex curve, initially falls and then rises. Minor noise is in the smooth signal.",y,y,y,
826,9,sushi:noisy\12\0000008,noisy,step,Large step changes mark the signal.,"The trajectory is similar to a negative cubic function's curve, declining, increasing, and declining. It results in a rotated 90-degree S-shape. Large step changes mark the signal.",y,y,y,
827,9,sushi:step\04\0000009,step,noisy,"Correspondingly, the signal is contaminated with significant noise.","Decreasing and increasing, the line is like a convex curve. Correspondingly, the signal is contaminated with significant noise.",y,y,y,step→noisy: 'contaminated' non-pervasive rule applies only to spike truths; clean step levels aren't noise — kept y
828,9,sushi:p_spike\14\0000005,positive spike,positive-and-negative spike,"Additionally, the signal is peppered with large positive and negative spikes.","The course models a flipped Gaussian function, starting with a decline then incline, both ends equalizing at a constant. Additionally, the signal is peppered with large positive and negative spikes.",y,y,y,"claims both polarities; truth has only positive spikes — false, ok"
829,9,sushi:pn_spike\24\0000004,positive-and-negative spike,negative spike,"Additionally, the signal is laced with considerable amounts of negative spikes.","The signal indicates a repeating sequence like a triangular wave. Additionally, the signal is laced with considerable amounts of negative spikes.",y,y,n,±spike truth does contain considerable negative spikes; clause lacks exclusivity — claim still true (subset problem)
830,9,sushi:pn_spike\02\0000009,positive-and-negative spike,positive spike,"Frequent positive spikes of significant magnitude are in the signal, moreover.","The decrease is consistent in the trend. Frequent positive spikes of significant magnitude are in the signal, moreover.",y,y,n,±spike truth does contain frequent significant positive spikes — claim still true (subset problem)
831,9,sushi:n_spike\00\0000005,negative spike,smooth,"Large part, the signal is smooth with minor interference.","The direction is sustained without any alterations from a specific value. Large part, the signal is smooth with minor interference.",n,y,y,"q1: 'Large part, the signal is smooth...' truncated/malformed opener (recurring template defect). Swap claim asserts smooth, false for negative-spike truth"
832,9,sushi:pn_spike\14\0000000,positive-and-negative spike,noisy,"Besides, the signal is sporadically interrupted by large amounts of noise.","The shift is in tune with an inverted Gaussian function, dropping at first and then climbing, with both ends eventually equating to a constant value. Besides, the signal is sporadically interrupted by large amounts of noise.",y,y,n,sporadically interrupted by large amounts of noise' plausibly describes sporadic large ±spikes; non-pervasive noise wording doesn't distinguish the classes
833,9,sushi:p_spike\12\0000000,positive spike,step,"Furthermore, the signal is sporadically interrupted by large step changes throughout.","Declining, peaking, and declining, the pattern follows a negative cubic function's path and creates a rotated 90-degree S-shape. Furthermore, the signal is sporadically interrupted by large step changes throughout.",y,y,y,
834,9,sushi:p_spike\24\0000007,positive spike,negative spike,Negative spikes interrupt the signal.,The signal reflects a rhythm that's akin to a triangular wave. Negative spikes interrupt the signal.,y,y,y,"no magnitude, but polarity decides: truth has only positive spikes, claim asserts negative — false, ok"
835,9,sushi:smooth\02\0000005,smooth,positive spike,Positive spikes are displayed within the signal.,The linear decrease is evident in the trend. Positive spikes are displayed within the signal.,y,y,y,
836,9,sushi:pn_spike\09\0000009,positive-and-negative spike,smooth,"Generally, the signal is smooth with minor noise.","The pattern displays an unbroken upward trajectory, resembling an S-shaped sigmoid curve, eventually nearing a constant value, with a progressively slowing rate of increase. Generally, the signal is smooth with minor noise.",y,y,y,
837,9,sushi:n_spike\08\0000001,negative spike,positive-and-negative spike,"Furthermore, the signal is punctuated by large positive as well as negative spikes.","Amplifying inverse decay, the trend nears saturation. Furthermore, the signal is punctuated by large positive as well as negative spikes.",y,y,y,"claims both polarities; truth has only negative spikes — false, ok"
838,9,sushi:p_spike\13\0000004,positive spike,noisy,"A significant amount of noise permeates the signal, in addition.","The tendency is like a hill, starting with an increase and then a decrease, with both ends at the same level. A significant amount of noise permeates the signal, in addition.",y,y,y,permeates' = pervasive noise claim — distinguishes from sporadic positive spikes — kept y
839,9,sushi:pn_spike\10\0000008,positive-and-negative spike,negative spike,"Besides, the signal is speckled with high levels of negative spikes.","The path is always going down like an upside-down S-curve, and it's starting to slow down as it gets close to a certain point. Besides, the signal is speckled with high levels of negative spikes.",y,y,n,±spike truth does contain high-level negative spikes — claim still true (subset problem)
840,9,sushi:smooth\13\0000001,smooth,positive spike,"In the same vein, the signal is occasionally interrupted by large positive spikes.","The sequence echoes a Gaussian function, on the rise then decline, balancing at a constant value. In the same vein, the signal is occasionally interrupted by large positive spikes.",y,y,y,
841,9,sushi:p_spike\05\0000006,positive spike,smooth,"Mainly, the signal shows a smooth pattern with slight irregularities.","The trend shows exponential increase, with a sharp escalation at the end. Mainly, the signal shows a smooth pattern with slight irregularities.",y,y,y,
842,9,sushi:n_spike\01\0000001,negative spike,step,"Additionally, there are large step changes throughout the signal.","Rising constantly is the pattern. Additionally, there are large step changes throughout the signal.",y,y,y,
843,9,sushi:p_spike\02\0000000,positive spike,noisy,"Considerable amounts of noise fill the signal, also.","The course shows linear descent. Considerable amounts of noise fill the signal, also.",y,y,y,fill' = pervasive noise claim — distinguishes from sporadic positive spikes — kept y
844,9,sushi:pn_spike\11\0000006,positive-and-negative spike,negative spike,"Also, the signal is interspersed with significant negative spikes.","The pattern resembles the trajectory of a positive cubic function, starting with an increase, then a decrease in the middle and finally returning to an upward trend. This forms an inverted, 90-degree rotated S-shape. Also, the signal is interspersed with significant negative spikes.",y,y,n,±spike truth does contain significant negative spikes ('interspersed' fits sporadic spikes too) — claim still true (subset problem)
845,9,sushi:step\22\0000000,step,positive spike,"Large positive spikes frequently taint the signal, besides.","A recurrent pattern, similar to a sawtooth wave, is manifested by the signal. Large positive spikes frequently taint the signal, besides.",y,y,y,
846,9,sushi:noisy\05\0000001,noisy,smooth,"Generally, the signal demonstrates a smooth trend with minor disturbances.","The trajectory is known for its exponential escalation, leading to a sharp increase at the culmination. Generally, the signal demonstrates a smooth trend with minor disturbances.",y,y,y,
847,9,sushi:n_spike\04\0000000,negative spike,step,"Additionally, there are large step changes throughout the signal.","The trajectory follows a convex curve similar to a quadratic function, initially descending and then ascending. Additionally, there are large step changes throughout the signal.",y,y,y,
848,9,sushi:step\00\0000007,step,positive-and-negative spike,"Additionally, there are large positive and negative spikes throughout the signal.","The pattern remains steady without straying from a determined value. Additionally, there are large positive and negative spikes throughout the signal.",y,y,y,
849,9,sushi:step\23\0000003,step,noisy,"Besides, the signal is frequently tainted by considerable noise.","Signal, like a reverse sawtooth wave, shows a rhythmic sequence. Besides, the signal is frequently tainted by considerable noise.",y,y,y,"q1: retained trend clause 'Signal, like a reverse sawtooth wave...' missing article — telegraphic but parses; step→noisy swap itself clean (steps aren't noise)"
850,9,sushi:noisy\13\0000004,noisy,negative spike,Considerable negative spikes are in the signal.,"Firstly ascending and then descending, the pattern follows the shape of a Gaussian function, with both ends eventually becoming a fixed value. Considerable negative spikes are in the signal.",y,y,y,noisy→n_spike with magnitude ('considerable') — kept y
851,9,sushi:step\05\0000009,step,positive spike,"Additionally, the signal is plagued by substantial positive spikes throughout.","The trajectory is known for its exponential escalation, leading to a sharp increase at the culmination. Additionally, the signal is plagued by substantial positive spikes throughout.",y,y,y,
852,9,sushi:n_spike\08\0000007,negative spike,smooth,"In general, the signal is smooth with slight spikes.","The trend shows increasing inverse decay as it converges towards saturation. In general, the signal is smooth with slight spikes.",y,y,y,
853,9,sushi:smooth\12\0000002,smooth,step,Large step changes are evident in the signal.,"The trend resembles a negative cubic function's curve, initially decreasing, increasing mid-way, and finally decreasing. It forms a 90-degree rotated S-shape. Large step changes are evident in the signal.",y,y,y,
854,9,sushi:smooth\07\0000007,smooth,noisy,"A large amount of noise saturates the signal, furthermore.","The pathway is marked by a decrease and is drawn to a specific value by exponential decay. A large amount of noise saturates the signal, furthermore.",y,y,y,
855,9,sushi:step\10\0000007,step,negative spike,Intermittent negative spikes are in the signal.,"The path is consistently falling, like an upside-down S-curve, and it's starting to slow down as it approaches a certain point. Intermittent negative spikes are in the signal.",y,y,y,
856,9,sushi:noisy\06\0000004,noisy,positive spike,Positive spikes interrupt the signal.,Decreasing inverse exponential development with a depression is shown by the direction. Positive spikes interrupt the signal.,y,y,y,"noisy→p_spike, no magnitude ('Positive spikes interrupt'); 'spikes' still implies discrete impulses vs continuous jitter — kept y"
857,9,sushi:pn_spike\13\0000004,positive-and-negative spike,smooth,A smooth pattern with slight interference is generally shown by the signal.,"Ascending then descending, the movement corresponds to a Gaussian function, aligning to a constant. A smooth pattern with slight interference is generally shown by the signal.",y,y,y,
858,9,sushi:noisy\11\0000005,noisy,positive-and-negative spike,"In addition, the signal frequently shows positive and negative spikes.","The sequence mimics the path of a positive cubic function, initially rising, falling in the middle and finally rising again. This constitutes a reflexive, 90-degree rotated S-shape. In addition, the signal frequently shows positive and negative spikes.",y,y,n,noisy→±spike with NO magnitude: 'frequently shows positive and negative spikes' ≈ noise's own frequent bidirectional excursions; can't cleanly tell the classes apart
859,9,sushi:p_spike\05\0000004,positive spike,step,"Also, there are notable step changes scattered throughout the signal.","Ending with a significant end increase, the course is outlined by exponential acceleration. Also, there are notable step changes scattered throughout the signal.",y,y,y,
860,9,sushi:step\24\0000002,step,noisy,Intermittent noise is in the signal.,"Like a triangular wave, the signal presents a regular rhythm. Intermittent noise is in the signal.",y,n,n,"bare 'Intermittent noise is in the signal' — no magnitude: doesn't pin the noisy class (q2), and minor intermittent noise is plausible in any signal so not clearly false for step truth (q3)"
861,9,sushi:pn_spike\07\0000001,positive-and-negative spike,negative spike,"Besides, the signal is speckled with high levels of negative spikes.","The path is characterised by a decreasing trend and approaches a specific value by exponential decay. Besides, the signal is speckled with high levels of negative spikes.",y,y,n,subset: ±spike truth does contain high-level negative spikes; 'speckled with' lacks exclusivity — claim still true
862,9,sushi:n_spike\20\0000004,negative spike,positive spike,"In the same vein, the signal is occasionally interrupted by large positive spikes.","Signal shows a pattern that repeats at regular intervals, comparable to a sine wave. In the same vein, the signal is occasionally interrupted by large positive spikes.",y,y,y,
863,9,sushi:step\22\0000000,step,smooth,"Generally, the signal is smooth with minor spikes.","A recurrent pattern, similar to a sawtooth wave, is manifested by the signal. Generally, the signal is smooth with minor spikes.",y,y,y,
